,App,Category,Content Rating,Genres,Installs,Price,Rating,Reviews,Type
0,350 Diy Room Decor Ideas,ART_AND_DESIGN,Everyone,Art & Design,10000.0,5.99,4.5,27.0,Free
1,3D Color Pixel by Number - Sandbox Art Coloring,ART_AND_DESIGN,Everyone,Art & Design,100000.0,0.0,4.4,1518.0,Free
2,Ai illustrator viewer,ART_AND_DESIGN,Everyone,Art & Design,100000.0,0.0,3.4,486.0,Free
3,AJ Styles HD Wallpapers,ART_AND_DESIGN,Everyone,Art & Design,5000.0,0.0,4.8,48.0,Free
4,AJ Styles Wallpaper 2018 - AJ Styles HD Wallpaper,ART_AND_DESIGN,Everyone,Art & Design,1000.0,0.0,4.0,18.0,Free
5,Animated Photo Editor,ART_AND_DESIGN,Everyone,Art & Design,100000.0,0.0,4.1,203.0,Free
6,Anime Manga Coloring Book,ART_AND_DESIGN,Everyone,Art & Design,100000.0,0.0,4.5,5035.0,Free
7,Art Drawing Ideas,ART_AND_DESIGN,Everyone,Art & Design,50000.0,0.0,4.1,227.0,Free
8,Boys Photo Editor - Six Pack & Men's Suit,ART_AND_DESIGN,Everyone,Art & Design,100000.0,0.0,4.1,654.0,Free
9,"Canva: Poster, banner, card maker & graphic design",ART_AND_DESIGN,Everyone,Art & Design,10000000.0,0.0,4.7,174531.0,Free
10,Cardi B Wallpaper,ART_AND_DESIGN,Everyone,Art & Design,50000.0,0.0,4.8,253.0,Free
11,Colorfit - Drawing & Coloring,ART_AND_DESIGN,Everyone,Art & Design;Creativity,500000.0,0.0,4.7,20260.0,Free
12,Coloring book moana,ART_AND_DESIGN,Everyone,Art & Design;Pretend Play,500000.0,0.0,3.9,967.0,Free
13,Dp for girls,ART_AND_DESIGN,Everyone,Art & Design,50000.0,0.0,4.2,175.0,Free
14,Drawing Clothes Fashion Ideas,ART_AND_DESIGN,Everyone,Art & Design,10000.0,0.0,4.2,117.0,Free
15,Easy DIY CD Craft Ideas,ART_AND_DESIGN,Everyone,Art & Design,5000.0,0.0,,7.0,Free
16,Easy Origami Ideas,ART_AND_DESIGN,Everyone,Art & Design,100000.0,0.0,4.2,1015.0,Free
17,Easy Realistic Drawing Tutorial,ART_AND_DESIGN,Everyone,Art & Design,100000.0,0.0,4.1,223.0,Free
18,Fantasy theme dark bw black building,ART_AND_DESIGN,Everyone,Art & Design,5000.0,0.0,4.8,41.0,Free
19,FlipaClip - Cartoon animation,ART_AND_DESIGN,Everyone,Art & Design,5000000.0,0.0,4.3,194216.0,Free
20,Floor Plan Creator,ART_AND_DESIGN,Everyone,Art & Design,5000000.0,0.0,4.1,36639.0,Free
21,Garden Coloring Book,ART_AND_DESIGN,Everyone,Art & Design,1000000.0,0.0,4.4,13791.0,Free
22,Harley Quinn wallpapers HD,ART_AND_DESIGN,Everyone,Art & Design,10000.0,0.0,4.8,192.0,Free
23,HD Mickey Minnie Wallpapers,ART_AND_DESIGN,Everyone,Art & Design,50000.0,0.0,4.7,118.0,Free
24,How To Color Disney Princess - Coloring Pages,ART_AND_DESIGN,Everyone,Art & Design,500000.0,0.0,4.0,591.0,Free
25,How To Draw Food,ART_AND_DESIGN,Everyone,Art & Design,100000.0,0.0,4.3,845.0,Free
26,How to draw Ladybug and Cat Noir,ART_AND_DESIGN,Everyone,Art & Design,100000.0,0.0,3.8,564.0,Free
27,I Creative Idea,ART_AND_DESIGN,Teen,Art & Design,10000.0,0.0,4.7,353.0,Free
28,ibis Paint X,ART_AND_DESIGN,Everyone,Art & Design,10000000.0,0.0,4.6,224399.0,Free
29,Infinite Painter,ART_AND_DESIGN,Everyone,Art & Design,1000000.0,0.0,4.1,36815.0,Free
30,Install images with music to make video without Net - 2018,ART_AND_DESIGN,Everyone,Art & Design,100000.0,0.0,4.6,1070.0,Free
31,Kids Paint Free - Drawing Fun,ART_AND_DESIGN,Everyone,Art & Design;Creativity,10000.0,0.0,4.7,121.0,Free
32,Learn To Draw Kawaii Characters,ART_AND_DESIGN,Everyone,Art & Design,5000.0,0.0,3.2,55.0,Free
33,Little Teddy Bear Colouring Book Game,ART_AND_DESIGN,Everyone,Art & Design,100000.0,0.0,4.2,85.0,Free
34,Logo Maker - Small Business,ART_AND_DESIGN,Everyone,Art & Design,100000.0,0.0,4.0,450.0,Free
35,Mandala Coloring Book,ART_AND_DESIGN,Everyone,Art & Design,100000.0,0.0,4.6,4326.0,Free
36,Mcqueen Coloring pages,ART_AND_DESIGN,Everyone,Art & Design;Action & Adventure,100000.0,0.0,,61.0,Free
37,Name Art DP - Focus n Filter Text 2018,ART_AND_DESIGN,Everyone,Art & Design,10000.0,0.0,4.3,132.0,Free
38,Name Art Photo Editor - Focus n Filters,ART_AND_DESIGN,Everyone,Art & Design,1000000.0,0.0,4.4,8788.0,Free
39,صور حرف H,ART_AND_DESIGN,Everyone,Art & Design,1000.0,0.0,4.4,13.0,Free
40,Paint Splash!,ART_AND_DESIGN,Everyone,Art & Design;Creativity,100000.0,0.0,3.8,2206.0,Free
41,Paper flowers instructions,ART_AND_DESIGN,Everyone,Art & Design,50000.0,0.0,4.4,167.0,Free
42,Pencil Sketch Drawing,ART_AND_DESIGN,Everyone,Art & Design,10000.0,0.0,3.9,136.0,Free
43,Photo Designer - Write your name with shapes,ART_AND_DESIGN,Everyone,Art & Design,500000.0,0.0,4.7,3632.0,Free
44,Photo Editor & Candy Camera & Grid & ScrapBook,ART_AND_DESIGN,Everyone,Art & Design,10000.0,0.0,4.1,159.0,Free
45,Pink Silver Bow Keyboard Theme,ART_AND_DESIGN,Everyone,Art & Design,100000.0,0.0,4.2,1120.0,Free
46,PIP Camera - PIP Collage Maker,ART_AND_DESIGN,Everyone,Art & Design,10000.0,0.0,4.7,158.0,Free
47,Pixel Draw - Number Art Coloring Book,ART_AND_DESIGN,Everyone,Art & Design;Creativity,100000.0,0.0,4.3,967.0,Free
48,Popsicle Sticks and Similar DIY Craft Ideas,ART_AND_DESIGN,Everyone,Art & Design,10000.0,0.0,4.2,26.0,Free
49,Sad Poetry Photo Frames 2018,ART_AND_DESIGN,Everyone,Art & Design,100000.0,0.0,4.5,176.0,Free
50,Sketch - Draw & Paint,ART_AND_DESIGN,Teen,Art & Design,50000000.0,0.0,4.5,215644.0,Free
51,Smoke Effect Photo Maker - Smoke Editor,ART_AND_DESIGN,Everyone,Art & Design,50000.0,0.0,3.8,178.0,Free
52,Spring flowers theme couleurs d t space,ART_AND_DESIGN,Everyone,Art & Design,100.0,0.0,5.0,1.0,Free
53,Superheroes Wallpapers | 4K Backgrounds,ART_AND_DESIGN,Everyone 10+,Art & Design,500000.0,0.0,4.7,7699.0,Free
54,Tattoo Name On My Photo Editor,ART_AND_DESIGN,Teen,Art & Design,10000000.0,0.0,4.2,44829.0,Free
55,Test Application DT 02,ART_AND_DESIGN,Everyone,Art & Design,0.0,0.0,,0.0,Free
56,Text on Photo - Fonteee,ART_AND_DESIGN,Everyone,Art & Design,1000000.0,0.0,4.4,13880.0,Free
57,Textgram - write on photos,ART_AND_DESIGN,Everyone,Art & Design,10000000.0,0.0,4.4,295221.0,Free
58,Textgram - write on photos,ART_AND_DESIGN,Everyone,Art & Design,10000000.0,0.0,4.4,295237.0,Free
59,"U Launcher Lite – FREE Live Cool Themes, Hide Apps",ART_AND_DESIGN,Everyone,Art & Design,5000000.0,0.0,4.7,87510.0,Free
60,UNICORN - Color By Number & Pixel Art Coloring,ART_AND_DESIGN,Everyone,Art & Design;Creativity,500000.0,0.0,4.7,8145.0,Free
61,X Launcher Prime: With OS Style Theme & No Ads,ART_AND_DESIGN,Everyone,Art & Design,1000.0,1.99,4.7,149.0,Paid
62,X Launcher Pro - IOS Style Theme & Control Center,ART_AND_DESIGN,Everyone,Art & Design,10000.0,1.99,4.8,1216.0,Paid
63,"X Launcher Pro: PhoneX Theme, OS11 Control Center",ART_AND_DESIGN,Everyone,Art & Design,5000.0,1.99,4.7,801.0,Paid
64,X Launcher: With OS11 Style Theme & Control Center,ART_AND_DESIGN,Everyone,Art & Design,100000.0,0.0,4.7,5754.0,Free
65,AE Garage,AUTO_AND_VEHICLES,Everyone,Auto & Vehicles,1000.0,0.0,4.4,64.0,Free
66,AG Fast Service Automotive,AUTO_AND_VEHICLES,Everyone,Auto & Vehicles,100.0,0.0,,5.0,Free
67,AJ AUTO,AUTO_AND_VEHICLES,Everyone,Auto & Vehicles,10.0,0.0,,0.0,Free
68,All of the parking lot - National Park application (parking lot search / parking sharing / discount payment),AUTO_AND_VEHICLES,Everyone,Auto & Vehicles,500000.0,0.0,4.0,1754.0,Free
69,American Muscle Car Race,AUTO_AND_VEHICLES,Everyone,Auto & Vehicles,100000.0,0.0,3.9,129.0,Free
70,"Android Auto - Maps, Media, Messaging & Voice",AUTO_AND_VEHICLES,Teen,Auto & Vehicles,10000000.0,0.0,4.2,271920.0,Free
71,auto fines,AUTO_AND_VEHICLES,Everyone,Auto & Vehicles,1000000.0,0.0,4.6,31433.0,Free
72,autolina.ch has over 120'000 cars on offer.,AUTO_AND_VEHICLES,Everyone,Auto & Vehicles,10000.0,0.0,4.2,25.0,Free
73,AutoScout24 - used car finder,AUTO_AND_VEHICLES,Everyone,Auto & Vehicles,10000000.0,0.0,4.4,186648.0,Free
74,AutoScout24 Switzerland – Find your new car,AUTO_AND_VEHICLES,Everyone,Auto & Vehicles,1000000.0,0.0,4.6,13372.0,Free
75,BEST CAR SOUNDS,AUTO_AND_VEHICLES,Everyone,Auto & Vehicles,100000.0,0.0,4.3,348.0,Free
76,Best Car Wallpapers,AUTO_AND_VEHICLES,Everyone,Auto & Vehicles,100000.0,0.0,4.5,994.0,Free
77,BG Middle East,AUTO_AND_VEHICLES,Everyone,Auto & Vehicles,10.0,0.0,,1.0,Free
78,BG Products,AUTO_AND_VEHICLES,Everyone,Auto & Vehicles,500.0,0.0,4.8,4.0,Free
79,BH Patrole,AUTO_AND_VEHICLES,Everyone,Auto & Vehicles,500.0,0.0,4.8,27.0,Free
80,BM FlexCheck,AUTO_AND_VEHICLES,Everyone,Auto & Vehicles,100.0,0.0,3.5,2.0,Free
81,Bolt - EV Charging Service,AUTO_AND_VEHICLES,Everyone,Auto & Vehicles,100.0,0.0,3.0,9.0,Free
82,Car Search For Craigslist CL Free,AUTO_AND_VEHICLES,Everyone,Auto & Vehicles,1000.0,0.0,2.6,5.0,Free
83,CarMax – Cars for Sale: Search Used Car Inventory,AUTO_AND_VEHICLES,Everyone,Auto & Vehicles,1000000.0,0.0,4.4,21777.0,Free
84,CARS.bg,AUTO_AND_VEHICLES,Everyone,Auto & Vehicles,100000.0,0.0,4.5,276.0,Free
85,CDL Practice Test 2018 Edition,AUTO_AND_VEHICLES,Everyone,Auto & Vehicles,100000.0,0.0,4.9,7774.0,Free
86,Check Vehicle Tax,AUTO_AND_VEHICLES,Everyone,Auto & Vehicles,10000.0,0.0,3.9,295.0,Free
87,CHOSEN - EV Smart Charger,AUTO_AND_VEHICLES,Everyone,Auto & Vehicles,10.0,0.0,,1.0,Free
88,CityBus Lviv,AUTO_AND_VEHICLES,Everyone,Auto & Vehicles,10000.0,0.0,4.6,534.0,Free
89,CJ's Tire & Automotive,AUTO_AND_VEHICLES,Everyone,Auto & Vehicles,1000.0,0.0,4.0,5.0,Free
90,CR Monitor,AUTO_AND_VEHICLES,Everyone,Auto & Vehicles,5.0,0.0,,1.0,Free
91,CR-V Service Manual,AUTO_AND_VEHICLES,Everyone,Auto & Vehicles,500.0,0.0,4.2,12.0,Free
92,Билеты ПДД CD 2019 PRO,AUTO_AND_VEHICLES,Everyone,Auto & Vehicles,100.0,1.49,,21.0,Paid
93,Dashboard AE,AUTO_AND_VEHICLES,Everyone,Auto & Vehicles,10.0,0.0,,0.0,Free
94,DMV Permit Practice Test 2018 Edition,AUTO_AND_VEHICLES,Everyone,Auto & Vehicles,100000.0,0.0,4.9,6090.0,Free
95,Dt Tracking,AUTO_AND_VEHICLES,Everyone,Auto & Vehicles,100.0,0.0,4.0,4.0,Free
96,eP Finder,AUTO_AND_VEHICLES,Everyone,Auto & Vehicles,10.0,0.0,,0.0,Free
97,EV Trip Optimizer for Tesla,AUTO_AND_VEHICLES,Everyone,Auto & Vehicles,1000.0,0.0,3.2,46.0,Free
98,Extreme Rally Championship,AUTO_AND_VEHICLES,Everyone,Auto & Vehicles,100000.0,0.0,4.2,129.0,Free
99,EZ-ELD Driver App (Free),AUTO_AND_VEHICLES,Everyone,Auto & Vehicles,5000.0,0.0,2.1,83.0,Free
100,EZ-ELD Update,AUTO_AND_VEHICLES,Everyone,Auto & Vehicles,1000.0,0.0,3.1,14.0,Free
101,"ezETC (ETC balance inquiry, meter trial, real-time traffic)",AUTO_AND_VEHICLES,Everyone,Auto & Vehicles,1000000.0,0.0,4.3,38846.0,Free
102,"Fines of the State Traffic Safety Inspectorate are official: inspection, payment of fines",AUTO_AND_VEHICLES,Everyone,Auto & Vehicles,5000000.0,0.0,4.8,116986.0,Free
103,FJ Drive: Mercedes-Benz Lease,AUTO_AND_VEHICLES,Everyone,Auto & Vehicles,10000.0,0.0,4.6,107.0,Free
104,FORD V SERIES CALC - NO LIMIT,AUTO_AND_VEHICLES,Everyone,Auto & Vehicles,50.0,9.99,,2.0,Paid
105,FP Transportation,AUTO_AND_VEHICLES,Everyone,Auto & Vehicles,1.0,0.0,,1.0,Free
106,FR Plus 1.6,AUTO_AND_VEHICLES,Everyone,Auto & Vehicles,100.0,0.0,,4.0,Free
107,Free VIN Report for Used Cars,AUTO_AND_VEHICLES,Everyone,Auto & Vehicles,100000.0,0.0,4.6,2431.0,Free
108,Fuelio: Gas log & costs,AUTO_AND_VEHICLES,Everyone,Auto & Vehicles,1000000.0,0.0,4.6,65786.0,Free
109,Gas Prices (Germany only),AUTO_AND_VEHICLES,Everyone,Auto & Vehicles,50000.0,0.0,4.4,805.0,Free
110,Gas Station,AUTO_AND_VEHICLES,Everyone,Auto & Vehicles,100000.0,0.0,4.0,1288.0,Free
111,Inquiry Fines and Debits of Vehicles,AUTO_AND_VEHICLES,Everyone,Auto & Vehicles,500000.0,0.0,4.4,2680.0,Free
112,Kymco AK 550,AUTO_AND_VEHICLES,Everyone,Auto & Vehicles,1000.0,0.0,4.3,47.0,Free
113,m.ride - your motorcycle app,AUTO_AND_VEHICLES,Everyone,Auto & Vehicles,10000.0,0.0,4.5,189.0,Free
114,MHD F-Series,AUTO_AND_VEHICLES,Everyone,Auto & Vehicles,1000.0,0.0,4.9,73.0,Free
115,Mini DV,AUTO_AND_VEHICLES,Everyone,Auto & Vehicles,5000.0,0.0,3.5,12.0,Free
116,Monster Truck Stunt 3D 2019,AUTO_AND_VEHICLES,Everyone,Auto & Vehicles,100000.0,0.0,4.2,367.0,Free
117,Offroad Oil Tanker Driver Transport Truck 2019,AUTO_AND_VEHICLES,Everyone,Auto & Vehicles,100000.0,0.0,4.3,542.0,Free
118,PakWheels: Buy & Sell Cars,AUTO_AND_VEHICLES,Everyone,Auto & Vehicles,1000000.0,0.0,4.4,15168.0,Free
119,PDD-UA,AUTO_AND_VEHICLES,Everyone,Auto & Vehicles,100000.0,0.0,4.8,736.0,Free
120,Pick Your Part Garage,AUTO_AND_VEHICLES,Everyone,Auto & Vehicles,50000.0,0.0,3.9,142.0,Free
121,Police Detector (Speed Camera Radar),AUTO_AND_VEHICLES,Everyone 10+,Auto & Vehicles,1000000.0,0.0,4.3,3574.0,Free
122,"Police Lights, Sirens & Follow Me",AUTO_AND_VEHICLES,Everyone,Auto & Vehicles,100000.0,0.0,4.5,737.0,Free
123,Real Tractor Farming,AUTO_AND_VEHICLES,Everyone,Auto & Vehicles,1000000.0,0.0,4.0,1598.0,Free
124,"REG - Check the regnumber, find information about Swedish vehicles",AUTO_AND_VEHICLES,Everyone,Auto & Vehicles,100000.0,0.0,3.9,3971.0,Free
125,Repair Hyundai Santa Fe,AUTO_AND_VEHICLES,Everyone,Auto & Vehicles,1000.0,0.0,3.9,22.0,Free
126,REPUVE,AUTO_AND_VEHICLES,Everyone,Auto & Vehicles,100000.0,0.0,3.9,356.0,Free
127,Restart Navigator,AUTO_AND_VEHICLES,Everyone,Auto & Vehicles,100000.0,0.0,4.0,1403.0,Free
128,RST - Sale of cars on the PCT,AUTO_AND_VEHICLES,Everyone,Auto & Vehicles,100000.0,0.0,3.2,250.0,Free
129,SK Enca Direct Malls - Used Cars Search,AUTO_AND_VEHICLES,Everyone,Auto & Vehicles,500000.0,0.0,3.6,1379.0,Free
130,SKencar,AUTO_AND_VEHICLES,Everyone,Auto & Vehicles,1000000.0,0.0,3.7,4806.0,Free
131,SMS Park,AUTO_AND_VEHICLES,Everyone,Auto & Vehicles,100000.0,0.0,4.5,3617.0,Free
132,Speed Camera Detector - Traffic & Speed Alert,AUTO_AND_VEHICLES,Everyone,Auto & Vehicles,100000.0,0.0,4.3,138.0,Free
133,SpeedApp EV,AUTO_AND_VEHICLES,Everyone,Auto & Vehicles,5.0,0.0,,0.0,Free
134,Super Cars Wallpapers And Backgrounds,AUTO_AND_VEHICLES,Everyone,Auto & Vehicles,50000.0,0.0,4.6,197.0,Free
135,Supervision service,AUTO_AND_VEHICLES,Everyone,Auto & Vehicles,500000.0,0.0,4.0,2155.0,Free
136,Tickets + PDA 2018 Exam,AUTO_AND_VEHICLES,Everyone,Auto & Vehicles,1000000.0,0.0,4.9,197136.0,Free
137,Tickets SDA 2018 and Exam from the State Traffic Safety Inspectorate with Drom.ru,AUTO_AND_VEHICLES,Everyone,Auto & Vehicles,100000.0,0.0,4.9,10479.0,Free
138,Tickets SDA 2019 + Exam RF,AUTO_AND_VEHICLES,Everyone,Auto & Vehicles,500000.0,0.0,4.8,7021.0,Free
139,T-Mobile SyncUP DRIVE,AUTO_AND_VEHICLES,Everyone,Auto & Vehicles,100000.0,0.0,4.0,1981.0,Free
140,Ultimate F1 Racing Championship,AUTO_AND_VEHICLES,Everyone,Auto & Vehicles,100000.0,0.0,3.8,284.0,Free
141,Ulysse Speedometer,AUTO_AND_VEHICLES,Everyone,Auto & Vehicles,5000000.0,0.0,4.3,40211.0,Free
142,Ulysse Speedometer Pro,AUTO_AND_VEHICLES,Everyone,Auto & Vehicles,50000.0,1.99,4.6,4140.0,Paid
143,"Used car is the first car - used car purchase, used car quotation, dealer information to",AUTO_AND_VEHICLES,Everyone,Auto & Vehicles,1000000.0,0.0,4.6,5097.0,Free
144,Used car search Goo net whole car Go to net,AUTO_AND_VEHICLES,Everyone,Auto & Vehicles,1000000.0,0.0,3.7,5414.0,Free
145,Used Cars and Trucks for Sale,AUTO_AND_VEHICLES,Everyone,Auto & Vehicles,1000000.0,0.0,4.6,17057.0,Free
146,Used cars for sale - Trovit,AUTO_AND_VEHICLES,Everyone,Auto & Vehicles,5000000.0,0.0,4.2,52530.0,Free
147,Used Cars Mexico,AUTO_AND_VEHICLES,Everyone,Auto & Vehicles,50000.0,0.0,4.0,190.0,Free
148,Zona Azul Digital Fácil SP CET - OFFICIAL São Paulo,AUTO_AND_VEHICLES,Everyone,Auto & Vehicles,100000.0,0.0,4.6,7880.0,Free
149,ZUL - Rotativo Digital BH,AUTO_AND_VEHICLES,Everyone,Auto & Vehicles,10000.0,0.0,4.2,29.0,Free
150,AI Face Beauty Analysis - IntelliFace (Free),BEAUTY,Everyone,Beauty,10000.0,0.0,3.1,40.0,Free
151,Aura Hair Group BC,BEAUTY,Everyone,Beauty,100.0,0.0,,0.0,Free
152,Beard Live Camera Photo Editor,BEAUTY,Everyone,Beauty,5000.0,0.0,4.7,900.0,Free
153,Beauty Camera - Selfie Camera,BEAUTY,Everyone,Beauty,10000000.0,0.0,4.0,113715.0,Free
154,Beauty Selfie Camera,BEAUTY,Everyone,Beauty,500000.0,0.0,4.2,2225.0,Free
155,Beauty Tips - Beauty Tips in Sinhala,BEAUTY,Everyone,Beauty,50000.0,0.0,4.4,75.0,Free
156,Best Hairstyles step by step,BEAUTY,Everyone,Beauty,5000000.0,0.0,4.5,45452.0,Free
157,"BestCam Selfie-selfie, beauty camera, photo editor",BEAUTY,Everyone,Beauty,500000.0,0.0,3.9,1739.0,Free
158,BH Cosmetics,BEAUTY,Everyone,Beauty,1000.0,0.0,4.0,2.0,Free
159,BJ Grand Salon Mobile App,BEAUTY,Everyone,Beauty,100.0,0.0,,1.0,Free
160,BN Whitening Shoppe Ph,BEAUTY,Everyone,Beauty,100.0,0.0,4.0,2.0,Free
161,BU Beauty Rooms,BEAUTY,Everyone,Beauty,50.0,0.0,,1.0,Free
162,Calvin Klein Petite Dresses,BEAUTY,Everyone,Beauty,500.0,0.0,,0.0,Free
163,Colors of white in Urdu,BEAUTY,Everyone,Beauty,10000.0,0.0,4.5,36.0,Free
164,Discover Color,BEAUTY,Everyone,Beauty,100000.0,0.0,4.0,364.0,Free
165,DK Studio Barbershop,BEAUTY,Everyone,Beauty,100.0,0.0,,8.0,Free
166,Dresses Ideas & Fashions +3000,BEAUTY,Mature 17+,Beauty,100000.0,0.0,4.5,473.0,Free
167,Eyeliner step by step 2018,BEAUTY,Everyone,Beauty,5000.0,0.0,4.3,18.0,Free
168,Eyes Makeup Beauty Tips,BEAUTY,Everyone,Beauty,10000.0,0.0,4.2,30.0,Free
169,Facial Wrinkle Reduction,BEAUTY,Everyone,Beauty,10000.0,0.0,4.6,184.0,Free
170,Female Daily,BEAUTY,Teen,Beauty,100000.0,0.0,3.9,4354.0,Free
171,Filters for B Live,BEAUTY,Everyone,Beauty,500000.0,0.0,4.4,2280.0,Free
172,Filters for Selfie,BEAUTY,Everyone,Beauty,1000000.0,0.0,4.3,8572.0,Free
173,Girls Hairstyles,BEAUTY,Everyone,Beauty,500000.0,0.0,4.1,3595.0,Free
174,Girls hairstyles 2018,BEAUTY,Everyone,Beauty,10000.0,0.0,4.2,62.0,Free
175,Haircut Tutorials/Haircut Videos,BEAUTY,Everyone,Beauty,10000.0,0.0,4.6,38.0,Free
176,Hairstyles step by step,BEAUTY,Everyone,Beauty,100000.0,0.0,4.6,4369.0,Free
177,Hush - Beauty for Everyone,BEAUTY,Everyone,Beauty,500000.0,0.0,4.7,18900.0,Free
178,"ipsy: Makeup, Beauty, and Tips",BEAUTY,Everyone,Beauty,1000000.0,0.0,4.9,49790.0,Free
179,"Lady adviser (beauty, health)",BEAUTY,Mature 17+,Beauty,10000.0,0.0,,30.0,Free
180,Makeup Videos,BEAUTY,Everyone,Beauty,5000.0,0.0,3.8,9.0,Free
181,Manicure - nail design,BEAUTY,Everyone,Beauty,50000.0,0.0,,119.0,Free
182,Methods of teeth whitening,BEAUTY,Everyone,Beauty,50000.0,0.0,4.7,257.0,Free
183,Mirror - Zoom & Exposure -,BEAUTY,Everyone,Beauty,1000000.0,0.0,3.9,32090.0,Free
184,Mirror Camera (Mirror + Selfie Camera),BEAUTY,Everyone,Beauty,1000000.0,0.0,4.1,9315.0,Free
185,Natural recipes for your beauty,BEAUTY,Everyone,Beauty,100000.0,0.0,4.7,1150.0,Free
186,Photo Editor 2018,BEAUTY,Everyone,Beauty,10000.0,0.0,4.5,134.0,Free
187,Prom MakeUp Tutorial,BEAUTY,Everyone,Beauty,10000.0,0.0,4.8,104.0,Free
188,Rainbow Camera,BEAUTY,Everyone,Beauty,1000000.0,0.0,3.7,3871.0,Free
189,Recipes and tips for losing weight,BEAUTY,Everyone 10+,Beauty,10000.0,0.0,,35.0,Free
190,"Secrets of beauty, youth and health",BEAUTY,Mature 17+,Beauty,10000.0,0.0,,77.0,Free
191,Selfie Camera,BEAUTY,Everyone,Beauty,1000000.0,0.0,4.2,17934.0,Free
192,Selfie Camera Photo Editor & Filter & Sticker,BEAUTY,Teen,Beauty,50000.0,0.0,4.1,187.0,Free
193,"Sephora: Skin Care, Beauty Makeup & Fragrance Shop",BEAUTY,Everyone,Beauty,1000000.0,0.0,4.5,26834.0,Free
194,Skin Care and Natural Beauty,BEAUTY,Teen,Beauty,100000.0,0.0,,654.0,Free
195,Skin Disease,BEAUTY,Everyone,Beauty,100.0,0.0,4.0,1.0,Free
196,Step By Step Eyes Makeup Tutorial,BEAUTY,Everyone,Beauty,10000.0,0.0,4.4,74.0,Free
197,Step By Step Hairstyles For Women,BEAUTY,Everyone,Beauty,10000.0,0.0,4.1,66.0,Free
198,"Sticker Camera - Selfie Filters, Beauty Camera",BEAUTY,Everyone,Beauty,500000.0,0.0,3.9,2277.0,Free
199,Sweet Selfie Beauty Camera,BEAUTY,Everyone,Beauty,100000.0,0.0,4.3,601.0,Free
200,Tie - Always be happy,BEAUTY,Everyone,Beauty,50000.0,0.0,4.7,964.0,Free
201,Ulta Beauty,BEAUTY,Everyone,Beauty,1000000.0,0.0,4.7,42050.0,Free
202,Wrinkles and rejuvenation,BEAUTY,Everyone 10+,Beauty,100000.0,0.0,,182.0,Free
203,"10,000 Quotes DB (Premium)",BOOKS_AND_REFERENCE,Everyone,Books & Reference,500.0,0.99,4.1,70.0,Paid
204,17th Edition Cable Sizer,BOOKS_AND_REFERENCE,Everyone,Books & Reference,1000.0,3.08,4.4,47.0,Paid
205,50000 Free eBooks & Free AudioBooks,BOOKS_AND_REFERENCE,Teen,Books & Reference,5000000.0,0.0,4.1,52312.0,Free
206,Aab e Hayat Full Novel,BOOKS_AND_REFERENCE,Everyone,Books & Reference,100000.0,0.0,4.3,1476.0,Free
207,"AC Air condition Troubleshoot,Repair,Maintenance",BOOKS_AND_REFERENCE,Everyone,Books & Reference,5000.0,0.0,4.2,27.0,Free
208,Ae Allah na Dai (Rasa),BOOKS_AND_REFERENCE,Everyone,Books & Reference,10000.0,0.0,4.7,263.0,Free
209,AE Bulletins,BOOKS_AND_REFERENCE,Everyone,Books & Reference,1000.0,0.0,4.5,14.0,Free
210,日本AV历史,BOOKS_AND_REFERENCE,Teen,Books & Reference,10000.0,0.0,4.1,215.0,Free
211,Ag PhD Deficiencies,BOOKS_AND_REFERENCE,Everyone,Books & Reference,10000.0,0.0,3.9,20.0,Free
212,Ag PhD Field Guide,BOOKS_AND_REFERENCE,Everyone,Books & Reference,10000.0,0.0,4.1,114.0,Free
213,Ag PhD Planting Population Calculator,BOOKS_AND_REFERENCE,Everyone,Books & Reference,1000.0,0.0,,0.0,Free
214,Ag PhD Soybean Diseases,BOOKS_AND_REFERENCE,Everyone,Books & Reference,1000.0,0.0,,0.0,Free
215,A-J Media Vault,BOOKS_AND_REFERENCE,Everyone,Books & Reference,50.0,0.0,,1.0,Free
216,Al Quran (Tafsir & by Word),BOOKS_AND_REFERENCE,Everyone,Books & Reference,500000.0,0.0,4.8,57400.0,Free
217,Al Quran : EAlim - Translations & MP3 Offline,BOOKS_AND_REFERENCE,Everyone,Books & Reference,5000000.0,0.0,4.5,96419.0,Free
218,Al Quran Al karim,BOOKS_AND_REFERENCE,Everyone,Books & Reference,1000000.0,0.0,4.6,41608.0,Free
219,Al Quran Free - القرآن (Islam),BOOKS_AND_REFERENCE,Everyone,Books & Reference,50000.0,0.0,4.7,1777.0,Free
220,Al Quran Indonesia,BOOKS_AND_REFERENCE,Everyone,Books & Reference,10000000.0,0.0,4.8,445756.0,Free
221,Aldiko Book Reader,BOOKS_AND_REFERENCE,Everyone,Books & Reference,10000000.0,0.0,4.2,210534.0,Free
222,All Language Translator Free,BOOKS_AND_REFERENCE,Everyone,Books & Reference,1000000.0,0.0,4.4,30105.0,Free
223,All Maths Formulas,BOOKS_AND_REFERENCE,Everyone,Books & Reference,1000000.0,0.0,4.4,2709.0,Free
224,Al-Muhaffiz,BOOKS_AND_REFERENCE,Everyone,Books & Reference,50000.0,0.0,4.7,2319.0,Free
225,Al-Quran (Free),BOOKS_AND_REFERENCE,Everyone,Books & Reference,10000000.0,0.0,4.6,218451.0,Free
226,Al-Quran 30 Juz free copies,BOOKS_AND_REFERENCE,Everyone,Books & Reference,500000.0,0.0,4.5,12322.0,Free
227,Al'Quran Bahasa Indonesia,BOOKS_AND_REFERENCE,Everyone,Books & Reference,10000000.0,0.0,4.6,361780.0,Free
228,Al'Quran Bahasa Indonesia PRO,BOOKS_AND_REFERENCE,Everyone,Books & Reference,10000.0,4.49,4.7,1340.0,Paid
229,AlReader -any text book reader,BOOKS_AND_REFERENCE,Everyone,Books & Reference,5000000.0,0.0,4.6,90468.0,Free
230,Amazon Kindle,BOOKS_AND_REFERENCE,Teen,Books & Reference,100000000.0,0.0,4.2,814080.0,Free
231,Amazon Kindle,BOOKS_AND_REFERENCE,Teen,Books & Reference,100000000.0,0.0,4.2,814151.0,Free
232,Ancestry,BOOKS_AND_REFERENCE,Everyone,Books & Reference,5000000.0,0.0,4.3,64513.0,Free
233,Anime Mod for BM,BOOKS_AND_REFERENCE,Everyone,Books & Reference,100.0,0.0,,0.0,Free
234,Anonymous caller detection,BOOKS_AND_REFERENCE,Everyone,Books & Reference,10000.0,0.0,,161.0,Free
235,AP Stamps and Registration,BOOKS_AND_REFERENCE,Everyone,Books & Reference,10000.0,0.0,3.4,82.0,Free
236,"Arizona Statutes, ARS (AZ Law)",BOOKS_AND_REFERENCE,Everyone,Books & Reference,1000.0,0.0,3.9,9.0,Free
237,Audiobooks from Audible,BOOKS_AND_REFERENCE,Teen,Books & Reference,100000000.0,0.0,4.5,568922.0,Free
238,AW Tozer Devotionals - Daily,BOOKS_AND_REFERENCE,Everyone,Books & Reference,5000.0,0.0,4.2,8.0,Free
239,Ay Hasnain k Nana Milad Naat,BOOKS_AND_REFERENCE,Everyone,Books & Reference,10000.0,0.0,4.3,72.0,Free
240,Ay Mohabbat Teri Khatir Novel,BOOKS_AND_REFERENCE,Everyone,Books & Reference,10000.0,0.0,4.2,27.0,Free
241,AY Sing,BOOKS_AND_REFERENCE,Everyone,Books & Reference,5000.0,0.0,4.8,111.0,Free
242,Azpen eReader,BOOKS_AND_REFERENCE,Everyone,Books & Reference,500000.0,0.0,3.5,156.0,Free
243,B y H Niños ES,BOOKS_AND_REFERENCE,Everyone,Books & Reference,5000.0,0.0,4.6,53.0,Free
244,B&H Kids AR,BOOKS_AND_REFERENCE,Everyone,Books & Reference,10000.0,0.0,3.9,286.0,Free
245,BakaReader EX,BOOKS_AND_REFERENCE,Everyone,Books & Reference,100000.0,0.0,4.3,8894.0,Free
246,BC MVA Fines,BOOKS_AND_REFERENCE,Everyone,Books & Reference,50.0,1.75,5.0,5.0,Paid
247,BD All Sim Offer,BOOKS_AND_REFERENCE,Everyone,Books & Reference,10000.0,0.0,4.5,197.0,Free
248,BD Fishpedia,BOOKS_AND_REFERENCE,Everyone,Books & Reference,1000.0,0.0,4.8,123.0,Free
249,Bible,BOOKS_AND_REFERENCE,Teen,Books & Reference,100000000.0,0.0,4.7,2440695.0,Free
250,Bible du Semeur-BDS (French),BOOKS_AND_REFERENCE,Everyone,Books & Reference,50000.0,0.0,4.5,313.0,Free
251,Bible KJV,BOOKS_AND_REFERENCE,Everyone,Books & Reference,5000000.0,0.0,4.5,42729.0,Free
252,Bible with EGW Comments,BOOKS_AND_REFERENCE,Everyone,Books & Reference,100000.0,0.0,4.7,3776.0,Free
253,BibleRead En Cy Zh Yue,BOOKS_AND_REFERENCE,Everyone,Books & Reference,5.0,0.0,,0.0,Free
254,Bilingual Dictionary Audio App,BOOKS_AND_REFERENCE,Everyone,Books & Reference,5000.0,0.0,2.7,68.0,Free
255,BM Box,BOOKS_AND_REFERENCE,Everyone,Books & Reference,1000.0,0.0,4.3,28.0,Free
256,Book store,BOOKS_AND_REFERENCE,Teen,Books & Reference,1000000.0,0.0,4.4,22486.0,Free
257,Bootable Methods(USB-CD-DVD),BOOKS_AND_REFERENCE,Everyone,Books & Reference,10000.0,0.0,3.4,37.0,Free
258,"Borneo Bible, BM Bible",BOOKS_AND_REFERENCE,Everyone,Books & Reference,10000.0,0.0,4.9,659.0,Free
259,bp e-store,BOOKS_AND_REFERENCE,Everyone,Books & Reference,1000.0,0.0,4.4,52.0,Free
260,BR Ambedkar Biography & Quotes,BOOKS_AND_REFERENCE,Everyone,Books & Reference,10000.0,0.0,4.6,156.0,Free
261,"Brilliant Quotes: Life, Love, Family & Motivation",BOOKS_AND_REFERENCE,Everyone 10+,Books & Reference,1000000.0,0.0,4.5,67186.0,Free
262,Browsery by Barnes & Noble,BOOKS_AND_REFERENCE,Everyone,Books & Reference,5000.0,0.0,4.7,146.0,Free
263,BU Alsace,BOOKS_AND_REFERENCE,Everyone,Books & Reference,100.0,0.0,,3.0,Free
264,Bulgarian French Dictionary Fr,BOOKS_AND_REFERENCE,Everyone,Books & Reference,10000.0,0.0,4.6,603.0,Free
265,C Offline Tutorial,BOOKS_AND_REFERENCE,Everyone,Books & Reference,1000.0,0.0,4.7,88.0,Free
266,C Programs and Reference,BOOKS_AND_REFERENCE,Everyone,Books & Reference,50000.0,0.0,4.2,873.0,Free
267,C Programs Handbook,BOOKS_AND_REFERENCE,Everyone,Books & Reference,50000.0,0.0,4.0,459.0,Free
268,CA Laws 2018 (California Laws and Codes),BOOKS_AND_REFERENCE,Everyone,Books & Reference,5000.0,0.0,3.9,56.0,Free
269,Catholic La Bu Zo Kam,BOOKS_AND_REFERENCE,Everyone,Books & Reference,500.0,0.0,5.0,23.0,Free
270,Chemin (fr),BOOKS_AND_REFERENCE,Everyone,Books & Reference,1000.0,0.0,4.8,44.0,Free
271,ch-mm Dict,BOOKS_AND_REFERENCE,Everyone,Books & Reference,10.0,1.96,,0.0,Paid
272,Cloud of Books,BOOKS_AND_REFERENCE,Everyone,Books & Reference,1000000.0,0.0,3.3,1862.0,Free
273,cloudLibrary,BOOKS_AND_REFERENCE,Everyone,Books & Reference,100000.0,0.0,4.0,10774.0,Free
274,Cъновник BG,BOOKS_AND_REFERENCE,Everyone,Books & Reference,1000.0,0.0,,13.0,Free
275,CompactiMa EC pH Calibration,BOOKS_AND_REFERENCE,Everyone,Books & Reference,100.0,0.0,,0.0,Free
276,Cool Reader,BOOKS_AND_REFERENCE,Everyone,Books & Reference,10000000.0,0.0,4.5,246315.0,Free
277,Cossack Dictionary (DN),BOOKS_AND_REFERENCE,Teen,Books & Reference,10.0,2.99,,7.0,Paid
278,CW Nuclear,BOOKS_AND_REFERENCE,Everyone,Books & Reference,1000.0,0.0,3.3,15.0,Free
279,CY Spray nozzle,BOOKS_AND_REFERENCE,Everyone,Books & Reference,10.0,0.0,,0.0,Free
280,Cypress College Library,BOOKS_AND_REFERENCE,Everyone,Books & Reference,100.0,0.0,,0.0,Free
281,CZ-27 pistol explained,BOOKS_AND_REFERENCE,Everyone,Books & Reference,10.0,5.99,,1.0,Paid
282,CZ-38 (vz 38) pistol explained,BOOKS_AND_REFERENCE,Everyone,Books & Reference,5.0,5.99,,0.0,Paid
283,CZ-45 pistol explained,BOOKS_AND_REFERENCE,Everyone,Books & Reference,10.0,5.49,,1.0,Paid
284,CZ-52 pistol explained,BOOKS_AND_REFERENCE,Everyone,Books & Reference,10.0,5.99,,0.0,Paid
285,CZ-70 (CZ-50) pistol explained,BOOKS_AND_REFERENCE,Everyone,Books & Reference,10.0,5.99,,2.0,Paid
286,CZ-Help,BOOKS_AND_REFERENCE,Everyone,Books & Reference,5.0,0.0,5.0,2.0,Free
287,D. H. Lawrence Poems FREE,BOOKS_AND_REFERENCE,Everyone,Books & Reference,1000.0,0.0,,13.0,Free
288,DC HSEMA,BOOKS_AND_REFERENCE,Everyone,Books & Reference,5000.0,0.0,3.8,38.0,Free
289,DC Public Library,BOOKS_AND_REFERENCE,Everyone,Books & Reference,1000.0,0.0,4.2,20.0,Free
290,Dictionary,BOOKS_AND_REFERENCE,Everyone,Books & Reference,10000000.0,0.0,4.5,264260.0,Free
291,Dictionary - Merriam-Webster,BOOKS_AND_REFERENCE,Everyone,Books & Reference,10000000.0,0.0,4.5,454060.0,Free
292,Dictionary - Merriam-Webster,BOOKS_AND_REFERENCE,Everyone,Books & Reference,10000000.0,0.0,4.5,454412.0,Free
293,Dictionary - WordWeb,BOOKS_AND_REFERENCE,Teen,Books & Reference,5000000.0,0.0,4.6,124970.0,Free
294,Dictionary.com: Find Definitions for English Words,BOOKS_AND_REFERENCE,Everyone,Books & Reference,10000000.0,0.0,4.6,899010.0,Free
295,DM Screen,BOOKS_AND_REFERENCE,Everyone 10+,Books & Reference,10000.0,0.0,4.4,283.0,Free
296,Don't Panic with Andrew J.,BOOKS_AND_REFERENCE,Everyone,Books & Reference,5000.0,2.99,4.5,124.0,Paid
297,Download free book with green book,BOOKS_AND_REFERENCE,Everyone 10+,Books & Reference,100000.0,0.0,4.6,4478.0,Free
298,Dr. Doug's Tips,BOOKS_AND_REFERENCE,Everyone,Books & Reference,1000.0,0.0,4.0,22.0,Free
299,Duaa Ek Ibaadat,BOOKS_AND_REFERENCE,Everyone,Books & Reference,5000.0,0.0,4.9,122.0,Free
300,Dungeons and Dragons DM Tools,BOOKS_AND_REFERENCE,Everyone,Books & Reference,1000.0,1.99,3.1,50.0,Paid
301,DV 2018 Winners Guide,BOOKS_AND_REFERENCE,Everyone,Books & Reference,1000.0,0.0,4.8,11.0,Free
302,DV 2019 - EDV Photo & Form,BOOKS_AND_REFERENCE,Everyone,Books & Reference,50000.0,0.0,3.9,314.0,Free
303,DV 2019 Entry Guide,BOOKS_AND_REFERENCE,Everyone,Books & Reference,10000.0,0.0,4.5,92.0,Free
304,Easy Cv maker 2018,BOOKS_AND_REFERENCE,Everyone,Books & Reference,10000.0,0.0,3.9,88.0,Free
305,EB Annual Meetings,BOOKS_AND_REFERENCE,Everyone,Books & Reference,1000.0,0.0,3.5,11.0,Free
306,E-Book Read - Read Book for free,BOOKS_AND_REFERENCE,Everyone,Books & Reference,50000.0,0.0,4.5,1857.0,Free
307,Ebook Reader,BOOKS_AND_REFERENCE,Everyone,Books & Reference,5000000.0,0.0,4.1,85842.0,Free
308,Ebook Reader,BOOKS_AND_REFERENCE,Everyone,Books & Reference,5000000.0,0.0,4.1,85842.0,Free
309,eBoox new: Reader for fb2 epub zip books,BOOKS_AND_REFERENCE,Everyone,Books & Reference,50000.0,0.0,4.9,2739.0,Free
310,eBoox: book reader fb2 epub zip,BOOKS_AND_REFERENCE,Everyone,Books & Reference,1000000.0,0.0,4.7,21336.0,Free
311,EC - AP & Telangana,BOOKS_AND_REFERENCE,Everyone,Books & Reference,5000.0,0.0,3.5,10.0,Free
312,EGW Writings,BOOKS_AND_REFERENCE,Everyone,Books & Reference,1000000.0,0.0,4.7,24278.0,Free
313,EGW Writings 2,BOOKS_AND_REFERENCE,Everyone,Books & Reference,100000.0,0.0,4.7,6547.0,Free
314,English Dictionary - Offline,BOOKS_AND_REFERENCE,Everyone 10+,Books & Reference,10000000.0,0.0,4.4,341157.0,Free
315,English Dictionary - Offline,BOOKS_AND_REFERENCE,Everyone 10+,Books & Reference,10000000.0,0.0,4.4,341234.0,Free
316,English Grammar Complete Handbook,BOOKS_AND_REFERENCE,Everyone,Books & Reference,500000.0,0.0,4.6,1435.0,Free
317,English Hindi Dictionary,BOOKS_AND_REFERENCE,Everyone,Books & Reference,10000000.0,0.0,4.4,384368.0,Free
318,English Persian Dictionary,BOOKS_AND_REFERENCE,Everyone,Books & Reference,500000.0,0.0,4.5,26875.0,Free
319,English to Hindi Dictionary,BOOKS_AND_REFERENCE,Everyone,Books & Reference,5000000.0,0.0,4.1,71328.0,Free
320,English To Shona Dictionary,BOOKS_AND_REFERENCE,Everyone,Books & Reference,10000.0,0.0,4.6,60.0,Free
321,English to Urdu Dictionary,BOOKS_AND_REFERENCE,Everyone,Books & Reference,500000.0,0.0,4.6,4620.0,Free
322,English translation from Bengali,BOOKS_AND_REFERENCE,Everyone,Books & Reference,100000.0,0.0,4.5,527.0,Free
323,English-Myanmar Dictionary,BOOKS_AND_REFERENCE,Everyone,Books & Reference,1000000.0,0.0,4.4,8788.0,Free
324,EP Research Service,BOOKS_AND_REFERENCE,Everyone,Books & Reference,1000.0,0.0,4.7,14.0,Free
325,EU Charter,BOOKS_AND_REFERENCE,Everyone,Books & Reference,1000.0,0.0,4.6,33.0,Free
326,EU Data Protection,BOOKS_AND_REFERENCE,Everyone,Books & Reference,1000.0,0.0,3.5,29.0,Free
327,EU IP Codes,BOOKS_AND_REFERENCE,Everyone,Books & Reference,100.0,0.0,,2.0,Free
328,EU RCD Guide,BOOKS_AND_REFERENCE,Everyone,Books & Reference,10.0,3.61,,0.0,Paid
329,EW PDF,BOOKS_AND_REFERENCE,Everyone,Books & Reference,5.0,0.0,,0.0,Free
330,EZ Quran,BOOKS_AND_REFERENCE,Everyone,Books & Reference,50000.0,0.0,4.6,595.0,Free
331,FA Part 1 & 2 Past Papers Solved Free – Offline,BOOKS_AND_REFERENCE,Everyone,Books & Reference,5000.0,0.0,3.9,46.0,Free
332,FAHREDDİN er-RÂZİ TEFSİRİ,BOOKS_AND_REFERENCE,Everyone,Books & Reference,1000.0,0.0,,9.0,Free
333,FamilySearch Tree,BOOKS_AND_REFERENCE,Everyone,Books & Reference,1000000.0,0.0,4.3,17506.0,Free
334,Fanfic-FR,BOOKS_AND_REFERENCE,Teen,Books & Reference,5000.0,0.0,3.3,52.0,Free
335,FBReader: Favorite Book Reader,BOOKS_AND_REFERENCE,Everyone,Books & Reference,10000000.0,0.0,4.5,203130.0,Free
336,Fertilizer Removal By Crop,BOOKS_AND_REFERENCE,Everyone,Books & Reference,50000.0,0.0,4.1,295.0,Free
337,Fix Error Google Playstore,BOOKS_AND_REFERENCE,Everyone,Books & Reference,1000.0,0.0,4.3,18.0,Free
338,Florida - Pocket Brainbook,BOOKS_AND_REFERENCE,Everyone,Books & Reference,1000.0,0.0,4.6,7.0,Free
339,Florida Statutes (FL Code),BOOKS_AND_REFERENCE,Everyone,Books & Reference,1000.0,0.0,3.2,5.0,Free
340,Flybook,BOOKS_AND_REFERENCE,Mature 17+,Books & Reference,500000.0,0.0,3.9,1778.0,Free
341,FN FAL rifle explained,BOOKS_AND_REFERENCE,Everyone,Books & Reference,10.0,6.49,,1.0,Paid
342,FN model 1900 pistol explained,BOOKS_AND_REFERENCE,Everyone,Books & Reference,10.0,6.49,,0.0,Paid
343,FN pistol model 1903 explained,BOOKS_AND_REFERENCE,Everyone,Books & Reference,10.0,6.49,,1.0,Paid
344,FN pistol Model 1906 explained,BOOKS_AND_REFERENCE,Everyone,Books & Reference,10.0,5.49,,1.0,Paid
345,Free Book Reader,BOOKS_AND_REFERENCE,Everyone,Books & Reference,100000.0,0.0,3.4,1680.0,Free
346,Free Books - Spirit Fanfiction and Stories,BOOKS_AND_REFERENCE,Teen,Books & Reference,1000000.0,0.0,4.8,116507.0,Free
347,Free Panda Radio Music,BOOKS_AND_REFERENCE,Everyone,Books & Reference,100000.0,0.0,4.5,418.0,Free
348,GATE 21 years CS Papers(2011-2018 Solved),BOOKS_AND_REFERENCE,Everyone,Books & Reference,50.0,0.0,,1.0,Free
349,Golden Dictionary (EN-AR),BOOKS_AND_REFERENCE,Everyone,Books & Reference,1000000.0,0.0,4.4,51269.0,Free
350,Golden Dictionary (FR-AR),BOOKS_AND_REFERENCE,Everyone,Books & Reference,500000.0,0.0,4.2,5775.0,Free
351,Google I/O 2018,BOOKS_AND_REFERENCE,Everyone,Books & Reference,500000.0,0.0,4.3,22401.0,Free
352,Google Play Books,BOOKS_AND_REFERENCE,Teen,Books & Reference,1000000000.0,0.0,3.9,1433233.0,Free
353,Greek Bible FP (Audio),BOOKS_AND_REFERENCE,Everyone,Books & Reference,1000.0,0.0,,5.0,Free
354,Guide (for X-MEN),BOOKS_AND_REFERENCE,Everyone,Books & Reference,100000.0,0.0,4.6,586.0,Free
355,Guide for DB Xenoverse,BOOKS_AND_REFERENCE,Everyone,Books & Reference,10000.0,0.0,4.2,459.0,Free
356,Guide for DB Xenoverse 2,BOOKS_AND_REFERENCE,Everyone,Books & Reference,10000.0,0.0,4.4,121.0,Free
357,Guide for IMS DB,BOOKS_AND_REFERENCE,Everyone,Books & Reference,10.0,0.0,,0.0,Free
358,Guide for R Programming,BOOKS_AND_REFERENCE,Everyone,Books & Reference,5.0,0.0,,0.0,Free
359,Hafizi Quran 15 lines per page,BOOKS_AND_REFERENCE,Everyone,Books & Reference,1000000.0,0.0,4.7,55011.0,Free
360,Hey AJ! It's Saturday!,BOOKS_AND_REFERENCE,Everyone,Books & Reference,100.0,3.99,5.0,12.0,Paid
361,Hisnul Al Muslim - Hisn Invocations & Adhkaar,BOOKS_AND_REFERENCE,Everyone,Books & Reference,100000.0,0.0,4.6,3234.0,Free
362,How to Write CV,BOOKS_AND_REFERENCE,Everyone,Books & Reference,100000.0,0.0,4.6,244.0,Free
363,HTC Help,BOOKS_AND_REFERENCE,Everyone,Books & Reference,10000000.0,0.0,4.2,8342.0,Free
364,Hymnes et Louanges,BOOKS_AND_REFERENCE,Everyone,Books & Reference,100000.0,0.0,4.4,1877.0,Free
365,JW Library,BOOKS_AND_REFERENCE,Everyone,Books & Reference,10000000.0,0.0,4.9,922752.0,Free
366,Khrifa Hla Bu (Solfa),BOOKS_AND_REFERENCE,Everyone,Books & Reference,10.0,0.0,,0.0,Free
367,Kinot & Eichah for Tisha B'Av,BOOKS_AND_REFERENCE,Everyone,Books & Reference,10000.0,0.0,4.4,98.0,Free
368,Koran Read &MP3 30 Juz Offline,BOOKS_AND_REFERENCE,Everyone,Books & Reference,1000000.0,0.0,4.8,29551.0,Free
369,Kristian Hla Bu,BOOKS_AND_REFERENCE,Everyone,Books & Reference,10000.0,0.0,4.8,238.0,Free
370,La citadelle du musulman,BOOKS_AND_REFERENCE,Everyone,Books & Reference,50000.0,0.0,4.5,314.0,Free
371,La Fe de Jesús,BOOKS_AND_REFERENCE,Everyone,Books & Reference,500.0,0.0,,10.0,Free
372,La Fe de Jesus,BOOKS_AND_REFERENCE,Everyone,Books & Reference,1000.0,0.0,,8.0,Free
373,Le Fe de Jesus,BOOKS_AND_REFERENCE,Everyone,Books & Reference,500.0,0.0,,3.0,Free
374,Learn CT Scan Of Head,BOOKS_AND_REFERENCE,Everyone,Books & Reference,5000.0,0.0,4.1,10.0,Free
375,Learn R Programming,BOOKS_AND_REFERENCE,Everyone,Books & Reference,10.0,0.0,,0.0,Free
376,Learn R Programming Full,BOOKS_AND_REFERENCE,Everyone,Books & Reference,5000.0,0.0,,11.0,Free
377,Learn SAP BW,BOOKS_AND_REFERENCE,Everyone,Books & Reference,500.0,0.0,,2.0,Free
378,Learn SAP BW on HANA,BOOKS_AND_REFERENCE,Everyone,Books & Reference,500.0,0.0,,0.0,Free
379,Litnet - E-books,BOOKS_AND_REFERENCE,Teen,Books & Reference,100000.0,0.0,4.6,7831.0,Free
380,MOD Black for BM,BOOKS_AND_REFERENCE,Everyone,Books & Reference,100.0,0.0,,2.0,Free
381,Modlitební knížka CZ,BOOKS_AND_REFERENCE,Everyone,Books & Reference,500.0,0.0,,4.0,Free
382,Moon+ Reader,BOOKS_AND_REFERENCE,Everyone,Books & Reference,10000000.0,0.0,4.4,233757.0,Free
383,My Little Pony AR Guide,BOOKS_AND_REFERENCE,Everyone,Books & Reference,1000000.0,0.0,3.3,7993.0,Free
384,NOOK App for NOOK Devices,BOOKS_AND_REFERENCE,Everyone,Books & Reference,500000.0,0.0,4.7,19080.0,Free
385,NOOK App for NOOK Devices,BOOKS_AND_REFERENCE,Everyone,Books & Reference,500000.0,0.0,4.7,19090.0,Free
386,NOOK Audiobooks,BOOKS_AND_REFERENCE,Everyone,Books & Reference,500000.0,0.0,3.5,2539.0,Free
387,NOOK: Read eBooks & Magazines,BOOKS_AND_REFERENCE,Teen,Books & Reference,10000000.0,0.0,4.5,155446.0,Free
388,NOOK: Read eBooks & Magazines,BOOKS_AND_REFERENCE,Teen,Books & Reference,10000000.0,0.0,4.5,155466.0,Free
389,O Céu e o Inferno,BOOKS_AND_REFERENCE,Everyone,Books & Reference,500.0,0.99,,14.0,Paid
390,Officiel du SCRABBLE LAROUSSE,BOOKS_AND_REFERENCE,Everyone,Books & Reference,5000.0,4.6,3.4,116.0,Paid
391,Offline English Dictionary,BOOKS_AND_REFERENCE,Everyone,Books & Reference,100000.0,0.0,4.2,860.0,Free
392,Offline: English to Tagalog Dictionary,BOOKS_AND_REFERENCE,Everyone,Books & Reference,500000.0,0.0,4.7,967.0,Free
393,"Only 30 days in English, the guideline is guaranteed",BOOKS_AND_REFERENCE,Everyone,Books & Reference,500000.0,0.0,4.6,1065.0,Free
394,Oxford A-Z of English Usage,BOOKS_AND_REFERENCE,Everyone,Books & Reference,1000000.0,0.0,4.0,5300.0,Free
395,Oxford Dictionary of English : Free,BOOKS_AND_REFERENCE,Everyone,Books & Reference,10000000.0,0.0,4.1,363934.0,Free
396,Oxford Dictionary of English : Free,BOOKS_AND_REFERENCE,Everyone,Books & Reference,10000000.0,0.0,4.1,364452.0,Free
397,Painting Lulu DC Super Friends,BOOKS_AND_REFERENCE,Everyone,Books & Reference,1000.0,0.0,,7.0,Free
398,Pdf Book Download - Read Pdf Book,BOOKS_AND_REFERENCE,Everyone,Books & Reference,100000.0,0.0,4.4,1322.0,Free
399,Pistolet CZ-70 CZ-50 expliqué,BOOKS_AND_REFERENCE,Everyone,Books & Reference,1.0,5.99,,0.0,Paid
400,Pistolet FN 1906 expliqué,BOOKS_AND_REFERENCE,Everyone,Books & Reference,10.0,5.49,,0.0,Paid
401,Pistolet FN GP35 expliqué,BOOKS_AND_REFERENCE,Everyone,Books & Reference,5.0,5.99,,2.0,Paid
402,Quran for Android,BOOKS_AND_REFERENCE,Everyone,Books & Reference,10000000.0,0.0,4.7,497826.0,Free
403,R Language Reference Guide,BOOKS_AND_REFERENCE,Everyone,Books & Reference,10000.0,0.0,3.9,54.0,Free
404,R Programing Offline Tutorial,BOOKS_AND_REFERENCE,Everyone,Books & Reference,1000.0,0.0,5.0,4.0,Free
405,R Quick Reference Big Data,BOOKS_AND_REFERENCE,Everyone,Books & Reference,1000.0,0.0,,6.0,Free
406,Read books online,BOOKS_AND_REFERENCE,Mature 17+,Books & Reference,5000000.0,0.0,4.1,91615.0,Free
407,ReadEra – free ebook reader,BOOKS_AND_REFERENCE,Everyone,Books & Reference,1000000.0,0.0,4.8,47303.0,Free
408,Recipes of Prophetic Medicine for free,BOOKS_AND_REFERENCE,Everyone,Books & Reference,500000.0,0.0,4.6,2084.0,Free
409,Reksio cz. 1,BOOKS_AND_REFERENCE,Everyone,Books & Reference,10.0,0.99,,0.0,Paid
410,SA HLA BU,BOOKS_AND_REFERENCE,Everyone,Books & Reference,1000.0,0.0,4.7,119.0,Free
411,Sabbath School,BOOKS_AND_REFERENCE,Everyone,Books & Reference,100000.0,0.0,4.7,28237.0,Free
412,Satellite AR,BOOKS_AND_REFERENCE,Everyone,Books & Reference,1000000.0,0.0,4.1,9636.0,Free
413,Schlaumeier,BOOKS_AND_REFERENCE,Everyone,Books & Reference,5.0,0.99,,0.0,Paid
414,SDA Collegiate Quarterly,BOOKS_AND_REFERENCE,Everyone,Books & Reference,500.0,0.0,4.5,8.0,Free
415,SDA Sabbath School Quarterly,BOOKS_AND_REFERENCE,Everyone,Books & Reference,500000.0,0.0,4.7,14773.0,Free
416,SH-02J Owner's Manual (Android 8.0),BOOKS_AND_REFERENCE,Everyone,Books & Reference,50000.0,0.0,,2.0,Free
417,Spanish English Translator,BOOKS_AND_REFERENCE,Teen,Books & Reference,10000000.0,0.0,4.2,87873.0,Free
418,Spanish English Translator,BOOKS_AND_REFERENCE,Teen,Books & Reference,10000000.0,0.0,4.2,87919.0,Free
419,Stats Royale for Clash Royale,BOOKS_AND_REFERENCE,Everyone,Books & Reference,1000000.0,0.0,4.5,68226.0,Free
420,Surah Al-Waqiah,BOOKS_AND_REFERENCE,Everyone,Books & Reference,100000.0,0.0,4.7,1201.0,Free
421,"The FN ""Baby"" pistol explained",BOOKS_AND_REFERENCE,Everyone,Books & Reference,10.0,5.99,,1.0,Paid
422,The FN HP pistol explained,BOOKS_AND_REFERENCE,Everyone,Books & Reference,10.0,6.49,,1.0,Paid
423,The Pursuit of God,BOOKS_AND_REFERENCE,Everyone,Books & Reference,1000.0,0.0,4.8,6.0,Free
424,The SCP Foundation DB fr nn5n,BOOKS_AND_REFERENCE,Mature 17+,Books & Reference,1000.0,0.0,4.5,114.0,Free
425,TN Patta Citta & EC,BOOKS_AND_REFERENCE,Everyone,Books & Reference,10000.0,0.0,3.8,48.0,Free
426,Tozer Devotional -Series 1,BOOKS_AND_REFERENCE,Everyone,Books & Reference,1000.0,0.0,5.0,5.0,Free
427,URBANO V 02 instruction manual,BOOKS_AND_REFERENCE,Everyone,Books & Reference,100000.0,0.0,,114.0,Free
428,V Made,BOOKS_AND_REFERENCE,Everyone,Books & Reference,100000.0,0.0,4.3,241.0,Free
429,Wattpad 📖 Free Books,BOOKS_AND_REFERENCE,Teen,Books & Reference,100000000.0,0.0,4.6,2914724.0,Free
430,Wattpad 📖 Free Books,BOOKS_AND_REFERENCE,Teen,Books & Reference,100000000.0,0.0,4.6,2915189.0,Free
431,wikiHow: how to do anything,BOOKS_AND_REFERENCE,Teen,Books & Reference,1000000.0,0.0,4.4,43088.0,Free
432,Wikipedia,BOOKS_AND_REFERENCE,Everyone,Books & Reference,10000000.0,0.0,4.4,577550.0,Free
433,"Youboox - Livres, BD et magazines",BOOKS_AND_REFERENCE,Teen,Books & Reference,500000.0,0.0,3.7,4071.0,Free
434,"104 Looking for a job - looking for a job, looking for a job, looking for a part-time job, health checkup, resume, treatment room",BUSINESS,Everyone,Business,1000000.0,0.0,4.4,74359.0,Free
435,2017 BN SM Sales Conference,BUSINESS,Teen,Business,100.0,0.0,,2.0,Free
436,23rd QM BDE EO,BUSINESS,Everyone,Business,10.0,0.0,,0.0,Free
437,4Eternity EO,BUSINESS,Everyone,Business,10.0,0.0,,0.0,Free
438,A/C REFRIGERANT CAPACITY,BUSINESS,Everyone,Business,10000.0,0.0,1.7,84.0,Free
439,AC Freedom,BUSINESS,Everyone,Business,100000.0,0.0,3.5,537.0,Free
440,Accounting App - Zoho Books,BUSINESS,Everyone,Business,100000.0,0.0,4.5,3079.0,Free
441,Accounting App - Zoho Books,BUSINESS,Everyone,Business,100000.0,0.0,4.5,3079.0,Free
442,ADMIRALTY H-Note,BUSINESS,Everyone,Business,10000.0,0.0,4.5,176.0,Free
443,ADP Mobile Solutions,BUSINESS,Everyone,Business,5000000.0,0.0,4.3,85185.0,Free
444,AdWords Express,BUSINESS,Everyone,Business,1000000.0,0.0,4.1,7149.0,Free
445,AdWords Express,BUSINESS,Everyone,Business,1000000.0,0.0,4.1,7149.0,Free
446,Aegis BT,BUSINESS,Everyone,Business,500.0,0.0,4.8,16.0,Free
447,AF Legendary 2017,BUSINESS,Teen,Business,50.0,0.0,,0.0,Free
448,AF Our Time to Shine,BUSINESS,Everyone,Business,100.0,0.0,,0.0,Free
449,Ag Valley Cooperative,BUSINESS,Everyone,Business,500.0,0.0,5.0,6.0,Free
450,Ag-Power,BUSINESS,Everyone,Business,10.0,0.0,,0.0,Free
451,Ag-Pro Companies,BUSINESS,Everyone,Business,50.0,0.0,,0.0,Free
452,AirWatch Agent,BUSINESS,Everyone,Business,5000000.0,0.0,3.1,20973.0,Free
453,AirWatch Inbox,BUSINESS,Everyone,Business,1000000.0,0.0,2.7,8346.0,Free
454,Alba Heaven - Alvarez Job Portal Services,BUSINESS,Everyone,Business,5000000.0,0.0,4.0,8941.0,Free
455,Allsetra B.V.,BUSINESS,Everyone,Business,1000.0,0.0,4.1,15.0,Free
456,Ambient CX,BUSINESS,Everyone,Business,5.0,0.0,,0.0,Free
457,AO-EVENT,BUSINESS,Everyone,Business,100.0,0.0,,0.0,Free
458,AP Mobile 104,BUSINESS,Everyone,Business,100.0,0.0,,0.0,Free
459,AQ Service,BUSINESS,Everyone,Business,10.0,0.0,,4.0,Free
460,Asana: organize team projects,BUSINESS,Everyone,Business,1000000.0,0.0,4.3,20815.0,Free
461,Asana: organize team projects,BUSINESS,Everyone,Business,1000000.0,0.0,4.3,20815.0,Free
462,ATI Cargoes and Transportation,BUSINESS,Everyone,Business,100000.0,0.0,4.7,4162.0,Free
463,Augment - 3D Augmented Reality,BUSINESS,Everyone,Business,1000000.0,0.0,4.1,25195.0,Free
464,Autoroute.EU,BUSINESS,Everyone,Business,1000.0,0.0,,10.0,Free
465,Avaya CX,BUSINESS,Everyone,Business,1000.0,0.0,4.4,21.0,Free
466,AW Toolbox,BUSINESS,Everyone,Business,100.0,19.9,,3.0,Paid
467,AX Timesheets App for Dynamics,BUSINESS,Everyone,Business,10.0,0.0,,0.0,Free
468,AY EMLAK,BUSINESS,Teen,Business,10.0,0.0,,8.0,Free
469,Ay Peruk,BUSINESS,Everyone,Business,1.0,0.0,,0.0,Free
470,AY Recruitment,BUSINESS,Everyone,Business,10.0,0.0,,1.0,Free
471,AZ Mobile Gizmo,BUSINESS,Everyone,Business,1000.0,0.0,4.4,16.0,Free
472,BA4You,BUSINESS,Everyone,Business,5000.0,0.0,2.1,87.0,Free
473,BC browser,BUSINESS,Everyone,Business,100.0,0.0,,1.0,Free
474,BD Online Shop,BUSINESS,Everyone,Business,5000.0,0.0,4.2,63.0,Free
475,Become a Job - Find a job or advertise,BUSINESS,Everyone,Business,1000000.0,0.0,4.1,6903.0,Free
476,BF Family user,BUSINESS,Everyone,Business,100.0,0.0,,8.0,Free
477,Bf Light,BUSINESS,Everyone,Business,1000.0,0.0,,6.0,Free
478,BH Táxi,BUSINESS,Everyone,Business,5000.0,0.0,3.9,91.0,Free
479,BI Office,BUSINESS,Everyone,Business,10000.0,0.0,4.0,76.0,Free
480,BI SmartLINK,BUSINESS,Everyone,Business,5000.0,0.0,3.6,16.0,Free
481,Bill Miller Bar-B-Q Store Ops,BUSINESS,Everyone,Business,100.0,0.0,,0.0,Free
482,Bing Ads,BUSINESS,Everyone,Business,100000.0,0.0,4.1,1828.0,Free
483,BJ Adams,BUSINESS,Everyone,Business,5.0,0.0,,1.0,Free
484,BJ Foods,BUSINESS,Everyone,Business,10.0,0.0,5.0,3.0,Free
485,BJ TIKET,BUSINESS,Everyone,Business,10.0,0.0,,3.0,Free
486,BK Arogyam Task Track,BUSINESS,Everyone,Business,100.0,0.0,5.0,8.0,Free
487,Bk Bee Sales Manager,BUSINESS,Everyone,Business,5.0,0.99,,0.0,Paid
488,bk Group Mobile,BUSINESS,Everyone,Business,50.0,0.0,,1.0,Free
489,BL Carrier,BUSINESS,Everyone,Business,10.0,0.0,,0.0,Free
490,BlueJeans for Android,BUSINESS,Everyone,Business,500000.0,0.0,3.9,1058.0,Free
491,BN Habitat - Property Experts - Buy | Sell | Rent,BUSINESS,Everyone,Business,50.0,0.0,,0.0,Free
492,BN Mi Banco,BUSINESS,Everyone,Business,100000.0,0.0,3.0,597.0,Free
493,Border Ag & Energy,BUSINESS,Everyone,Business,50.0,0.0,,0.0,Free
494,Box,BUSINESS,Everyone,Business,10000000.0,0.0,4.2,159872.0,Free
495,Box,BUSINESS,Everyone,Business,10000000.0,0.0,4.2,159872.0,Free
496,Box,BUSINESS,Everyone,Business,10000000.0,0.0,4.2,159872.0,Free
497,BP Service,BUSINESS,Everyone,Business,100.0,0.0,,0.0,Free
498,BP World Energy,BUSINESS,Everyone,Business,10000.0,0.0,3.4,25.0,Free
499,BR Classified,BUSINESS,Everyone,Business,50.0,0.0,,0.0,Free
500,BT Find Address for Bluetooth,BUSINESS,Everyone,Business,5000.0,0.0,4.8,8.0,Free
501,BT One Mobile secure access,BUSINESS,Everyone,Business,10000.0,0.0,3.4,54.0,Free
502,BT One Voice anywhere,BUSINESS,Everyone,Business,10000.0,0.0,4.5,80.0,Free
503,BT Share It,BUSINESS,Everyone,Business,500.0,0.0,4.7,12.0,Free
504,Business Dictionary,BUSINESS,Everyone,Business,500000.0,0.0,4.2,5988.0,Free
505,Business Mitra (BM),BUSINESS,Everyone,Business,100.0,0.0,4.9,13.0,Free
506,BV Forest,BUSINESS,Everyone,Business,100.0,0.0,,0.0,Free
507,BV Link,BUSINESS,Everyone,Business,100.0,0.0,,10.0,Free
508,BV MAAp,BUSINESS,Everyone,Business,100.0,0.0,,9.0,Free
509,BV Productions,BUSINESS,Everyone,Business,1.0,0.0,,0.0,Free
510,BV Smart,BUSINESS,Everyone,Business,1000.0,0.0,4.3,28.0,Free
511,BV Teknisk App,BUSINESS,Everyone,Business,50.0,0.0,,0.0,Free
512,BW COMPANY FINDER,BUSINESS,Everyone,Business,1000.0,0.0,4.6,48.0,Free
513,BW eServices,BUSINESS,Everyone,Business,10.0,0.0,,1.0,Free
514,BX Mobile TMC for SAP B1,BUSINESS,Everyone,Business,100.0,0.0,4.7,3.0,Free
515,BZ Reminder,BUSINESS,Everyone,Business,1000000.0,0.0,4.7,41625.0,Free
516,BZ Reminder PRO,BUSINESS,Everyone,Business,1000.0,3.99,4.8,726.0,Paid
517,CA Case Management,BUSINESS,Everyone,Business,500.0,0.0,2.4,16.0,Free
518,CA Clarity Mobile Time Manager,BUSINESS,Everyone,Business,10000.0,0.0,3.1,104.0,Free
519,CA Latam Partners,BUSINESS,Everyone,Business,10.0,0.0,,0.0,Free
520,CA Mobile Authenticator,BUSINESS,Everyone,Business,1000.0,0.0,,9.0,Free
521,CA Service Management,BUSINESS,Everyone,Business,10000.0,0.0,3.4,91.0,Free
522,CA UIM Mobile,BUSINESS,Everyone,Business,1000.0,0.0,3.2,54.0,Free
523,Call Blocker,BUSINESS,Everyone,Business,5000000.0,0.0,4.6,188841.0,Free
524,CB Land,BUSINESS,Everyone,Business,100.0,0.0,,0.0,Free
525,CB Mobile,BUSINESS,Everyone,Business,100.0,0.0,,3.0,Free
526,CD Events,BUSINESS,Everyone,Business,100.0,0.0,,1.0,Free
527,CD Ready,BUSINESS,Everyone,Business,1000.0,0.0,4.6,52.0,Free
528,CD Roma's,BUSINESS,Everyone,Business,100.0,0.0,,2.0,Free
529,CD Supply,BUSINESS,Mature 17+,Business,5.0,0.0,,0.0,Free
530,CD-Zing,BUSINESS,Everyone,Business,1000.0,0.0,3.8,70.0,Free
531,CE Intelligence,BUSINESS,Everyone,Business,5.0,0.0,,0.0,Free
532,CE SmartApp.com,BUSINESS,Everyone,Business,100.0,0.0,,0.0,Free
533,CH Kadels,BUSINESS,Everyone,Business,1000.0,0.0,4.4,36.0,Free
534,Ci - Logistics Group,BUSINESS,Everyone,Business,50.0,0.0,,1.0,Free
535,CI SA,BUSINESS,Everyone,Business,10.0,0.0,,0.0,Free
536,CI View,BUSINESS,Everyone,Business,100.0,0.0,,2.0,Free
537,Cisco Webex Meetings,BUSINESS,Everyone,Business,10000000.0,0.0,4.4,108741.0,Free
538,Cisco Webex Teams,BUSINESS,Everyone,Business,100000.0,0.0,4.2,1661.0,Free
539,CJ Apps,BUSINESS,Everyone,Business,10.0,0.0,,0.0,Free
540,CJ IT ApS,BUSINESS,Everyone,Business,10.0,0.0,,0.0,Free
541,CJ the REALTOR,BUSINESS,Everyone,Business,10.0,0.0,5.0,1.0,Free
542,CK Employee Portal,BUSINESS,Everyone,Business,1000.0,0.0,5.0,7.0,Free
543,CL Clock,BUSINESS,Everyone,Business,1000.0,0.0,2.7,7.0,Free
544,ClickMeeting Webinars,BUSINESS,Everyone,Business,1000000.0,0.0,3.8,5211.0,Free
545,CM FILE MANAGER Pro,BUSINESS,Everyone,Business,10000.0,2.99,4.2,2359.0,Paid
546,Company Kitchen Inventory,BUSINESS,Everyone,Business,1000.0,0.0,,3.0,Free
547,Coomotaxi BH,BUSINESS,Everyone,Business,5000.0,0.0,,94.0,Free
548,Corporate B.S. Generator,BUSINESS,Everyone,Business,10.0,0.0,,0.0,Free
549,CP Cloud,BUSINESS,Everyone,Business,100.0,0.0,,3.0,Free
550,CP Installer App,BUSINESS,Everyone,Business,100.0,0.0,5.0,4.0,Free
551,CP Plus Showcase,BUSINESS,Everyone,Business,50000.0,0.0,4.3,236.0,Free
552,CP Ready,BUSINESS,Everyone,Business,1000.0,0.0,4.5,56.0,Free
553,CP ToolBox,BUSINESS,Everyone,Business,1000.0,0.0,4.6,70.0,Free
554,CQ ESPM,BUSINESS,Everyone,Business,5.0,0.0,5.0,2.0,Free
555,CR Magazine,BUSINESS,Everyone,Business,100.0,0.0,1.0,1.0,Free
556,Create apps fast with beautiful design and no code,BUSINESS,Everyone,Business,1000000.0,0.0,3.7,23729.0,Free
557,Create My App,BUSINESS,Everyone,Business,10.0,0.0,,0.0,Free
558,Crew - Free Messaging and Scheduling,BUSINESS,Everyone,Business,500000.0,0.0,4.6,4159.0,Free
559,Crew - Free Messaging and Scheduling,BUSINESS,Everyone,Business,500000.0,0.0,4.6,4159.0,Free
560,CS,BUSINESS,Everyone,Business,100.0,0.0,,5.0,Free
561,Curriculum Vitae,BUSINESS,Everyone,Business,1000000.0,0.0,3.7,3757.0,Free
562,Curriculum vitae App CV Builder Free Resume Maker,BUSINESS,Everyone,Business,500000.0,0.0,4.5,4458.0,Free
563,Curriculum vitae App CV Builder Free Resume Maker,BUSINESS,Everyone,Business,500000.0,0.0,4.5,4571.0,Free
564,Custos F.O.,BUSINESS,Everyone,Business,1.0,0.0,,0.0,Free
565,CV (Curriculum Vitae / Resume) Maker,BUSINESS,Everyone,Business,5000.0,0.0,,4.0,Free
566,CV Builder,BUSINESS,Everyone,Business,10000.0,0.0,3.8,203.0,Free
567,CV Builder for Smart Resumes,BUSINESS,Everyone,Business,1000.0,0.0,3.4,22.0,Free
568,CV Engineer - Free Resume Maker & CV Templates,BUSINESS,Everyone,Business,10000.0,0.0,4.6,213.0,Free
569,CV EXAMPLES,BUSINESS,Everyone,Business,100000.0,0.0,4.1,423.0,Free
570,CV Maker Pro,BUSINESS,Everyone,Business,10000.0,0.0,3.7,113.0,Free
571,CV S ( CV Editor - Resume ),BUSINESS,Teen,Business,100000.0,0.0,4.5,3972.0,Free
572,CV Samples 2018,BUSINESS,Everyone,Business,10000.0,0.0,4.3,34.0,Free
573,CV-Library Job Search,BUSINESS,Everyone,Business,100000.0,0.0,4.4,6997.0,Free
574,CVRIA,BUSINESS,Everyone,Business,10000.0,0.0,4.7,68.0,Free
575,CW Deposit,BUSINESS,Everyone,Business,1000.0,0.0,3.0,4.0,Free
576,CX Capture,BUSINESS,Everyone,Business,100.0,0.0,,1.0,Free
577,CX Carrier Lite,BUSINESS,Everyone,Business,10.0,0.0,,0.0,Free
578,CX Elevated,BUSINESS,Everyone,Business,50.0,0.0,,0.0,Free
579,CX Network,BUSINESS,Everyone,Business,0.0,0.0,,0.0,Free
580,CX North America,BUSINESS,Everyone,Business,500.0,0.0,3.9,10.0,Free
581,Cy-Fair Houston Chamber,BUSINESS,Everyone,Business,5.0,0.0,,0.0,Free
582,DB Customer Connect,BUSINESS,Everyone,Business,10000.0,0.0,4.2,100.0,Free
583,DB Pickles,BUSINESS,Everyone,Business,100.0,0.0,5.0,5.0,Free
584,DB Stay Connected,BUSINESS,Everyone,Business,1000.0,0.0,4.6,17.0,Free
585,Debra Care Conference,BUSINESS,Everyone,Business,50.0,0.0,,0.0,Free
586,DF Tracker,BUSINESS,Everyone,Business,100.0,0.0,,2.0,Free
587,DF@realtime,BUSINESS,Everyone,Business,1000.0,0.0,4.3,24.0,Free
588,df-Vegetable,BUSINESS,Everyone,Business,5.0,0.0,,0.0,Free
589,DF-View,BUSINESS,Everyone,Business,100.0,0.0,,0.0,Free
590,DG Monitor,BUSINESS,Everyone,Business,100.0,0.0,,1.0,Free
591,DG Surveyor,BUSINESS,Everyone,Business,50.0,8.99,3.6,5.0,Paid
592,DH-Security Camera,BUSINESS,Everyone,Business,100.0,0.0,,3.0,Free
593,DHV accountancy BV,BUSINESS,Everyone,Business,10.0,0.0,,0.0,Free
594,DICT.fr Mobile,BUSINESS,Everyone,Business,10000.0,0.0,,20.0,Free
595,dk Verk,BUSINESS,Everyone,Business,500.0,0.0,4.4,9.0,Free
596,DN Advanced Service Coder,BUSINESS,Everyone,Business,10.0,0.0,,0.0,Free
597,DN Diamonds,BUSINESS,Everyone,Business,100.0,0.0,,4.0,Free
598,DN Managed Mobility App,BUSINESS,Everyone,Business,50.0,0.0,,0.0,Free
599,DN Premium Hookah Lounge,BUSINESS,Everyone,Business,50.0,0.0,,1.0,Free
600,DN Snacks,BUSINESS,Everyone,Business,1.0,0.0,,0.0,Free
601,Docs To Go™ Free Office Suite,BUSINESS,Everyone,Business,50000000.0,0.0,4.1,217730.0,Free
602,Docs To Go™ Free Office Suite,BUSINESS,Everyone,Business,50000000.0,0.0,4.1,217730.0,Free
603,Dotti EU,BUSINESS,Everyone,Business,1000.0,0.0,,15.0,Free
604,DQ Events,BUSINESS,Everyone,Business,10000.0,0.0,2.3,41.0,Free
605,DQT GPS,BUSINESS,Everyone,Business,500.0,0.0,4.0,3.0,Free
606,DS - xR,BUSINESS,Everyone,Business,10.0,0.0,,2.0,Free
607,DS Helpdesk Plus,BUSINESS,Everyone,Business,100.0,12.99,3.6,21.0,Paid
608,DS Vision,BUSINESS,Everyone,Business,5.0,0.0,,0.0,Free
609,DS-11 form,BUSINESS,Everyone,Business,100.0,0.0,,3.0,Free
610,DS-82 form,BUSINESS,Everyone,Business,100.0,0.0,,1.0,Free
611,DT Fieldlink,BUSINESS,Everyone,Business,500.0,0.0,3.0,2.0,Free
612,DT Practice,BUSINESS,Everyone,Business,500.0,0.0,,6.0,Free
613,DW Mobile,BUSINESS,Everyone,Business,10000.0,0.0,2.7,33.0,Free
614,DW Security,BUSINESS,Everyone,Business,100.0,0.0,5.0,6.0,Free
615,DW Spectrum™ IP VMS,BUSINESS,Everyone,Business,10000.0,0.0,3.4,102.0,Free
616,DW Spectrum™ IPVMS Mobile,BUSINESS,Everyone,Business,10000.0,0.0,4.0,44.0,Free
617,DW Tech Tools,BUSINESS,Everyone,Business,100.0,0.0,,1.0,Free
618,DW Witness,BUSINESS,Everyone,Business,500.0,0.0,4.0,6.0,Free
619,DY TECHNICAL GYAN,BUSINESS,Everyone,Business,10.0,0.0,4.0,2.0,Free
620,Dynamics AX,BUSINESS,Everyone,Business,10000.0,0.0,3.7,244.0,Free
621,E.U. Trademark Search Tool,BUSINESS,Everyone,Business,10.0,0.0,,0.0,Free
622,Easy Installer - Apps On SD,BUSINESS,Everyone,Business,5000000.0,0.0,4.1,23055.0,Free
623,EasyLive - FB Live Helper,BUSINESS,Teen,Business,500.0,0.0,,6.0,Free
624,EB Cash Collections,BUSINESS,Everyone,Business,5.0,0.0,5.0,1.0,Free
625,EB Kit,BUSINESS,Everyone,Business,100.0,0.0,,4.0,Free
626,EB Remote Deposit,BUSINESS,Everyone,Business,10.0,0.0,,0.0,Free
627,EB-Link,BUSINESS,Everyone,Business,100.0,0.0,4.8,6.0,Free
628,EC - Encumbrance Search - telangana state,BUSINESS,Everyone,Business,10000.0,0.0,3.4,45.0,Free
629,EC Reps,BUSINESS,Everyone,Business,100.0,0.0,4.0,1.0,Free
630,Ec Solutions Mobile,BUSINESS,Everyone,Business,10.0,0.0,,0.0,Free
631,EF App,BUSINESS,Everyone,Business,100.0,0.0,5.0,8.0,Free
632,EF Catalogues · Kataloge,BUSINESS,Everyone,Business,500.0,0.0,,15.0,Free
633,EF Forms,BUSINESS,Everyone,Business,50.0,0.0,5.0,2.0,Free
634,EG CrossPad,BUSINESS,Everyone,Business,1000.0,0.0,,3.0,Free
635,EG CrossPad - ASPECT4,BUSINESS,Everyone,Business,1000.0,0.0,,4.0,Free
636,EG Mantenimiento,BUSINESS,Teen,Business,50.0,0.0,,1.0,Free
637,EG Retail,BUSINESS,Everyone,Business,500.0,0.0,2.4,29.0,Free
638,"EG SIM CARD (EGSIMCARD, 이지심카드)",BUSINESS,Everyone,Business,50000.0,0.0,2.9,322.0,Free
639,EG-Boost,BUSINESS,Everyone,Business,1000.0,0.0,4.1,25.0,Free
640,EH Autolink,BUSINESS,Everyone,Business,100.0,0.0,,1.0,Free
641,eHub,BUSINESS,Everyone,Business,100000.0,0.0,4.2,6969.0,Free
642,Ej-buy,BUSINESS,Everyone,Business,5.0,0.0,,2.0,Free
643,ElejaOnline DF,BUSINESS,Everyone,Business,50.0,0.0,,0.0,Free
644,Employ Florida Mobile,BUSINESS,Everyone,Business,10000.0,0.0,2.9,97.0,Free
645,Encumbrance Certificate - (Obsolete),BUSINESS,Everyone,Business,50000.0,0.0,3.9,184.0,Free
646,Endress+Hauser Operations,BUSINESS,Everyone,Business,10000.0,0.0,4.5,234.0,Free
647,EO,BUSINESS,Everyone,Business,50.0,0.0,,0.0,Free
648,EO Events,BUSINESS,Teen,Business,10.0,0.0,,0.0,Free
649,EO Forum,BUSINESS,Everyone,Business,100.0,0.0,,0.0,Free
650,EO Global,BUSINESS,Everyone,Business,1000.0,0.0,2.6,13.0,Free
651,EO GSEA,BUSINESS,Everyone,Business,10.0,0.0,,1.0,Free
652,EO Hub,BUSINESS,Teen,Business,50.0,0.0,,0.0,Free
653,EO KOREA,BUSINESS,Teen,Business,50.0,0.0,,0.0,Free
654,EO Network,BUSINESS,Teen,Business,1000.0,0.0,3.5,13.0,Free
655,EO SA Benefits,BUSINESS,Everyone,Business,10.0,0.0,,0.0,Free
656,EO SouthAsia,BUSINESS,Teen,Business,100.0,0.0,4.2,8.0,Free
657,EP,BUSINESS,Everyone,Business,100.0,0.0,,3.0,Free
658,ES Anywhere,BUSINESS,Everyone,Business,100.0,0.0,4.7,10.0,Free
659,ES Solar,BUSINESS,Everyone,Business,100.0,0.0,5.0,3.0,Free
660,ES Task Manager (Task Killer ),BUSINESS,Everyone,Business,10000000.0,0.0,4.3,171771.0,Free
661,EU FP7 Adventure,BUSINESS,Everyone,Business,100.0,0.0,,2.0,Free
662,EU FP7 SAM,BUSINESS,Everyone,Business,10.0,0.0,,0.0,Free
663,EU FTL Calculator,BUSINESS,Everyone,Business,10000.0,0.0,3.6,60.0,Free
664,EU GDPR RiskCalc,BUSINESS,Everyone,Business,50.0,0.0,,1.0,Free
665,eu sou franky,BUSINESS,Everyone,Business,10000.0,0.0,3.7,195.0,Free
666,EU VAT Checker,BUSINESS,Everyone,Business,1000.0,0.0,3.1,7.0,Free
667,EU Whoiswho,BUSINESS,Everyone,Business,10.0,0.0,,0.0,Free
668,EURES - Your Job in Europe,BUSINESS,Everyone,Business,50000.0,0.0,2.7,358.0,Free
669,EW Gate,BUSINESS,Everyone,Business,50.0,0.0,,0.0,Free
670,EW Handbook,BUSINESS,Everyone,Business,100.0,0.0,,1.0,Free
671,EW Login,BUSINESS,Everyone,Business,10.0,0.0,,0.0,Free
672,EW Manager,BUSINESS,Everyone,Business,10.0,0.0,,0.0,Free
673,Ex Service Taxis,BUSINESS,Everyone,Business,1000.0,0.0,3.5,15.0,Free
674,EY Africa,BUSINESS,Everyone,Business,100.0,0.0,,0.0,Free
675,EY Catalyst Reader,BUSINESS,Everyone,Business,5.0,0.0,,1.0,Free
676,EY Conferences,BUSINESS,Everyone,Business,1000.0,0.0,,1.0,Free
677,EY Digi India Personal Tax,BUSINESS,Everyone,Business,100.0,0.0,4.0,2.0,Free
678,EY Digital Direct,BUSINESS,Everyone,Business,5.0,0.0,,0.0,Free
679,EY Digital Tax AR,BUSINESS,Everyone,Business,100.0,0.0,,2.0,Free
680,EY Divest,BUSINESS,Everyone,Business,5.0,0.0,,0.0,Free
681,EY EMEIA Diversity & Inclusion,BUSINESS,Everyone,Business,500.0,0.0,,4.0,Free
682,EY Events,BUSINESS,Everyone,Business,10000.0,0.0,2.5,31.0,Free
683,EY GlobalOne,BUSINESS,Everyone,Business,1000.0,0.0,2.7,11.0,Free
684,EY India CFO Insights,BUSINESS,Everyone,Business,5000.0,0.0,4.7,37.0,Free
685,EY India Tax Insights,BUSINESS,Everyone,Business,10000.0,0.0,4.7,87.0,Free
686,EY Oil & Gas,BUSINESS,Everyone,Business,1000.0,0.0,4.6,20.0,Free
687,EY Tax Briefing,BUSINESS,Everyone,Business,100.0,0.0,,3.0,Free
688,EY TaxLaw NL,BUSINESS,Everyone,Business,100.0,0.0,,9.0,Free
689,EY-Parthenon,BUSINESS,Everyone,Business,5.0,0.0,,1.0,Free
690,Ez Texting,BUSINESS,Everyone,Business,10000.0,0.0,3.3,49.0,Free
691,EZ Thanks,BUSINESS,Everyone,Business,10000.0,0.0,3.2,116.0,Free
692,EZ View,BUSINESS,Everyone,Business,50000.0,0.0,3.0,287.0,Free
693,Facebook Ads Manager,BUSINESS,Everyone,Business,1000000.0,0.0,4.1,19023.0,Free
694,Facebook Ads Manager,BUSINESS,Everyone,Business,1000000.0,0.0,4.1,19051.0,Free
695,Facebook Face to Face Events,BUSINESS,Everyone,Business,1000000.0,0.0,4.4,4518.0,Free
696,Facebook Pages Manager,BUSINESS,Everyone,Business,50000000.0,0.0,4.0,1279184.0,Free
697,Facebook Pages Manager,BUSINESS,Everyone,Business,50000000.0,0.0,4.0,1279800.0,Free
698,Fast Scanner : Free PDF Scan,BUSINESS,Everyone,Business,10000000.0,0.0,4.5,103755.0,Free
699,Fast Scanner : Free PDF Scan,BUSINESS,Everyone,Business,10000000.0,0.0,4.5,103755.0,Free
700,FB Live,BUSINESS,Everyone,Business,5000.0,0.0,3.7,27.0,Free
701,FE Connect Drive-Tech,BUSINESS,Everyone,Business,100.0,0.0,,0.0,Free
702,FE Mobile,BUSINESS,Everyone,Business,10.0,0.0,3.0,2.0,Free
703,FG VOC,BUSINESS,Everyone,Business,1000.0,0.0,4.8,6.0,Free
704,F-Gas Solutions,BUSINESS,Everyone,Business,10000.0,0.0,4.2,127.0,Free
705,FH App,BUSINESS,Everyone,Business,100.0,0.0,4.9,27.0,Free
706,FieldBi FR Offline,BUSINESS,Everyone,Business,100.0,0.0,,2.0,Free
707,File Commander - File Manager/Explorer,BUSINESS,Everyone,Business,100000000.0,0.0,4.3,758590.0,Free
708,FILL EC,BUSINESS,Everyone,Business,100.0,0.0,4.1,13.0,Free
709,FK CLASSIC FOR YOU,BUSINESS,Everyone,Business,10.0,0.0,5.0,1.0,Free
710,FL Tax-Verify,BUSINESS,Everyone,Business,5000.0,0.0,3.8,17.0,Free
711,FlexRelease CX,BUSINESS,Everyone,Business,1000.0,0.0,,4.0,Free
712,FN,BUSINESS,Everyone,Business,50.0,0.0,5.0,14.0,Free
713,FP-safe,BUSINESS,Everyone,Business,100.0,0.0,,0.0,Free
714,FQ Load Board for Transporters,BUSINESS,Everyone,Business,100.0,0.0,,0.0,Free
715,FR Forms,BUSINESS,Everyone,Business,10.0,0.0,,0.0,Free
716,Fr Lupupa Sermons,BUSINESS,Everyone,Business,100.0,0.0,4.8,19.0,Free
717,"Free Professional Resume Builder, CV, Cover Letter",BUSINESS,Everyone,Business,50000.0,0.0,4.2,831.0,Free
718,Free Resume App,BUSINESS,Everyone,Business,1000000.0,0.0,4.6,15830.0,Free
719,Free Resume Builder – CV Maker,BUSINESS,Everyone,Business,5000.0,0.0,4.4,25.0,Free
720,Free resume builder CV maker templates PDF formats,BUSINESS,Everyone,Business,1000000.0,0.0,4.4,9555.0,Free
721,FreshBooks Classic,BUSINESS,Everyone,Business,100000.0,0.0,4.1,1802.0,Free
722,FreshBooks Classic,BUSINESS,Everyone,Business,100000.0,0.0,4.1,1802.0,Free
723,F-Secure Freedome for Business,BUSINESS,Everyone,Business,50000.0,0.0,3.8,183.0,Free
724,Genius Scan - PDF Scanner,BUSINESS,Everyone,Business,1000000.0,0.0,4.4,42492.0,Free
725,Genius Scan - PDF Scanner,BUSINESS,Everyone,Business,1000000.0,0.0,4.4,42492.0,Free
726,Global Shop,BUSINESS,Everyone,Business,50.0,0.0,,0.0,Free
727,Good&Co: Career match tests,BUSINESS,Everyone,Business,1000000.0,0.0,4.4,26572.0,Free
728,Google Ads,BUSINESS,Everyone,Business,5000000.0,0.0,4.3,29313.0,Free
729,Google Ads,BUSINESS,Everyone,Business,5000000.0,0.0,4.3,29313.0,Free
730,Google Ads,BUSINESS,Everyone,Business,5000000.0,0.0,4.3,29331.0,Free
731,Google Analytics,BUSINESS,Everyone,Business,1000000.0,0.0,4.5,78662.0,Free
732,Google Analytics,BUSINESS,Everyone,Business,1000000.0,0.0,4.5,78662.0,Free
733,Google My Business,BUSINESS,Everyone,Business,5000000.0,0.0,4.4,70991.0,Free
734,Google My Business,BUSINESS,Everyone,Business,5000000.0,0.0,4.4,70991.0,Free
735,Google My Business,BUSINESS,Everyone,Business,5000000.0,0.0,4.4,70991.0,Free
736,Google Primer,BUSINESS,Everyone,Business,10000000.0,0.0,4.4,62272.0,Free
737,HCP Anywhere,BUSINESS,Everyone,Business,5000.0,0.0,4.7,114.0,Free
738,HipChat - Chat Built for Teams,BUSINESS,Everyone,Business,500000.0,0.0,3.8,5868.0,Free
739,HipChat - Chat Built for Teams,BUSINESS,Everyone,Business,500000.0,0.0,3.8,5868.0,Free
740,HOW TO WRITE A CV,BUSINESS,Everyone,Business,100000.0,0.0,4.1,489.0,Free
741,HR Team CQ Region Ed Qld,BUSINESS,Everyone,Business,500.0,0.0,,0.0,Free
742,i am rich,BUSINESS,Everyone,Business,1000.0,0.0,3.9,213.0,Free
743,Indeed Job Search,BUSINESS,Everyone,Business,50000000.0,0.0,4.3,674730.0,Free
744,"IndiaMART: Search Products, Buy, Sell & Trade",BUSINESS,Everyone,Business,5000000.0,0.0,4.5,207372.0,Free
745,Insightly CRM,BUSINESS,Everyone,Business,100000.0,0.0,3.8,1383.0,Free
746,Insightly CRM,BUSINESS,Everyone,Business,100000.0,0.0,3.8,1383.0,Free
747,Invoice & Time Tracking - Zoho,BUSINESS,Everyone,Business,100000.0,0.0,4.6,5800.0,Free
748,Invoice & Time Tracking - Zoho,BUSINESS,Everyone,Business,100000.0,0.0,4.6,5800.0,Free
749,Invoice 2go — Professional Invoices and Estimates,BUSINESS,Everyone,Business,1000000.0,0.0,4.2,16422.0,Free
750,Invoice 2go — Professional Invoices and Estimates,BUSINESS,Everyone,Business,1000000.0,0.0,4.2,16422.0,Free
751,IRS W-9 form,BUSINESS,Everyone,Business,10000.0,0.0,4.8,492.0,Free
752,Ivanti AE Agent,BUSINESS,Everyone,Business,1000.0,0.0,,1.0,Free
753,Job Korea - Career Jobs,BUSINESS,Everyone,Business,1000000.0,0.0,4.3,10600.0,Free
754,Job Search by ZipRecruiter,BUSINESS,Everyone,Business,1000000.0,0.0,4.8,148945.0,Free
755,Job'Of - Emploi au Cameroun,BUSINESS,Everyone,Business,10000.0,0.0,4.1,294.0,Free
756,Jobs in Alabama - Jobs in Alba,BUSINESS,Everyone,Business,5000000.0,0.0,4.1,11622.0,Free
757,Jobs in Canada - Emplois au Canada,BUSINESS,Teen,Business,1000.0,0.0,5.0,2.0,Free
758,JOBS.bg,BUSINESS,Everyone,Business,100000.0,0.0,4.4,1630.0,Free
759,join.me - Simple Meetings,BUSINESS,Everyone,Business,1000000.0,0.0,4.0,6989.0,Free
760,join.me - Simple Meetings,BUSINESS,Everyone,Business,1000000.0,0.0,4.0,6989.0,Free
761,join.me - Simple Meetings,BUSINESS,Everyone,Business,1000000.0,0.0,4.0,6989.0,Free
762,Kariyer.net,BUSINESS,Everyone,Business,1000000.0,0.0,3.9,45964.0,Free
763,Konferencija.eu,BUSINESS,Everyone,Business,10.0,0.0,,3.0,Free
764,Kovax Europe B.V.,BUSINESS,Everyone,Business,500.0,0.0,,17.0,Free
765,Lean EQ,BUSINESS,Everyone,Business,10.0,89.99,,6.0,Paid
766,Local Services ads by Google,BUSINESS,Everyone,Business,1000.0,0.0,4.1,7.0,Free
767,"MailChimp - Email, Marketing Automation",BUSINESS,Everyone,Business,500000.0,0.0,4.1,5448.0,Free
768,"MailChimp - Email, Marketing Automation",BUSINESS,Everyone,Business,500000.0,0.0,4.1,5448.0,Free
769,Majestic Cinema CI,BUSINESS,Everyone,Business,5000.0,0.0,,45.0,Free
770,Merck CE,BUSINESS,Everyone,Business,100.0,0.0,4.5,2.0,Free
771,M-Files,BUSINESS,Everyone,Business,10000.0,0.0,4.4,236.0,Free
772,Micro.bg Cloud POS System,BUSINESS,Everyone,Business,100.0,0.0,,6.0,Free
773,Microsoft Power BI–Business data analytics,BUSINESS,Everyone,Business,100000.0,0.0,4.5,1819.0,Free
774,Microsoft Remote Desktop,BUSINESS,Everyone,Business,5000000.0,0.0,4.2,97702.0,Free
775,Mobile CS,BUSINESS,Everyone,Business,1000.0,0.0,4.0,13.0,Free
776,Mobile Doc Scanner (MDScan) Lite,BUSINESS,Everyone,Business,1000000.0,0.0,4.2,46505.0,Free
777,Mobile Doc Scanner (MDScan) Lite,BUSINESS,Everyone,Business,1000000.0,0.0,4.2,46505.0,Free
778,MobileBiz Co - Cloud Invoice,BUSINESS,Everyone,Business,10000.0,0.0,4.4,373.0,Free
779,Mu Elite BR,BUSINESS,Everyone 10+,Business,100.0,0.0,,30.0,Free
780,Mu Mobile BR,BUSINESS,Everyone,Business,100.0,0.0,4.5,43.0,Free
781,My Space - Employment Center,BUSINESS,Everyone,Business,1000000.0,0.0,4.5,67000.0,Free
782,Myanmar 2D/3D,BUSINESS,Everyone,Business,100000.0,0.0,4.6,822.0,Free
783,MyASUS - Service Center,BUSINESS,Everyone,Business,10000000.0,0.0,4.4,380837.0,Free
784,NativeScript Developer Day EU,BUSINESS,Everyone,Business,100.0,0.0,,2.0,Free
785,NEMA ei,BUSINESS,Everyone,Business,100.0,0.0,5.0,4.0,Free
786,Neon Blue Gaming Wallpaper&Theme fo Lenovo K8 Note,BUSINESS,Everyone,Business,500.0,0.0,4.6,7.0,Free
787,NetApp CE,BUSINESS,Everyone,Business,100.0,0.0,,0.0,Free
788,NetClient CS,BUSINESS,Everyone,Business,10000.0,0.0,3.5,125.0,Free
789,ODTMobile,BUSINESS,Everyone,Business,10000.0,0.0,3.4,15.0,Free
790,ODTMobile v4,BUSINESS,Everyone,Business,1000.0,0.0,4.0,3.0,Free
791,OfficeSuite : Free Office + PDF Editor,BUSINESS,Everyone,Business,100000000.0,0.0,4.3,1002861.0,Free
792,OfficeSuite : Free Office + PDF Editor,BUSINESS,Everyone,Business,100000000.0,0.0,4.3,1002859.0,Free
793,OfficeSuite Pro + PDF (Trial),BUSINESS,Everyone,Business,10000000.0,0.0,4.2,88073.0,Free
794,Oracle BI Mobile,BUSINESS,Everyone,Business,10000.0,0.0,4.0,282.0,Free
795,Oracle CX Cloud Mobile,BUSINESS,Everyone,Business,5000.0,0.0,4.4,48.0,Free
796,Patchcord.ca Inc. App Launcher,BUSINESS,Everyone,Business,10.0,0.0,,0.0,Free
797,PAY DT,BUSINESS,Everyone,Business,1.0,0.0,,0.0,Free
798,PDF Reader - Scan、Edit & Share,BUSINESS,Everyone,Business,10000000.0,0.0,4.3,54520.0,Free
799,PIO bv App,BUSINESS,Everyone,Business,10.0,0.0,,2.0,Free
800,PIO bv Transport App,BUSINESS,Everyone,Business,5.0,0.0,,0.0,Free
801,PlayMotiv dn edition,BUSINESS,Everyone,Business,500.0,0.0,,0.0,Free
802,Plugin:AOT v5.0,BUSINESS,Everyone,Business,100000.0,0.0,3.1,4034.0,Free
803,Polaris Office for LG,BUSINESS,Everyone,Business,5000000.0,0.0,4.2,30847.0,Free
804,Propel BI APP,BUSINESS,Everyone,Business,100.0,0.0,5.0,3.0,Free
805,Q MINDshare Mobile,BUSINESS,Everyone,Business,10000.0,0.0,3.4,24.0,Free
806,Q Operator,BUSINESS,Everyone,Business,1000.0,0.0,4.6,60.0,Free
807,Qserve EU MDR First Aid,BUSINESS,Everyone,Business,100.0,0.0,3.0,2.0,Free
808,QuestionPro - CX,BUSINESS,Everyone,Business,50.0,0.0,,1.0,Free
809,Quick PDF Scanner + OCR FREE,BUSINESS,Everyone,Business,5000000.0,0.0,4.2,80805.0,Free
810,Quick PDF Scanner + OCR FREE,BUSINESS,Everyone,Business,5000000.0,0.0,4.2,80805.0,Free
811,Quick PDF Scanner + OCR FREE,BUSINESS,Everyone,Business,5000000.0,0.0,4.2,80804.0,Free
812,QuickBooks Accounting: Invoicing & Expenses,BUSINESS,Everyone,Business,1000000.0,0.0,4.3,23175.0,Free
813,QuickBooks Accounting: Invoicing & Expenses,BUSINESS,Everyone,Business,1000000.0,0.0,4.3,23175.0,Free
814,QuickBooks Accounting: Invoicing & Expenses,BUSINESS,Everyone,Business,1000000.0,0.0,4.3,23175.0,Free
815,R+F PULSE,BUSINESS,Everyone,Business,10000.0,0.0,3.4,58.0,Free
816,Ramdor DM Mobile,BUSINESS,Everyone,Business,100.0,0.0,,1.0,Free
817,realcommercial.com.au,BUSINESS,Everyone,Business,50000.0,0.0,4.4,128.0,Free
818,Resume ( CV Editor ),BUSINESS,Everyone,Business,10000.0,0.0,4.5,416.0,Free
819,Resume / CV,BUSINESS,Everyone,Business,10000.0,0.0,3.6,125.0,Free
820,Resume App,BUSINESS,Everyone,Business,1000000.0,0.0,4.4,11310.0,Free
821,Resume Builder - Curriculum Vitae & Resume Maker,BUSINESS,Everyone,Business,5000.0,0.0,4.0,12.0,Free
822,Resume Builder - Free CV Maker & Premium Templates,BUSINESS,Everyone,Business,100000.0,0.0,4.6,770.0,Free
823,Resume Builder / CV Maker & Templates,BUSINESS,Everyone,Business,5000.0,0.0,4.4,25.0,Free
824,"Resume Builder Free, 5 Minute CV Maker & Templates",BUSINESS,Everyone,Business,1000000.0,0.0,4.4,72202.0,Free
825,"Resume Builder Free, CV Maker & Resume Templates",BUSINESS,Everyone,Business,1000000.0,0.0,4.4,20921.0,Free
826,Resume Maker - Creator,BUSINESS,Everyone,Business,50000.0,0.0,4.3,740.0,Free
827,"Resume Maker:Free CV Maker,Templates Builder",BUSINESS,Everyone,Business,100000.0,0.0,4.2,715.0,Free
828,Resume PDF Maker / CV Builder,BUSINESS,Everyone,Business,500000.0,0.0,4.4,2147.0,Free
829,RGN CI-Control,BUSINESS,Everyone,Business,50.0,0.0,,0.0,Free
830,RRIMS FO,BUSINESS,Everyone,Business,100.0,0.0,,2.0,Free
831,sABN,BUSINESS,Everyone,Business,1000000.0,0.0,4.4,2287.0,Free
832,Safe Ag Systems™,BUSINESS,Everyone,Business,100.0,0.0,4.7,3.0,Free
833,SCM FPS Status,BUSINESS,Everyone,Business,10000.0,0.0,4.2,123.0,Free
834,ScreenMeet. Easy Phone Meeting,BUSINESS,Everyone,Business,100000.0,0.0,4.0,624.0,Free
835,Secure Folder,BUSINESS,Everyone,Business,50000000.0,0.0,3.8,14760.0,Free
836,SEEK Job Search,BUSINESS,Everyone,Business,1000000.0,0.0,4.3,14955.0,Free
837,Sensenuts eI,BUSINESS,Everyone,Business,5.0,0.0,,0.0,Free
838,SignEasy | Sign and Fill PDF and other Documents,BUSINESS,Everyone,Business,1000000.0,0.0,4.3,8978.0,Free
839,SignEasy | Sign and Fill PDF and other Documents,BUSINESS,Everyone,Business,1000000.0,0.0,4.3,8978.0,Free
840,Sisense Mobile BI,BUSINESS,Everyone,Business,1000.0,0.0,4.9,23.0,Free
841,Skype for Business for Android,BUSINESS,Everyone,Business,10000000.0,0.0,3.9,78172.0,Free
842,SkyTest BU/GU Lite,BUSINESS,Everyone,Business,500.0,17.99,2.9,28.0,Paid
843,Slack,BUSINESS,Everyone,Business,5000000.0,0.0,4.4,51507.0,Free
844,Slack,BUSINESS,Everyone,Business,5000000.0,0.0,4.4,51507.0,Free
845,Slack,BUSINESS,Everyone,Business,5000000.0,0.0,4.4,51510.0,Free
846,SmartCircle Remote DS,BUSINESS,Everyone,Business,500.0,0.0,,2.0,Free
847,Snag - Jobs Hiring Now,BUSINESS,Everyone,Business,1000000.0,0.0,4.3,32584.0,Free
848,Square Point of Sale - POS,BUSINESS,Everyone,Business,5000000.0,0.0,4.6,95912.0,Free
849,Start Meeting,BUSINESS,Everyone,Business,50000.0,0.0,4.1,308.0,Free
850,"Super Resume Builder Pro, CV",BUSINESS,Everyone,Business,1000.0,4.99,4.4,244.0,Paid
851,SuperLivePro,BUSINESS,Everyone,Business,1000000.0,0.0,4.3,46353.0,Free
852,TANGEDCO Mobile App (Official),BUSINESS,Everyone,Business,500000.0,0.0,3.3,2915.0,Free
853,The DG Buddy,BUSINESS,Everyone,Business,10.0,2.49,3.7,3.0,Paid
854,Theme fo Oppo A30 Wallpaper & Icon,BUSINESS,Everyone,Business,500.0,0.0,,7.0,Free
855,Tiny Scanner - PDF Scanner App,BUSINESS,Everyone,Business,10000000.0,0.0,4.7,286897.0,Free
856,Tiny Scanner - PDF Scanner App,BUSINESS,Everyone,Business,10000000.0,0.0,4.7,286897.0,Free
857,Tiny Scanner Pro: PDF Doc Scan,BUSINESS,Everyone,Business,100000.0,4.99,4.8,10295.0,Paid
858,Tiny Scanner Pro: PDF Doc Scan,BUSINESS,Everyone,Business,100000.0,4.99,4.8,10295.0,Paid
859,TNEB,BUSINESS,Everyone,Business,100000.0,0.0,3.8,1777.0,Free
860,TurboScan: scan documents and receipts in PDF,BUSINESS,Everyone,Business,100000.0,4.99,4.7,11442.0,Paid
861,TurboScan: scan documents and receipts in PDF,BUSINESS,Everyone,Business,100000.0,4.99,4.7,11442.0,Paid
862,U Pull It Auto Dismantler,BUSINESS,Everyone,Business,10000.0,0.0,3.1,71.0,Free
863,Uber Driver,BUSINESS,Everyone,Business,10000000.0,0.0,4.4,1254730.0,Free
864,Ultimate Control BT,BUSINESS,Everyone,Business,500.0,0.0,4.6,14.0,Free
865,United Ag Cooperative,BUSINESS,Everyone,Business,5.0,0.0,,0.0,Free
866,Upohar BD,BUSINESS,Everyone,Business,1000.0,0.0,3.4,9.0,Free
867,UPS Mobile,BUSINESS,Everyone,Business,5000000.0,0.0,3.9,23243.0,Free
868,USPS MOBILE®,BUSINESS,Everyone,Business,1000000.0,0.0,3.9,16589.0,Free
869,Valmet CI Tool,BUSINESS,Everyone,Business,500.0,0.0,,1.0,Free
870,VAT check CY,BUSINESS,Everyone,Business,100.0,0.0,,0.0,Free
871,VAT Checker for EU company,BUSINESS,Everyone,Business,1000.0,0.0,4.7,78.0,Free
872,"Vault-Hide SMS,Pics & Videos,App Lock,Cloud backup",BUSINESS,Everyone,Business,50000000.0,0.0,4.5,984451.0,Free
873,V-CUBE Seminar Mobile,BUSINESS,Everyone,Business,100000.0,0.0,4.3,542.0,Free
874,Verify - Receipts & Expenses,BUSINESS,Everyone,Business,10000.0,0.0,4.5,413.0,Free
875,ViettelPost express delivery,BUSINESS,Everyone,Business,100000.0,0.0,4.4,1225.0,Free
876,Viking CB Radios,BUSINESS,Everyone,Business,1000.0,0.0,4.3,6.0,Free
877,Visual Voicemail by MetroPCS,BUSINESS,Everyone,Business,10000000.0,0.0,4.1,16129.0,Free
878,VisualCV Resume Builder,BUSINESS,Everyone,Business,100000.0,0.0,4.6,2555.0,Free
879,VMAX IP Plus Mobile Client,BUSINESS,Everyone,Business,1000.0,0.0,2.0,9.0,Free
880,Volvo CE Insider,BUSINESS,Everyone,Business,1000.0,0.0,4.2,45.0,Free
881,Websites.co.in Instant Website,BUSINESS,Everyone,Business,10000.0,0.0,4.3,327.0,Free
882,West Central Ag,BUSINESS,Everyone,Business,100.0,0.0,,3.0,Free
883,Workflow Approvals App AX 2012,BUSINESS,Everyone,Business,100.0,0.0,,2.0,Free
884,Xero Accounting Software,BUSINESS,Everyone,Business,100000.0,0.0,3.5,2111.0,Free
885,Xero Accounting Software,BUSINESS,Everyone,Business,100000.0,0.0,3.5,2111.0,Free
886,XXX DISTILLERY,BUSINESS,Everyone,Business,100000.0,0.0,4.2,509.0,Free
887,Y! Mobile menu,BUSINESS,Everyone,Business,100000.0,0.0,,9.0,Free
888,ZAK DW,BUSINESS,Teen,Business,10.0,0.0,,0.0,Free
889,Zenefits,BUSINESS,Everyone,Business,50000.0,0.0,4.2,296.0,Free
890,Zenefits,BUSINESS,Everyone,Business,50000.0,0.0,4.2,296.0,Free
891,Zoho Reports - Mobile BI,BUSINESS,Everyone,Business,5000.0,0.0,4.7,45.0,Free
892,ZOOM Cloud Meetings,BUSINESS,Everyone,Business,10000000.0,0.0,4.4,31614.0,Free
893,ZOOM Cloud Meetings,BUSINESS,Everyone,Business,10000000.0,0.0,4.4,31614.0,Free
894,2000 AD Comics and Judge Dredd,COMICS,Teen,Comics,50000.0,0.0,3.7,705.0,Free
895,【Ranobbe complete free】 Novelba - Free app that you can read and write novels,COMICS,Everyone,Comics,50000.0,0.0,,1330.0,Free
896,"漫咖 Comics - Manga,Novel and Stories",COMICS,Mature 17+,Comics,1000000.0,0.0,4.1,12088.0,Free
897,AF Comics Reader - Free,COMICS,Everyone,Comics,100.0,0.0,2.8,5.0,Free
898,Archie Comics,COMICS,Everyone,Comics,100000.0,0.0,3.8,5084.0,Free
899,Ba dum tss - Rimshot widget,COMICS,Everyone,Comics,50000.0,0.0,4.1,690.0,Free
900,"Best Wallpapers Backgrounds(100,000+ 4K HD)",COMICS,Teen,Comics,10000.0,0.0,4.7,3596.0,Free
901,Buff Thun - Daily Free Webtoon / Comics / Web Fiction / Mini Game,COMICS,Everyone 10+,Comics,500000.0,0.0,4.5,9952.0,Free
902,Children's cartoons (Mithu-Mina-Raju),COMICS,Everyone,Comics,100000.0,0.0,4.6,279.0,Free
903,CJ - BR MEMES,COMICS,Everyone,Comics,10000.0,0.0,4.3,109.0,Free
904,Comic Es - Shojo manga / love comics free of charge ♪ ♪,COMICS,Teen,Comics,100000.0,0.0,3.9,2181.0,Free
905,comico Popular Original Cartoon Updated Everyday Comico,COMICS,Teen,Comics,5000000.0,0.0,3.2,93965.0,Free
906,Comics,COMICS,Teen,Comics,5000000.0,0.0,4.1,45651.0,Free
907,Comics Reader,COMICS,Everyone,Comics,100000.0,0.0,3.9,4496.0,Free
908,Daily Manga - Comic & Webtoon,COMICS,Mature 17+,Comics,100000.0,0.0,3.2,1446.0,Free
909,Daily Manga - Comic & Webtoon,COMICS,Mature 17+,Comics,100000.0,0.0,3.2,1462.0,Free
910,DC Comics,COMICS,Teen,Comics,1000000.0,0.0,4.2,25671.0,Free
911,DC Comics,COMICS,Teen,Comics,1000000.0,0.0,4.2,25673.0,Free
912,Dragon Ball Wallpaper - Ringtones,COMICS,Everyone,Comics,10000.0,0.0,4.7,73.0,Free
913,감성학원 BL 첫사랑,COMICS,Everyone,Comics,10000.0,0.0,4.4,190.0,Free
914,Emmanuella Funny Videos 2018,COMICS,Everyone,Comics,100000.0,0.0,4.5,314.0,Free
915,Faustop Sounds,COMICS,Everyone,Comics,100000.0,0.0,4.7,1677.0,Free
916,Funny Jokes and Stories 2018,COMICS,Everyone,Comics,5000.0,0.0,4.2,21.0,Free
917,Funny Jokes Photos,COMICS,Everyone 10+,Comics,10000.0,0.0,4.4,39.0,Free
918,GANMA! - All original stories free of charge for all original comics,COMICS,Teen,Comics,1000000.0,0.0,4.7,57106.0,Free
919,Hojiboy Tojiboyev Life Hacks,COMICS,Everyone,Comics,1000.0,0.0,5.0,15.0,Free
920,"Izneo, Read Manga, Comics & BD",COMICS,Teen,Comics,500000.0,0.0,3.3,1476.0,Free
921,"Laftel - Watching and Announcing Snooping, Streaming",COMICS,Everyone,Comics,100000.0,0.0,4.6,4895.0,Free
922,Lezhin Comics - Daily Releases,COMICS,Teen,Comics,1000000.0,0.0,3.0,28447.0,Free
923,LINE WEBTOON - Free Comics,COMICS,Teen,Comics,10000000.0,0.0,4.5,1013635.0,Free
924,LINE WEBTOON - Free Comics,COMICS,Teen,Comics,10000000.0,0.0,4.5,1013944.0,Free
925,Make your Be Like Bill,COMICS,Everyone,Comics,5000.0,0.0,4.0,78.0,Free
926,Manga - read Thai translation,COMICS,Teen,Comics,10000.0,0.0,4.6,302.0,Free
927,Manga AZ - Manga Comic Reader,COMICS,Teen,Comics,5000.0,0.0,3.3,125.0,Free
928,Manga AZ - Manga Comic Reader,COMICS,Teen,Comics,5000.0,0.0,3.3,126.0,Free
929,Manga Books,COMICS,Adults only 18+,Comics,500000.0,0.0,3.8,7326.0,Free
930,Manga Mania - Best online manga reader,COMICS,Teen,Comics,10000.0,0.0,4.4,757.0,Free
931,Manga Master - Best manga & comic reader,COMICS,Adults only 18+,Comics,500000.0,0.0,4.6,24005.0,Free
932,Manga Net – Best Online Manga Reader,COMICS,Mature 17+,Comics,50000.0,0.0,4.1,1010.0,Free
933,Manga Rock - Best Manga Reader,COMICS,Teen,Comics,1000000.0,0.0,4.4,238970.0,Free
934,Manga Zero - Japanese cartoon and comic reader,COMICS,Teen,Comics,1000000.0,0.0,4.2,15194.0,Free
935,Manga-FR - Anime Vostfr,COMICS,Everyone,Comics,10000.0,0.0,3.4,291.0,Free
936,MangaToon - Comics updated Daily,COMICS,Mature 17+,Comics,50000.0,0.0,3.9,834.0,Free
937,Marvel Unlimited,COMICS,Teen,Comics,1000000.0,0.0,3.7,22551.0,Free
938,Memes Button,COMICS,Everyone,Comics,1000000.0,0.0,4.4,5968.0,Free
939,Narrator's Voice,COMICS,Everyone,Comics,5000000.0,0.0,4.5,564387.0,Free
940,Pepsi Cards DC,COMICS,Everyone 10+,Comics,50.0,0.0,,1.0,Free
941,Perfect Viewer,COMICS,Everyone,Comics,5000000.0,0.0,4.4,51981.0,Free
942,pixiv comic - everyone's manga app,COMICS,Mature 17+,Comics,1000000.0,0.0,4.4,18814.0,Free
943,Q Avatar (Avatar Maker),COMICS,Everyone,Comics,100000.0,0.0,4.4,2012.0,Free
944,Röhrich Werner Soundboard,COMICS,Everyone,Comics,500000.0,0.0,4.7,2249.0,Free
945,"Superheroes, Marvel, DC, Comics, TV, Movies News",COMICS,Everyone,Comics,5000.0,0.0,5.0,34.0,Free
946,"Tapas – Comics, Novels, and Stories",COMICS,Teen,Comics,1000000.0,0.0,4.5,29839.0,Free
947,TappyToon Comics & Webtoons,COMICS,Teen,Comics,100000.0,0.0,3.5,4205.0,Free
948,The Vietnam Story - Fun Stories,COMICS,Everyone,Comics,10000.0,0.0,4.5,438.0,Free
949,think Comics,COMICS,Everyone,Comics,50000.0,0.0,4.4,1006.0,Free
950,Truyện Vui Tý Quậy,COMICS,Everyone,Comics,10000.0,0.0,4.5,144.0,Free
951,Unicorn Pokez - Color By Number,COMICS,Everyone,Comics;Creativity,50000.0,0.0,4.8,516.0,Free
952,WebComics,COMICS,Teen,Comics,1000000.0,0.0,4.8,33783.0,Free
953,#NAME?,COMICS,Mature 17+,Comics,10000.0,0.0,3.5,115.0,Free
954,/u/app,COMMUNICATION,Mature 17+,Communication,10000.0,0.0,4.7,573.0,Free
955,[EF]ShoutBox,COMMUNICATION,Teen,Communication,100.0,0.0,,3.0,Free
956,[verify-U] VideoIdent,COMMUNICATION,Everyone,Communication,10000.0,0.0,2.9,83.0,Free
957,10 WPM Amateur ham radio CW Morse code trainer,COMMUNICATION,Everyone,Communication,100.0,1.49,3.5,10.0,Paid
958,2 Amateur ham radio CW Morse code practice keys TX,COMMUNICATION,Everyone,Communication,100.0,1.49,4.8,6.0,Paid
959,20WPM Amateur ham radio Koch CW Morse code trainer,COMMUNICATION,Everyone,Communication,100.0,1.49,4.3,12.0,Paid
960,2ndLine - Second Phone Number,COMMUNICATION,Everyone,Communication,1000000.0,0.0,4.2,15880.0,Free
961,3G DZ Configuration,COMMUNICATION,Everyone,Communication,50000.0,0.0,4.3,488.0,Free
962,哈哈姆特不EY,COMMUNICATION,Everyone,Communication,10000.0,0.0,,239.0,Free
963,AC-BL,COMMUNICATION,Everyone,Communication,50.0,0.0,,0.0,Free
964,Access Point Names,COMMUNICATION,Everyone,Communication,10000.0,0.0,4.0,138.0,Free
965,Ad Blocker Turbo - Adblocker Browser,COMMUNICATION,Everyone,Communication,10000.0,0.0,3.9,107.0,Free
966,Adblock Browser for Android,COMMUNICATION,Everyone,Communication,10000000.0,0.0,4.1,121113.0,Free
967,Adblock Plus for Samsung Internet - Browse safe.,COMMUNICATION,Everyone,Communication,1000000.0,0.0,4.0,8769.0,Free
968,"AG Contacts, Lite edition",COMMUNICATION,Everyone,Communication,5000.0,0.0,4.5,185.0,Free
969,"AG Contacts, Premium edition",COMMUNICATION,Everyone,Communication,500.0,4.99,4.5,88.0,Paid
970,Aj.Petra,COMMUNICATION,Everyone,Communication,100.0,0.0,,5.0,Free
971,AK Phone,COMMUNICATION,Everyone,Communication,5000.0,0.0,4.4,9.0,Free
972,All Email Providers,COMMUNICATION,Everyone,Communication,1000000.0,0.0,4.1,20901.0,Free
973,Amadeus GR & CY,COMMUNICATION,Everyone,Communication,100.0,0.0,,4.0,Free
974,Android Messages,COMMUNICATION,Everyone,Communication,100000000.0,0.0,4.2,781810.0,Free
975,Android Messages,COMMUNICATION,Everyone,Communication,100000000.0,0.0,4.2,781810.0,Free
976,AntennaPict β,COMMUNICATION,Everyone,Communication,1000000.0,0.0,4.3,15439.0,Free
977,Antillean Gold Telegram (original version),COMMUNICATION,Everyone,Communication,100000.0,0.0,4.4,2939.0,Free
978,AT&T Call Protect,COMMUNICATION,Everyone,Communication,5000000.0,0.0,4.2,6454.0,Free
979,AT&T Messages for Tablet,COMMUNICATION,Everyone,Communication,1000000.0,0.0,3.3,3044.0,Free
980,AT&T Visual Voicemail,COMMUNICATION,Everyone,Communication,10000000.0,0.0,3.7,13761.0,Free
981,ATC Unico BS,COMMUNICATION,Everyone,Communication,500.0,0.0,,10.0,Free
982,AU Call Blocker - Block Unwanted Calls Texts 2018,COMMUNICATION,Everyone,Communication,1000.0,0.0,4.2,16.0,Free
983,AudioBT: BT audio GPS/SMS/Text,COMMUNICATION,Everyone,Communication,50000.0,0.0,3.4,198.0,Free
984,AV Phone,COMMUNICATION,Everyone,Communication,1000.0,0.0,,4.0,Free
985,AW - free video calls and chat,COMMUNICATION,Teen,Communication,1000000.0,0.0,4.0,7317.0,Free
986,AZ Browser. Private & Download,COMMUNICATION,Everyone,Communication,100000.0,0.0,4.4,1520.0,Free
987,Azar,COMMUNICATION,Mature 17+,Communication,50000000.0,0.0,4.2,1092337.0,Free
988,BA SALES,COMMUNICATION,Everyone,Communication,1.0,0.0,,0.0,Free
989,Baby Monitor AV,COMMUNICATION,Everyone,Communication,100000.0,0.0,3.3,1434.0,Free
990,BBM - Free Calls & Messages,COMMUNICATION,Everyone,Communication,100000000.0,0.0,4.3,12842860.0,Free
991,BBM - Free Calls & Messages,COMMUNICATION,Everyone,Communication,100000000.0,0.0,4.3,12843436.0,Free
992,BBMoji - Your personalized BBM Stickers,COMMUNICATION,Everyone,Communication,1000000.0,0.0,4.3,8827.0,Free
993,BD Data Plan (3G & 4G),COMMUNICATION,Everyone,Communication,500000.0,0.0,4.4,10341.0,Free
994,BD Dialer,COMMUNICATION,Everyone,Communication,10000.0,0.0,4.1,29.0,Free
995,BD Internet Packages (Updated),COMMUNICATION,Everyone,Communication,50000.0,0.0,4.0,474.0,Free
996,BD Live Call,COMMUNICATION,Everyone,Communication,5000.0,0.0,4.4,7.0,Free
997,Bee'ah Employee App,COMMUNICATION,Teen,Communication,100.0,0.0,4.0,4.0,Free
998,Best Auto Call Recorder Free,COMMUNICATION,Everyone,Communication,500.0,0.0,3.7,7.0,Free
999,Best Browser BD social networking,COMMUNICATION,Everyone,Communication,10.0,0.0,4.8,6.0,Free
1000,BF Browser by Betfilter - Stop Gambling Today!,COMMUNICATION,Everyone,Communication,10000.0,0.0,3.0,39.0,Free
1001,BH Mail,COMMUNICATION,Everyone,Communication,1000.0,0.0,3.4,7.0,Free
1002,BJ - Confidential,COMMUNICATION,Teen,Communication,10.0,0.0,,0.0,Free
1003,BK Chat,COMMUNICATION,Teen,Communication,1000.0,0.0,,6.0,Free
1004,BlueDV AMBE,COMMUNICATION,Everyone,Communication,1000.0,0.0,,0.0,Free
1005,Bluetooth Auto Connect,COMMUNICATION,Everyone,Communication,5000000.0,0.0,3.9,20829.0,Free
1006,BN MALLORCA Radio,COMMUNICATION,Everyone,Communication,1000.0,0.0,,23.0,Free
1007,BQ Partners,COMMUNICATION,Everyone,Communication,1000.0,0.0,,0.0,Free
1008,Brave Browser: Fast AdBlocker,COMMUNICATION,Everyone,Communication,5000000.0,0.0,4.3,40241.0,Free
1009,Browser 4G,COMMUNICATION,Everyone,Communication,10000000.0,0.0,4.3,192948.0,Free
1010,BS-Mobile,COMMUNICATION,Everyone,Communication,50.0,0.0,5.0,1.0,Free
1011,BT MeetMe with Dolby Voice,COMMUNICATION,Everyone,Communication,100000.0,0.0,3.6,437.0,Free
1012,BT Messenger,COMMUNICATION,Everyone,Communication,50000.0,0.0,3.9,97.0,Free
1013,BT One Phone Mobile App,COMMUNICATION,Everyone,Communication,10000.0,0.0,3.5,33.0,Free
1014,BT One Voice mobile access,COMMUNICATION,Everyone,Communication,5000.0,0.0,4.0,32.0,Free
1015,Burner - Free Phone Number,COMMUNICATION,Everyone,Communication,1000000.0,0.0,4.3,14873.0,Free
1016,BV,COMMUNICATION,Everyone,Communication,100.0,0.0,5.0,3.0,Free
1017,C W Browser,COMMUNICATION,Everyone,Communication,100.0,0.0,4.4,14.0,Free
1018,Call Blocker,COMMUNICATION,Everyone,Communication,1000000.0,0.0,4.1,17529.0,Free
1019,"Call Blocker - Blacklist, SMS Blocker",COMMUNICATION,Everyone,Communication,1000000.0,0.0,4.2,30350.0,Free
1020,Call Blocker & Blacklist,COMMUNICATION,Everyone,Communication,1000.0,0.0,4.0,6.0,Free
1021,Call Control - Call Blocker,COMMUNICATION,Everyone,Communication,5000000.0,0.0,4.4,93825.0,Free
1022,Call Free – Free Call,COMMUNICATION,Everyone,Communication,5000000.0,0.0,4.3,30209.0,Free
1023,"CallApp: Caller ID, Blocker & Phone Call Recorder",COMMUNICATION,Everyone,Communication,10000000.0,0.0,4.4,483565.0,Free
1024,"CallApp: Caller ID, Blocker & Phone Call Recorder",COMMUNICATION,Everyone,Communication,10000000.0,0.0,4.4,483782.0,Free
1025,Caller ID & Call Block - DU Caller,COMMUNICATION,Everyone,Communication,5000000.0,0.0,4.6,93930.0,Free
1026,Caller ID +,COMMUNICATION,Everyone,Communication,1000000.0,0.0,4.0,9498.0,Free
1027,Calls & Text by Mo+,COMMUNICATION,Everyone,Communication,5000000.0,0.0,4.2,83239.0,Free
1028,Calls & Text by Mo+,COMMUNICATION,Everyone,Communication,5000000.0,0.0,4.2,83239.0,Free
1029,Calls Blacklist - Call Blocker,COMMUNICATION,Everyone,Communication,10000000.0,0.0,4.5,457283.0,Free
1030,Carpooling FH Hagenberg,COMMUNICATION,Everyone,Communication,100.0,0.0,,0.0,Free
1031,Cb browser,COMMUNICATION,Everyone,Communication,50.0,0.0,5.0,5.0,Free
1032,CB On Mobile,COMMUNICATION,Teen,Communication,100000.0,0.0,4.1,901.0,Free
1033,CB Radio Chat - for friends!,COMMUNICATION,Teen,Communication,1000000.0,0.0,4.0,17998.0,Free
1034,CF Chat: Connecting Friends,COMMUNICATION,Teen,Communication,100.0,0.0,3.4,5.0,Free
1035,Channel 19,COMMUNICATION,Mature 17+,Communication,100000.0,0.0,3.7,916.0,Free
1036,chat dz,COMMUNICATION,Teen,Communication,100.0,0.0,5.0,8.0,Free
1037,chomp SMS,COMMUNICATION,Everyone,Communication,10000000.0,0.0,4.3,335646.0,Free
1038,Chrome Dev,COMMUNICATION,Everyone,Communication,5000000.0,0.0,4.4,63543.0,Free
1039,Chrome Dev,COMMUNICATION,Everyone,Communication,5000000.0,0.0,4.4,63576.0,Free
1040,CIA - Caller ID & Call Blocker,COMMUNICATION,Everyone,Communication,5000000.0,0.0,4.0,60308.0,Free
1041,CJ Browser - Fast & Private,COMMUNICATION,Everyone,Communication,100.0,0.0,4.2,5.0,Free
1042,CJ DVD Rentals,COMMUNICATION,Everyone,Communication,100.0,0.0,1.0,5.0,Free
1043,CK Call NEW,COMMUNICATION,Everyone,Communication,10.0,0.0,,0.0,Free
1044,ClanHQ,COMMUNICATION,Everyone,Communication,10000.0,0.0,2.7,560.0,Free
1045,ClanPlay: Community and Tools for Gamers,COMMUNICATION,Teen,Communication,1000000.0,0.0,4.8,34443.0,Free
1046,cluster.dk,COMMUNICATION,Everyone,Communication,1000.0,0.0,,49.0,Free
1047,"CM Browser - Ad Blocker , Fast Download , Privacy",COMMUNICATION,Everyone,Communication,50000000.0,0.0,4.6,2264916.0,Free
1048,"CM Browser - Ad Blocker , Fast Download , Privacy",COMMUNICATION,Everyone,Communication,50000000.0,0.0,4.6,2265084.0,Free
1049,CM Transfer - Share any files with friends nearby,COMMUNICATION,Everyone,Communication,5000000.0,0.0,4.6,71740.0,Free
1050,Contacts,COMMUNICATION,Everyone,Communication,50000000.0,0.0,4.3,66602.0,Free
1051,Contacts+,COMMUNICATION,Everyone,Communication,10000000.0,0.0,4.2,190613.0,Free
1052,Council Voting Calculator,COMMUNICATION,Everyone,Communication,5000.0,0.0,3.9,33.0,Free
1053,CQ-Alert,COMMUNICATION,Everyone,Communication,500.0,0.0,,3.0,Free
1054,CQ-Mobile,COMMUNICATION,Everyone,Communication,1000.0,0.0,,10.0,Free
1055,Cricket Visual Voicemail,COMMUNICATION,Everyone,Communication,10000000.0,0.0,3.9,13698.0,Free
1056,CS Browser | #1 & BEST BROWSER,COMMUNICATION,Everyone,Communication,1000.0,0.0,3.8,52.0,Free
1057,CS Browser Beta,COMMUNICATION,Everyone,Communication,5000.0,0.0,4.3,125.0,Free
1058,CS Customizer,COMMUNICATION,Everyone,Communication,1000.0,0.0,3.7,25.0,Free
1059,CV-RECORD Pro,COMMUNICATION,Everyone,Communication,1000.0,0.99,2.3,42.0,Paid
1060,CW Beacon for Ham Radio,COMMUNICATION,Everyone,Communication,100.0,1.49,4.8,10.0,Paid
1061,CW BLE Peripheral Simulator,COMMUNICATION,Everyone,Communication,500.0,0.0,,2.0,Free
1062,CW Bluetooth SPP,COMMUNICATION,Everyone,Communication,100.0,0.0,,3.0,Free
1063,CW Ringtone (Morse Code generator),COMMUNICATION,Everyone,Communication,10.0,2.49,,0.0,Paid
1064,CW Studio ®,COMMUNICATION,Everyone,Communication,100.0,0.99,3.8,9.0,Paid
1065,Cy Messenger,COMMUNICATION,Everyone,Communication,100.0,0.0,4.5,4.0,Free
1066,Daum Mail - Next Mail,COMMUNICATION,Everyone,Communication,5000000.0,0.0,4.3,41420.0,Free
1067,Deaf - Hearing chat device H,COMMUNICATION,Everyone,Communication,500.0,3.99,4.4,9.0,Paid
1068,Deaf World DW,COMMUNICATION,Teen,Communication,10000.0,0.0,4.3,298.0,Free
1069,DG Card,COMMUNICATION,Everyone,Communication,100.0,0.0,,0.0,Free
1070,Discord - Chat for Gamers,COMMUNICATION,Teen,Communication,10000000.0,0.0,4.5,305347.0,Free
1071,DK Browser,COMMUNICATION,Everyone,Communication,10.0,0.0,4.0,1.0,Free
1072,DK TEL Dialer,COMMUNICATION,Everyone,Communication,50.0,0.0,,0.0,Free
1073,DM - The Offical Messaging App,COMMUNICATION,Teen,Communication,10.0,0.0,,0.0,Free
1074,DM for WhatsApp,COMMUNICATION,Everyone,Communication,5000.0,0.0,4.4,25.0,Free
1075,DM Talk New,COMMUNICATION,Everyone,Communication,5000.0,0.0,,3.0,Free
1076,DM Tracker,COMMUNICATION,Everyone,Communication,1000.0,0.0,3.5,11.0,Free
1077,DMR BrandMeister Tool,COMMUNICATION,Everyone,Communication,10000.0,0.0,3.3,78.0,Free
1078,"Dolphin Browser - Fast, Private & Adblock🐬",COMMUNICATION,Everyone,Communication,50000000.0,0.0,4.5,2511130.0,Free
1079,DU Browser—Browse fast & fun,COMMUNICATION,Everyone,Communication,10000000.0,0.0,4.3,1133501.0,Free
1080,DU Browser—Browse fast & fun,COMMUNICATION,Everyone,Communication,10000000.0,0.0,4.3,1133539.0,Free
1081,DW Contacts & Phone & Dialer,COMMUNICATION,Everyone,Communication,1000000.0,0.0,4.3,21186.0,Free
1082,Ear Agent: Super Hearing,COMMUNICATION,Everyone,Communication,5000000.0,0.0,3.7,42329.0,Free
1083,Eg Call,COMMUNICATION,Everyone,Communication,10000.0,0.0,4.2,91.0,Free
1084,EHiN-FH conferenceapp,COMMUNICATION,Everyone,Communication,100.0,0.0,,5.0,Free
1085,ei,COMMUNICATION,Teen,Communication,10.0,0.0,,2.0,Free
1086,EJ messenger,COMMUNICATION,Teen,Communication,10.0,0.0,5.0,1.0,Free
1087,Ek IRA,COMMUNICATION,Everyone,Communication,10.0,0.0,,0.0,Free
1088,Email TypeApp - Mail App,COMMUNICATION,Everyone,Communication,1000000.0,0.0,4.6,183374.0,Free
1089,EO Mumbai,COMMUNICATION,Everyone,Communication,10.0,0.0,,0.0,Free
1090,EP RSS Reader,COMMUNICATION,Everyone,Communication,100.0,0.0,3.8,4.0,Free
1091,ES-1,COMMUNICATION,Everyone,Communication,500.0,0.0,,6.0,Free
1092,EU Council,COMMUNICATION,Everyone,Communication,1000.0,0.0,,7.0,Free
1093,Everbridge,COMMUNICATION,Everyone,Communication,100000.0,0.0,3.1,497.0,Free
1094,ExDialer - Dialer & Contacts,COMMUNICATION,Everyone,Communication,10000000.0,0.0,4.2,125232.0,Free
1095,ExDialer PRO Key,COMMUNICATION,Everyone,Communication,100000.0,3.99,4.5,5474.0,Paid
1096,EZ Wifi Notification,COMMUNICATION,Everyone,Communication,10000.0,0.0,4.3,260.0,Free
1097,FC Browser - Focus Privacy Browser,COMMUNICATION,Everyone,Communication,1000.0,0.0,4.1,26.0,Free
1098,Feel Performer,COMMUNICATION,Everyone,Communication,10000.0,0.0,2.2,62.0,Free
1099,Firefox Browser fast & private,COMMUNICATION,Everyone,Communication,100000000.0,0.0,4.4,3075028.0,Free
1100,Firefox Browser fast & private,COMMUNICATION,Everyone,Communication,100000000.0,0.0,4.4,3075118.0,Free
1101,Firefox Browser fast & private,COMMUNICATION,Everyone,Communication,100000000.0,0.0,4.4,3075096.0,Free
1102,Firefox Focus: The privacy browser,COMMUNICATION,Everyone,Communication,1000000.0,0.0,4.4,36880.0,Free
1103,Firefox Focus: The privacy browser,COMMUNICATION,Everyone,Communication,1000000.0,0.0,4.4,36893.0,Free
1104,Firefox Focus: The privacy browser,COMMUNICATION,Everyone,Communication,1000000.0,0.0,4.4,36981.0,Free
1105,FN Web Radio,COMMUNICATION,Everyone,Communication,10.0,0.0,,0.0,Free
1106,FNH Payment Info,COMMUNICATION,Everyone,Communication,10.0,0.0,,0.0,Free
1107,FO AIRBUS Nantes,COMMUNICATION,Everyone,Communication,100.0,0.0,,0.0,Free
1108,FO AIRBUS TLSE,COMMUNICATION,Everyone,Communication,1000.0,0.0,,4.0,Free
1109,FO Interim,COMMUNICATION,Everyone,Communication,100.0,0.0,,1.0,Free
1110,FO OP St-Nazaire,COMMUNICATION,Everyone,Communication,100.0,0.0,,1.0,Free
1111,FO PSA Sept-Fons,COMMUNICATION,Everyone,Communication,100.0,0.0,,2.0,Free
1112,FO RCBT,COMMUNICATION,Everyone,Communication,100.0,0.0,,5.0,Free
1113,FO SODEXO,COMMUNICATION,Everyone,Communication,100.0,0.0,,0.0,Free
1114,FO STELIA Méaulte,COMMUNICATION,Everyone,Communication,100.0,0.0,,2.0,Free
1115,FP Connect,COMMUNICATION,Teen,Communication,100.0,0.0,,0.0,Free
1116,FP Live,COMMUNICATION,Teen,Communication,10.0,0.0,,0.0,Free
1117,Free Adblocker Browser - Adblock & Popup Blocker,COMMUNICATION,Everyone,Communication,10000000.0,0.0,4.4,152470.0,Free
1118,FREE CHATS C.L.,COMMUNICATION,Mature 17+,Communication,10.0,0.99,,4.0,Paid
1119,free video calls and chat,COMMUNICATION,Everyone,Communication,50000000.0,0.0,4.2,594728.0,Free
1120,free video calls and chat,COMMUNICATION,Everyone,Communication,50000000.0,0.0,4.2,594728.0,Free
1121,free video calls and chat,COMMUNICATION,Everyone,Communication,50000000.0,0.0,4.2,594720.0,Free
1122,Free WiFi Connect,COMMUNICATION,Everyone,Communication,10000000.0,0.0,3.9,167229.0,Free
1123,Free Wi-fi HotspoT,COMMUNICATION,Everyone,Communication,50000.0,0.0,4.1,382.0,Free
1124,FreedomPop Messaging Phone/SIM,COMMUNICATION,Everyone,Communication,500000.0,0.0,3.6,9894.0,Free
1125,Full Screen Caller ID,COMMUNICATION,Everyone,Communication,5000000.0,0.0,4.2,104990.0,Free
1126,Ghostery Privacy Browser,COMMUNICATION,Everyone,Communication,1000000.0,0.0,4.1,13100.0,Free
1127,Glide - Video Chat Messenger,COMMUNICATION,Everyone,Communication,10000000.0,0.0,4.3,350154.0,Free
1128,Glide - Video Chat Messenger,COMMUNICATION,Everyone,Communication,10000000.0,0.0,4.3,350154.0,Free
1129,Gmail,COMMUNICATION,Everyone,Communication,1000000000.0,0.0,4.3,4604324.0,Free
1130,Gmail,COMMUNICATION,Everyone,Communication,1000000000.0,0.0,4.3,4604483.0,Free
1131,Gmail,COMMUNICATION,Everyone,Communication,1000000000.0,0.0,4.3,4604324.0,Free
1132,GMX Mail,COMMUNICATION,Everyone,Communication,10000000.0,0.0,4.3,258556.0,Free
1133,GO Notifier,COMMUNICATION,Everyone,Communication,10000000.0,0.0,4.2,124346.0,Free
1134,"GO SMS Pro - Messenger, Free Themes, Emoji",COMMUNICATION,Everyone,Communication,100000000.0,0.0,4.4,2876500.0,Free
1135,Goodbox - Mega App,COMMUNICATION,Everyone,Communication,100000.0,0.0,4.3,3429.0,Free
1136,Google Allo,COMMUNICATION,Everyone,Communication,10000000.0,0.0,4.3,346982.0,Free
1137,Google Allo,COMMUNICATION,Everyone,Communication,10000000.0,0.0,4.3,346980.0,Free
1138,Google Allo,COMMUNICATION,Everyone,Communication,10000000.0,0.0,4.3,347086.0,Free
1139,Google Chrome: Fast & Secure,COMMUNICATION,Everyone,Communication,1000000000.0,0.0,4.3,9642995.0,Free
1140,Google Chrome: Fast & Secure,COMMUNICATION,Everyone,Communication,1000000000.0,0.0,4.3,9643041.0,Free
1141,Google Chrome: Fast & Secure,COMMUNICATION,Everyone,Communication,1000000000.0,0.0,4.3,9642112.0,Free
1142,Google Duo - High Quality Video Calls,COMMUNICATION,Everyone,Communication,500000000.0,0.0,4.6,2083237.0,Free
1143,Google Duo - High Quality Video Calls,COMMUNICATION,Everyone,Communication,500000000.0,0.0,4.6,2083237.0,Free
1144,Google Voice,COMMUNICATION,Everyone,Communication,10000000.0,0.0,4.2,171031.0,Free
1145,Google Voice,COMMUNICATION,Everyone,Communication,10000000.0,0.0,4.2,171031.0,Free
1146,Google Voice,COMMUNICATION,Everyone,Communication,10000000.0,0.0,4.2,171052.0,Free
1147,GroupMe,COMMUNICATION,Everyone,Communication,10000000.0,0.0,4.5,330761.0,Free
1148,Ham DX Cluster & Spots Finder,COMMUNICATION,Everyone,Communication,5000.0,0.0,4.5,115.0,Free
1149,Ham Radio Prefixes,COMMUNICATION,Everyone,Communication,10000.0,0.0,3.7,218.0,Free
1150,Hangouts,COMMUNICATION,Everyone,Communication,1000000000.0,0.0,4.0,3419249.0,Free
1151,Hangouts,COMMUNICATION,Everyone,Communication,1000000000.0,0.0,4.0,3419433.0,Free
1152,Hangouts,COMMUNICATION,Everyone,Communication,1000000000.0,0.0,4.0,3419513.0,Free
1153,Hangouts,COMMUNICATION,Everyone,Communication,1000000000.0,0.0,4.0,3419464.0,Free
1154,Hangouts Dialer - Call Phones,COMMUNICATION,Everyone,Communication,10000000.0,0.0,4.0,122498.0,Free
1155,Hangouts Dialer - Call Phones,COMMUNICATION,Everyone,Communication,10000000.0,0.0,4.0,122512.0,Free
1156,Have your say on Europe,COMMUNICATION,Everyone,Communication,500.0,0.0,3.8,19.0,Free
1157,HipChat - beta version,COMMUNICATION,Everyone,Communication,50000.0,0.0,4.1,1035.0,Free
1158,Hiya - Caller ID & Block,COMMUNICATION,Mature 17+,Communication,10000000.0,0.0,4.4,177703.0,Free
1159,Hlášenírozhlasu.cz,COMMUNICATION,Everyone,Communication,10.0,0.0,,0.0,Free
1160,Hyundai CX Conference,COMMUNICATION,Everyone,Communication,50.0,0.0,,0.0,Free
1161,iCluster - The DX-Cluster database,COMMUNICATION,Everyone,Communication,10.0,0.99,,0.0,Paid
1162,ICQ — Video Calls & Chat Messenger,COMMUNICATION,Everyone,Communication,10000000.0,0.0,4.4,697939.0,Free
1163,imo beta free calls and text,COMMUNICATION,Everyone,Communication,100000000.0,0.0,4.3,659395.0,Free
1164,imo beta free calls and text,COMMUNICATION,Everyone,Communication,100000000.0,0.0,4.3,659395.0,Free
1165,imo free video calls and chat,COMMUNICATION,Everyone,Communication,500000000.0,0.0,4.3,4785892.0,Free
1166,imo free video calls and chat,COMMUNICATION,Everyone,Communication,500000000.0,0.0,4.3,4785988.0,Free
1167,imo free video calls and chat,COMMUNICATION,Everyone,Communication,500000000.0,0.0,4.3,4785988.0,Free
1168,imo free video calls and chat,COMMUNICATION,Everyone,Communication,500000000.0,0.0,4.3,4785892.0,Free
1169,Inbox.eu,COMMUNICATION,Everyone,Communication,10000.0,0.0,3.7,98.0,Free
1170,InBrowser - Incognito Browsing,COMMUNICATION,Everyone,Communication,1000000.0,0.0,4.2,27156.0,Free
1171,IZ2UUF Morse Koch CW,COMMUNICATION,Everyone,Communication,50000.0,0.0,4.6,649.0,Free
1172,J Alvarej Moji,COMMUNICATION,Everyone,Communication,10.0,1.99,,2.0,Paid
1173,Jazz Wi-Fi,COMMUNICATION,Everyone,Communication,10000.0,0.0,3.4,49.0,Free
1174,JusTalk - Free Video Calls and Fun Video Chat,COMMUNICATION,Everyone,Communication,5000000.0,0.0,4.6,191032.0,Free
1175,K-@ Mail - Email App,COMMUNICATION,Everyone,Communication,100000.0,0.0,4.1,1760.0,Free
1176,K-@ Mail Pro - Email App,COMMUNICATION,Everyone,Communication,10000.0,4.99,4.2,1603.0,Paid
1177,K-9 Mail,COMMUNICATION,Everyone,Communication,5000000.0,0.0,4.2,88427.0,Free
1178,K-9 Material (unofficial),COMMUNICATION,Teen,Communication,5000.0,0.0,4.4,64.0,Free
1179,KakaoTalk: Free Calls & Text,COMMUNICATION,Everyone,Communication,100000000.0,0.0,4.3,2546527.0,Free
1180,KakaoTalk: Free Calls & Text,COMMUNICATION,Everyone,Communication,100000000.0,0.0,4.3,2546527.0,Free
1181,KakaoTalk: Free Calls & Text,COMMUNICATION,Everyone,Communication,100000000.0,0.0,4.3,2546549.0,Free
1182,Katalogen.ax,COMMUNICATION,Everyone,Communication,100.0,0.0,,1.0,Free
1183,Kik,COMMUNICATION,Teen,Communication,100000000.0,0.0,4.3,2451136.0,Free
1184,Koch Morse Trainer Pro,COMMUNICATION,Everyone,Communication,1000.0,2.49,4.6,94.0,Paid
1185,Learn Morse Code - G0HYN Learn Morse,COMMUNICATION,Everyone,Communication,5000.0,0.0,4.0,27.0,Free
1186,Lightning Web Browser,COMMUNICATION,Everyone,Communication,500000.0,0.0,4.1,12578.0,Free
1187,LINE: Free Calls & Messages,COMMUNICATION,Everyone,Communication,500000000.0,0.0,4.2,10790289.0,Free
1188,LINE: Free Calls & Messages,COMMUNICATION,Everyone,Communication,500000000.0,0.0,4.2,10790289.0,Free
1189,LINE: Free Calls & Messages,COMMUNICATION,Everyone,Communication,500000000.0,0.0,4.2,10790092.0,Free
1190,Lite for Facebook Messenger,COMMUNICATION,Teen,Communication,1000000.0,0.0,4.3,76498.0,Free
1191,LokLok: Draw on a Lock Screen,COMMUNICATION,Teen,Communication,500000.0,0.0,4.1,14766.0,Free
1192,love sms good morning,COMMUNICATION,Everyone,Communication,5000.0,0.0,4.2,10.0,Free
1193,M star Dialer,COMMUNICATION,Everyone,Communication,100000.0,0.0,3.5,400.0,Free
1194,m:go BiH,COMMUNICATION,Everyone,Communication,10000.0,0.0,3.2,559.0,Free
1195,mail.co.uk Mail,COMMUNICATION,Everyone,Communication,5000.0,0.0,4.2,21.0,Free
1196,mail.com mail,COMMUNICATION,Everyone,Communication,1000000.0,0.0,4.2,44706.0,Free
1197,Mail.Ru - Email App,COMMUNICATION,Everyone,Communication,50000000.0,0.0,4.6,837842.0,Free
1198,Mail1Click - Secure Mail,COMMUNICATION,Everyone,Communication,10000.0,0.0,4.1,255.0,Free
1199,MARKET FO,COMMUNICATION,Everyone,Communication,100.0,0.0,,0.0,Free
1200,MegaFon Dashboard,COMMUNICATION,Everyone,Communication,10000000.0,0.0,3.7,99559.0,Free
1201,"Messaging+ SMS, MMS Free",COMMUNICATION,Everyone,Communication,1000000.0,0.0,4.1,28238.0,Free
1202,Messenger – Text and Video Chat for Free,COMMUNICATION,Everyone,Communication,1000000000.0,0.0,4.0,56642847.0,Free
1203,Messenger – Text and Video Chat for Free,COMMUNICATION,Everyone,Communication,1000000000.0,0.0,4.0,56646578.0,Free
1204,Messenger – Text and Video Chat for Free,COMMUNICATION,Everyone,Communication,1000000000.0,0.0,4.0,56642847.0,Free
1205,Messenger for SMS,COMMUNICATION,Teen,Communication,10000000.0,0.0,4.3,125257.0,Free
1206,Messenger Lite: Free Calls & Messages,COMMUNICATION,Everyone,Communication,100000000.0,0.0,4.4,1429035.0,Free
1207,Messenger Lite: Free Calls & Messages,COMMUNICATION,Everyone,Communication,100000000.0,0.0,4.4,1429038.0,Free
1208,Microsoft Edge,COMMUNICATION,Everyone,Communication,5000000.0,0.0,4.3,27187.0,Free
1209,Microsoft Edge,COMMUNICATION,Everyone,Communication,5000000.0,0.0,4.3,27156.0,Free
1210,Mircules DX Cluster Lite,COMMUNICATION,Everyone,Communication,5000.0,0.0,4.5,51.0,Free
1211,Morse Code Reader,COMMUNICATION,Everyone,Communication,100000.0,0.0,3.9,1436.0,Free
1212,Morse Decoder for Ham Radio,COMMUNICATION,Everyone,Communication,5000.0,4.99,3.7,166.0,Paid
1213,Morse Machine for Ham Radio,COMMUNICATION,Everyone,Communication,5000.0,0.99,4.8,341.0,Paid
1214,Morse Trainer for Ham Radio,COMMUNICATION,Everyone,Communication,10000.0,2.99,4.6,265.0,Paid
1215,Mr. Number-Block calls & spam,COMMUNICATION,Mature 17+,Communication,10000000.0,0.0,4.2,177263.0,Free
1216,My BF App,COMMUNICATION,Everyone,Communication,50000.0,0.0,4.1,141.0,Free
1217,My magenta,COMMUNICATION,Everyone,Communication,1000000.0,0.0,3.9,42370.0,Free
1218,My Tele2,COMMUNICATION,Everyone,Communication,5000000.0,0.0,4.3,158679.0,Free
1219,My Vodacom SA,COMMUNICATION,Everyone,Communication,5000000.0,0.0,3.7,25021.0,Free
1220,My Vodafone (GR),COMMUNICATION,Everyone,Communication,1000000.0,0.0,3.8,12667.0,Free
1221,"myMail – Email for Hotmail, Gmail and Outlook Mail",COMMUNICATION,Everyone,Communication,10000000.0,0.0,4.5,305218.0,Free
1222,mysms SMS Text Messaging Sync,COMMUNICATION,Everyone,Communication,1000000.0,0.0,4.3,37320.0,Free
1223,N-Com Wizard,COMMUNICATION,Everyone,Communication,50000.0,0.0,3.3,960.0,Free
1224,"Newton Mail - Email App for Gmail, Outlook, IMAP",COMMUNICATION,Everyone,Communication,1000000.0,0.0,4.0,122595.0,Free
1225,Ninesky Browser,COMMUNICATION,Everyone,Communication,1000000.0,0.0,4.2,42925.0,Free
1226,Of the wall Arapaho bk,COMMUNICATION,Everyone,Communication,5.0,0.0,,0.0,Free
1227,Oklahoma Ag Co-op Council,COMMUNICATION,Everyone,Communication,10.0,0.0,,0.0,Free
1228,Omlet Chat,COMMUNICATION,Teen,Communication,10000000.0,0.0,3.9,40751.0,Free
1229,Opera Browser: Fast and Secure,COMMUNICATION,Everyone,Communication,100000000.0,0.0,4.4,2473509.0,Free
1230,Opera Browser: Fast and Secure,COMMUNICATION,Everyone,Communication,100000000.0,0.0,4.4,2473693.0,Free
1231,Opera Browser: Fast and Secure,COMMUNICATION,Everyone,Communication,100000000.0,0.0,4.4,2473795.0,Free
1232,Opera Mini - fast web browser,COMMUNICATION,Everyone,Communication,100000000.0,0.0,4.5,5149854.0,Free
1233,Opera Mini - fast web browser,COMMUNICATION,Everyone,Communication,100000000.0,0.0,4.5,5150471.0,Free
1234,Opera Mini - fast web browser,COMMUNICATION,Everyone,Communication,100000000.0,0.0,4.5,5150801.0,Free
1235,Opera Mini browser beta,COMMUNICATION,Everyone,Communication,10000000.0,0.0,4.4,401530.0,Free
1236,Orfox: Tor Browser for Android,COMMUNICATION,Everyone,Communication,10000000.0,0.0,4.2,44233.0,Free
1237,PHONE for Google Voice & GTalk,COMMUNICATION,Everyone,Communication,1000000.0,0.0,4.3,72065.0,Free
1238,PlacarTv Futebol Ao Vivo,COMMUNICATION,Everyone,Communication,100000.0,0.0,4.1,2063.0,Free
1239,Pocket Prefix Plus,COMMUNICATION,Everyone,Communication,10000.0,0.0,4.5,192.0,Free
1240,Portable Wi-Fi hotspot,COMMUNICATION,Everyone,Communication,10000000.0,0.0,3.9,138129.0,Free
1241,Portable Wi-Fi hotspot Free,COMMUNICATION,Everyone,Communication,100000.0,0.0,4.0,1711.0,Free
1242,Portable Wi-Fi hotspot Premium,COMMUNICATION,Everyone,Communication,10000.0,0.99,3.7,481.0,Paid
1243,pretty Easy privacy p≡p,COMMUNICATION,Everyone,Communication,500.0,0.99,3.7,21.0,Paid
1244,Programi podrške EU,COMMUNICATION,Everyone,Communication,100.0,0.0,,0.0,Free
1245,Psiphon Pro - The Internet Freedom VPN,COMMUNICATION,Everyone,Communication,10000000.0,0.0,4.3,298041.0,Free
1246,Puffin Browser Pro,COMMUNICATION,Everyone,Communication,100000.0,3.99,4.0,18247.0,Paid
1247,Puffin Web Browser,COMMUNICATION,Everyone,Communication,10000000.0,0.0,4.3,541389.0,Free
1248,Puffin Web Browser,COMMUNICATION,Everyone,Communication,10000000.0,0.0,4.3,541389.0,Free
1249,Puffin Web Browser,COMMUNICATION,Everyone,Communication,10000000.0,0.0,4.3,541661.0,Free
1250,QRZ Assistant,COMMUNICATION,Everyone,Communication,100000.0,0.0,4.2,1044.0,Free
1251,Rádio Sol Nascente DF,COMMUNICATION,Everyone,Communication,500.0,0.0,,12.0,Free
1252,ReadyOp DT,COMMUNICATION,Everyone,Communication,1000.0,0.0,4.6,8.0,Free
1253,Remote EX for NISSAN,COMMUNICATION,Everyone,Communication,5000.0,1.49,2.3,223.0,Paid
1254,retteMi.ch,COMMUNICATION,Everyone,Communication,5000.0,0.0,,31.0,Free
1255,Ring,COMMUNICATION,Everyone,Communication,10000.0,0.0,3.9,517.0,Free
1256,RocketDial Dialer & Contacts,COMMUNICATION,Everyone,Communication,1000000.0,0.0,4.4,32254.0,Free
1257,Safest Call Blocker,COMMUNICATION,Everyone,Communication,1000000.0,0.0,4.4,27540.0,Free
1258,Sat-Fi,COMMUNICATION,Everyone,Communication,5000.0,0.0,3.6,97.0,Free
1259,Sat-Fi Voice,COMMUNICATION,Everyone,Communication,1000.0,0.0,3.4,37.0,Free
1260,Seznam.cz,COMMUNICATION,Everyone,Communication,1000000.0,0.0,4.3,46702.0,Free
1261,Should I Answer?,COMMUNICATION,Everyone,Communication,1000000.0,0.0,4.8,237468.0,Free
1262,Skype - free IM & video calls,COMMUNICATION,Everyone,Communication,1000000000.0,0.0,4.1,10484169.0,Free
1263,Skype - free IM & video calls,COMMUNICATION,Everyone,Communication,1000000000.0,0.0,4.1,10484169.0,Free
1264,Skype - free IM & video calls,COMMUNICATION,Everyone,Communication,1000000000.0,0.0,4.1,10484169.0,Free
1265,Skype Lite - Free Video Call & Chat,COMMUNICATION,Everyone,Communication,5000000.0,0.0,4.2,33053.0,Free
1266,Smart Wi-Fi Hotspot PRO,COMMUNICATION,Everyone,Communication,10000.0,2.99,3.7,197.0,Paid
1267,SMS Sender - sluzba.cz,COMMUNICATION,Everyone,Communication,1000.0,0.0,,12.0,Free
1268,SolMail - All-in-One email app,COMMUNICATION,Everyone,Communication,500000.0,0.0,4.3,23707.0,Free
1269,SW-100.tch by Callstel,COMMUNICATION,Everyone,Communication,1000000.0,0.0,4.0,1926.0,Free
1270,Sync.ME – Caller ID & Block,COMMUNICATION,Everyone,Communication,5000000.0,0.0,4.5,205739.0,Free
1271,"Talkatone: Free Texts, Calls & Phone Number",COMMUNICATION,Everyone,Communication,10000000.0,0.0,4.1,132014.0,Free
1272,"Talkatone: Free Texts, Calls & Phone Number",COMMUNICATION,Everyone,Communication,10000000.0,0.0,4.1,132015.0,Free
1273,"Talkie - Wi-Fi Calling, Chats, File Sharing",COMMUNICATION,Everyone,Communication,500000.0,0.0,4.2,4838.0,Free
1274,"Talkie Pro - Wi-Fi Calling, Chats, File Sharing",COMMUNICATION,Everyone,Communication,1000.0,2.99,4.5,201.0,Paid
1275,Talkray - Free Calls & Texts,COMMUNICATION,Everyone,Communication,10000000.0,0.0,4.2,244863.0,Free
1276,Talkray - Free Calls & Texts,COMMUNICATION,Everyone,Communication,10000000.0,0.0,4.2,244863.0,Free
1277,Telegram,COMMUNICATION,Mature 17+,Communication,100000000.0,0.0,4.4,3128250.0,Free
1278,Telegram,COMMUNICATION,Mature 17+,Communication,100000000.0,0.0,4.4,3128509.0,Free
1279,Telegram,COMMUNICATION,Mature 17+,Communication,100000000.0,0.0,4.4,3128611.0,Free
1280,Test Server SMS FA,COMMUNICATION,Everyone,Communication,5.0,0.0,,0.0,Free
1281,Text SMS,COMMUNICATION,Everyone,Communication,10000000.0,0.0,4.5,349384.0,Free
1282,Threema,COMMUNICATION,Everyone,Communication,1000000.0,2.99,4.5,51110.0,Paid
1283,Tiny Call Confirm,COMMUNICATION,Everyone,Communication,1000000.0,0.0,4.1,22782.0,Free
1284,T-Mobile DIGITS,COMMUNICATION,Everyone,Communication,100000.0,0.0,3.0,1820.0,Free
1285,TouchPal Keyboard - Fun Emoji & Android Keyboard,COMMUNICATION,Mature 17+,Communication,10000000.0,0.0,4.4,615381.0,Free
1286,tournaments and more.aj.2,COMMUNICATION,Teen,Communication,100.0,0.0,,0.0,Free
1287,TownWiFi | Wi-Fi Everywhere,COMMUNICATION,Everyone,Communication,500000.0,0.0,3.9,2372.0,Free
1288,TracFone My Account,COMMUNICATION,Everyone,Communication,1000000.0,0.0,3.6,20769.0,Free
1289,Traffic signs BD,COMMUNICATION,Everyone,Communication,500.0,0.0,4.4,7.0,Free
1290,True Contact - Real Caller ID,COMMUNICATION,Everyone,Communication,1000000.0,0.0,4.1,32283.0,Free
1291,"Truecaller: Caller ID, SMS spam blocking & Dialer",COMMUNICATION,Everyone,Communication,100000000.0,0.0,4.5,7820209.0,Free
1292,"Truecaller: Caller ID, SMS spam blocking & Dialer",COMMUNICATION,Everyone,Communication,100000000.0,0.0,4.5,7820775.0,Free
1293,"U - Webinars, Meetings & Messenger",COMMUNICATION,Everyone,Communication,500000.0,0.0,4.1,6601.0,Free
1294,UC Browser - Fast Download Private & Secure,COMMUNICATION,Teen,Communication,500000000.0,0.0,4.5,17712922.0,Free
1295,UC Browser - Fast Download Private & Secure,COMMUNICATION,Teen,Communication,500000000.0,0.0,4.5,17714850.0,Free
1296,UC Browser - Fast Download Private & Secure,COMMUNICATION,Teen,Communication,500000000.0,0.0,4.5,17712922.0,Free
1297,UC Browser Mini -Tiny Fast Private & Secure,COMMUNICATION,Teen,Communication,100000000.0,0.0,4.4,3648120.0,Free
1298,UC Browser Mini -Tiny Fast Private & Secure,COMMUNICATION,Teen,Communication,100000000.0,0.0,4.4,3648480.0,Free
1299,UC Browser Mini -Tiny Fast Private & Secure,COMMUNICATION,Teen,Communication,100000000.0,0.0,4.4,3648765.0,Free
1300,Viber Messenger,COMMUNICATION,Everyone,Communication,500000000.0,0.0,4.3,11334799.0,Free
1301,Viber Messenger,COMMUNICATION,Everyone,Communication,500000000.0,0.0,4.3,11334973.0,Free
1302,Viber Messenger,COMMUNICATION,Everyone,Communication,500000000.0,0.0,4.3,11334973.0,Free
1303,Viber Messenger,COMMUNICATION,Everyone,Communication,500000000.0,0.0,4.3,11335255.0,Free
1304,Viber Messenger,COMMUNICATION,Everyone,Communication,500000000.0,0.0,4.3,11335481.0,Free
1305,Video Caller Id,COMMUNICATION,Everyone,Communication,1000000.0,0.0,4.2,15287.0,Free
1306,Virtual Walkie Talkie,COMMUNICATION,Everyone,Communication,1000000.0,0.0,3.8,21785.0,Free
1307,Vonage Mobile® Call Video Text,COMMUNICATION,Everyone,Communication,1000000.0,0.0,4.1,29208.0,Free
1308,Voxer Walkie Talkie Messenger,COMMUNICATION,Everyone,Communication,10000000.0,0.0,4.3,230564.0,Free
1309,Web Browser,COMMUNICATION,Everyone,Communication,500000.0,0.0,4.2,10965.0,Free
1310,Web Browser & Explorer,COMMUNICATION,Everyone,Communication,5000000.0,0.0,4.0,36901.0,Free
1311,Web Browser for Android,COMMUNICATION,Everyone,Communication,1000000.0,0.0,4.1,55098.0,Free
1312,Web Browser for Android,COMMUNICATION,Everyone,Communication,1000000.0,0.0,4.1,55110.0,Free
1313,WEB.DE Mail,COMMUNICATION,Everyone,Communication,10000000.0,0.0,4.3,226541.0,Free
1314,WeChat,COMMUNICATION,Everyone,Communication,100000000.0,0.0,4.2,5387333.0,Free
1315,WeChat,COMMUNICATION,Everyone,Communication,100000000.0,0.0,4.2,5387446.0,Free
1316,WeChat,COMMUNICATION,Everyone,Communication,100000000.0,0.0,4.2,5387446.0,Free
1317,WeChat,COMMUNICATION,Everyone,Communication,100000000.0,0.0,4.2,5387631.0,Free
1318,WeFi - Free Fast WiFi Connect & Find Wi-Fi Map,COMMUNICATION,Everyone,Communication,1000000.0,0.0,4.0,13469.0,Free
1319,WhatsApp Business,COMMUNICATION,Everyone,Communication,10000000.0,0.0,4.4,136662.0,Free
1320,WhatsApp Business,COMMUNICATION,Everyone,Communication,10000000.0,0.0,4.4,137144.0,Free
1321,WhatsApp Messenger,COMMUNICATION,Everyone,Communication,1000000000.0,0.0,4.4,69119316.0,Free
1322,WhatsApp Messenger,COMMUNICATION,Everyone,Communication,1000000000.0,0.0,4.4,69119316.0,Free
1323,WhatsApp Messenger,COMMUNICATION,Everyone,Communication,1000000000.0,0.0,4.4,69109672.0,Free
1324,WhatsCall Free Global Phone Call App & Cheap Calls,COMMUNICATION,Everyone,Communication,10000000.0,0.0,4.6,1130966.0,Free
1325,Who,COMMUNICATION,Teen,Communication,100000000.0,0.0,4.3,2451083.0,Free
1326,Who,COMMUNICATION,Teen,Communication,100000000.0,0.0,4.3,2451093.0,Free
1327,Whoscall - Caller ID & Block,COMMUNICATION,Everyone,Communication,10000000.0,0.0,4.4,552441.0,Free
1328,Whoscall - Caller ID & Block,COMMUNICATION,Everyone,Communication,10000000.0,0.0,4.4,552635.0,Free
1329,WiFi Access Point (hotspot),COMMUNICATION,Everyone,Communication,100000.0,0.0,3.9,684.0,Free
1330,Wi-Fi Auto-connect,COMMUNICATION,Everyone,Communication,1000000.0,0.0,3.8,15036.0,Free
1331,WiFi Tether Router,COMMUNICATION,Everyone,Communication,100000.0,2.9,4.2,5599.0,Paid
1332,X Browser,COMMUNICATION,Everyone,Communication,50000.0,0.0,4.0,142.0,Free
1333,Xperia Link™,COMMUNICATION,Everyone,Communication,10000000.0,0.0,4.1,45487.0,Free
1334,Yahoo Mail – Stay Organized,COMMUNICATION,Everyone,Communication,100000000.0,0.0,4.3,4187998.0,Free
1335,Yahoo Mail – Stay Organized,COMMUNICATION,Everyone,Communication,100000000.0,0.0,4.3,4188142.0,Free
1336,Yahoo Mail – Stay Organized,COMMUNICATION,Everyone,Communication,100000000.0,0.0,4.3,4188345.0,Free
1337,Your Freedom VPN Client,COMMUNICATION,Everyone,Communication,5000000.0,0.0,4.0,74497.0,Free
1338,Z PIVOT,COMMUNICATION,Everyone,Communication,10.0,19.99,,0.0,Paid
1339,Zalo – Video Call,COMMUNICATION,Everyone,Communication,50000000.0,0.0,4.2,1042170.0,Free
1340,ZenUI Dialer & Contacts,COMMUNICATION,Everyone,Communication,10000000.0,0.0,4.5,437674.0,Free
1341,"2Date Dating App, Love and matching",DATING,Mature 17+,Dating,500000.0,0.0,4.4,41605.0,Free
1342,2RedBeans,DATING,Mature 17+,Dating,10000.0,0.0,4.0,337.0,Free
1343,95Live -SG#1 Live Streaming App,DATING,Teen,Dating,1000000.0,0.0,4.1,4953.0,Free
1344,95Live -SG#1 Live Streaming App,DATING,Teen,Dating,1000000.0,0.0,4.1,4954.0,Free
1345,A hundred,DATING,Mature 17+,Dating,10000.0,0.0,4.1,236.0,Free
1346,Ad Blocker for SayHi,DATING,Teen,Dating,100.0,3.99,,4.0,Paid
1347,Adult Dating - AdultFinder,DATING,Mature 17+,Dating,500000.0,0.0,3.3,1601.0,Free
1348,Adult Dirty Emojis,DATING,Teen,Dating,10000.0,0.0,2.8,80.0,Free
1349,Adult Dirty Emojis,DATING,Teen,Dating,10000.0,0.0,2.8,80.0,Free
1350,Adult Dirty Emojis,DATING,Teen,Dating,10000.0,0.0,2.8,80.0,Free
1351,AMBW Dating App: Asian Men Black Women Interracial,DATING,Mature 17+,Dating,100.0,7.99,3.5,2.0,Paid
1352,American Girls Mobile Numbers,DATING,Mature 17+,Dating,1000.0,0.0,5.0,5.0,Free
1353,Awake Dating,DATING,Mature 17+,Dating,100.0,0.0,5.0,2.0,Free
1354,BBW Dating & Curvy Singles Chat- LargeFriends,DATING,Mature 17+,Dating,10000.0,0.0,4.4,218.0,Free
1355,BBW Dating & Curvy Singles Chat- LargeFriends,DATING,Mature 17+,Dating,10000.0,0.0,4.4,218.0,Free
1356,BBW Dating & Plus Size Chat,DATING,Mature 17+,Dating,1000000.0,0.0,4.4,12632.0,Free
1357,BBW Dating & Plus Size Chat,DATING,Mature 17+,Dating,1000000.0,0.0,4.4,12632.0,Free
1358,BBW Dating & Plus Size Chat,DATING,Mature 17+,Dating,1000000.0,0.0,4.4,12633.0,Free
1359,BBWCupid - BBW Dating App,DATING,Mature 17+,Dating,50000.0,0.0,3.5,241.0,Free
1360,BeWild Free Dating & Chat App,DATING,Mature 17+,Dating,100000.0,0.0,3.4,1999.0,Free
1361,"BiggerCity: Chat for gay bears, chubs & chasers",DATING,Mature 17+,Dating,100000.0,0.0,4.1,923.0,Free
1362,Black People Meet Singles Date,DATING,Mature 17+,Dating,1000000.0,0.0,3.9,10212.0,Free
1363,Black People Meet Singles Date,DATING,Mature 17+,Dating,1000000.0,0.0,3.9,10212.0,Free
1364,Black White Interracial Dating - Interracial Match,DATING,Mature 17+,Dating,100000.0,0.0,4.1,535.0,Free
1365,Black White Interracial Dating - Interracial Match,DATING,Mature 17+,Dating,100000.0,0.0,4.1,537.0,Free
1366,"Blendr - Chat, Flirt & Meet",DATING,Mature 17+,Dating,1000000.0,0.0,4.0,28671.0,Free
1367,"Blendr - Chat, Flirt & Meet",DATING,Mature 17+,Dating,1000000.0,0.0,4.0,28671.0,Free
1368,BLK - Swipe. Match. Chat.,DATING,Mature 17+,Dating,100000.0,0.0,4.1,2067.0,Free
1369,Calculator,DATING,Everyone,Dating,1000.0,6.99,2.6,57.0,Paid
1370,CAM5678 Video Chat,DATING,Mature 17+,Dating,500.0,0.0,,0.0,Free
1371,Cardi B Live Stream Video Chat - Prank,DATING,Everyone,Dating,500.0,0.0,4.4,28.0,Free
1372,Cardi B Live Stream Video Chat - Prank,DATING,Everyone,Dating,500.0,0.0,4.4,28.0,Free
1373,Casual Dating & Adult Singles - Joyride,DATING,Mature 17+,Dating,5000000.0,0.0,4.5,61637.0,Free
1374,Casual Dating & Adult Singles - Joyride,DATING,Mature 17+,Dating,5000000.0,0.0,4.5,61637.0,Free
1375,Chat Anónimo Gratis Español CG,DATING,Everyone,Dating,5000.0,0.0,3.5,69.0,Free
1376,Chat Click - Dating Search,DATING,Mature 17+,Dating,500.0,0.0,,4.0,Free
1377,Chat Kids - Chat Room For Kids,DATING,Mature 17+,Dating,100.0,0.0,4.7,6.0,Free
1378,Chat Kids - Chat Room For Kids,DATING,Mature 17+,Dating,100.0,0.0,4.7,6.0,Free
1379,chat live chat,DATING,Mature 17+,Dating,1000.0,0.0,,24.0,Free
1380,"Chat Mexico: meet people, flirt and friendship",DATING,Mature 17+,Dating,5000.0,0.0,,8.0,Free
1381,"Chat Rooms, Avatars, Date - Galaxy",DATING,Mature 17+,Dating,10000000.0,0.0,4.3,135418.0,Free
1382,"Chat Rooms, Avatars, Date - Galaxy",DATING,Mature 17+,Dating,10000000.0,0.0,4.3,135420.0,Free
1383,chat saudi arabia,DATING,Mature 17+,Dating,1000.0,0.0,4.1,11.0,Free
1384,"Chatting - Free chat, random chat, boyfriend, girlfriend",DATING,Mature 17+,Dating,500000.0,0.0,4.2,2506.0,Free
1385,ChatVideo Meet new people,DATING,Mature 17+,Dating,5000000.0,0.0,4.2,63986.0,Free
1386,"Chispa, the Dating App for Latino, Latina Singles",DATING,Mature 17+,Dating,100000.0,0.0,4.2,4195.0,Free
1387,"Chispa, the Dating App for Latino, Latina Singles",DATING,Mature 17+,Dating,100000.0,0.0,4.2,4195.0,Free
1388,Christian Dating For Free App,DATING,Mature 17+,Dating,500000.0,0.0,3.9,8722.0,Free
1389,Christian Dating For Free App,DATING,Mature 17+,Dating,500000.0,0.0,3.9,8723.0,Free
1390,Clover Dating App,DATING,Mature 17+,Dating,500000.0,0.0,4.1,11633.0,Free
1391,Clover Dating App,DATING,Mature 17+,Dating,500000.0,0.0,4.1,11633.0,Free
1392,CMB Free Dating App,DATING,Mature 17+,Dating,1000000.0,0.0,4.0,48845.0,Free
1393,CMB Free Dating App,DATING,Mature 17+,Dating,1000000.0,0.0,4.0,48845.0,Free
1394,Cougar Dating Life : Date Older Women Sugar Mummy,DATING,Mature 17+,Dating,500000.0,0.0,3.9,1643.0,Free
1395,Cougar Dating Life : Date Older Women Sugar Mummy,DATING,Mature 17+,Dating,500000.0,0.0,3.9,1645.0,Free
1396,Dating for 50 plus Mature Singles – FINALLY,DATING,Mature 17+,Dating,500000.0,0.0,4.6,13046.0,Free
1397,Dating for 50 plus Mature Singles – FINALLY,DATING,Mature 17+,Dating,500000.0,0.0,4.6,13049.0,Free
1398,Dating Network,DATING,Mature 17+,Dating,10000.0,0.0,4.0,187.0,Free
1399,Dating Tips For Men,DATING,Everyone,Dating,10.0,0.0,,0.0,Free
1400,Dating White Girls,DATING,Mature 17+,Dating,50.0,0.0,,0.0,Free
1401,Diamond Engagement Rings,DATING,Everyone,Dating,5.0,0.0,,0.0,Free
1402,eharmony - Online Dating App,DATING,Mature 17+,Dating,5000000.0,0.0,3.1,31320.0,Free
1403,EliteSingles – Dating for Single Professionals,DATING,Mature 17+,Dating,500000.0,0.0,2.5,5377.0,Free
1404,EliteSingles – Dating for Single Professionals,DATING,Mature 17+,Dating,500000.0,0.0,2.5,5377.0,Free
1405,FarmersOnly Dating,DATING,Mature 17+,Dating,100000.0,0.0,3.0,1146.0,Free
1406,FarmersOnly Dating,DATING,Mature 17+,Dating,100000.0,0.0,3.0,1145.0,Free
1407,"FastMeet: Chat, Dating, Love",DATING,Mature 17+,Dating,1000000.0,0.0,4.2,22544.0,Free
1408,"FastMeet: Chat, Dating, Love",DATING,Mature 17+,Dating,1000000.0,0.0,4.2,22545.0,Free
1409,"FEABIE: Feedees, BBW, BHM & FA",DATING,Mature 17+,Dating,100000.0,0.0,3.7,1212.0,Free
1410,FERZU - Furries Social Network,DATING,Mature 17+,Dating,10000.0,0.0,3.9,1576.0,Free
1411,Find Lover,DATING,Mature 17+,Dating,1000.0,0.0,,21.0,Free
1412,Find Real Love — YouLove Premium Dating,DATING,Mature 17+,Dating,10000000.0,0.0,4.5,212626.0,Free
1413,Find Real Love — YouLove Premium Dating,DATING,Mature 17+,Dating,10000000.0,0.0,4.5,212626.0,Free
1414,FindLoving,DATING,Mature 17+,Dating,1000.0,0.0,3.8,24.0,Free
1415,Fishing Brain & Boating Maps Marine,DATING,Everyone,Dating,500.0,0.0,,3.0,Free
1416,FlirtChat - ♥Free Dating/Flirting App♥,DATING,Mature 17+,Dating,500000.0,0.0,4.3,2430.0,Free
1417,FlirtChat - ♥Free Dating/Flirting App♥,DATING,Mature 17+,Dating,500000.0,0.0,4.3,2433.0,Free
1418,following,DATING,Mature 17+,Dating,10.0,0.0,,1.0,Free
1419,Free Cam Girls - Live Webcam,DATING,Mature 17+,Dating,1000.0,0.0,3.5,35.0,Free
1420,Free Cam Girls - Live Webcam,DATING,Mature 17+,Dating,1000.0,0.0,3.5,35.0,Free
1421,Free Dating & Flirt Chat - Choice of Love,DATING,Mature 17+,Dating,5000000.0,0.0,4.0,42194.0,Free
1422,Free Dating & Flirt Chat - Choice of Love,DATING,Mature 17+,Dating,5000000.0,0.0,4.0,42197.0,Free
1423,Free Dating App - Meet Local Singles - Flirt Chat,DATING,Mature 17+,Dating,100000.0,0.0,4.1,825.0,Free
1424,Free Dating App - Meet Local Singles - Flirt Chat,DATING,Mature 17+,Dating,100000.0,0.0,4.1,825.0,Free
1425,"Free Dating App - YoCutie - Flirt, Chat & Meet",DATING,Mature 17+,Dating,1000000.0,0.0,4.1,97684.0,Free
1426,"Free Dating App - YoCutie - Flirt, Chat & Meet",DATING,Mature 17+,Dating,1000000.0,0.0,4.1,97699.0,Free
1427,Free Dating App & Flirt Chat - Cheers,DATING,Mature 17+,Dating,10000.0,0.0,4.4,667.0,Free
1428,Free Dating App & Flirt Chat - Match with Singles,DATING,Mature 17+,Dating,5000000.0,0.0,4.4,172460.0,Free
1429,Free Dating Hook Up Messenger,DATING,Mature 17+,Dating,100000.0,0.0,3.3,1157.0,Free
1430,Free Dating Hook Up Messenger,DATING,Mature 17+,Dating,100000.0,0.0,3.3,1157.0,Free
1431,FREE LIVE TALK,DATING,Mature 17+,Dating,5000.0,0.0,4.9,776.0,Free
1432,Free Live Talk-Video Call,DATING,Mature 17+,Dating,10000.0,0.0,4.7,158.0,Free
1433,FREE VIDEO CHAT - LIVE VIDEO AND TEXT CHAT,DATING,Mature 17+,Dating,1000.0,0.0,4.8,84.0,Free
1434,French Chat Room,DATING,Mature 17+,Dating,1000.0,0.0,4.2,24.0,Free
1435,Friend Find: free chat + flirt dating app,DATING,Mature 17+,Dating,100.0,0.0,,23.0,Free
1436,Gay Sugar Daddy Dating & Hookup – Sudy Gay,DATING,Mature 17+,Dating,100000.0,0.0,4.1,2212.0,Free
1437,Gay Sugar Daddy Dating & Hookup – Sudy Gay,DATING,Mature 17+,Dating,100000.0,0.0,4.1,2212.0,Free
1438,Geeks Dating,DATING,Mature 17+,Dating,50.0,0.0,,0.0,Free
1439,Get Over Your Ex,DATING,Everyone,Dating,5000.0,0.0,4.1,10.0,Free
1440,Girls Live Chat - Free Text & Video Chat,DATING,Mature 17+,Dating,10000.0,0.0,4.8,110.0,Free
1441,Girls Live Chat - Free Text & Video Chat,DATING,Mature 17+,Dating,10000.0,0.0,4.8,110.0,Free
1442,Girls Live Talk - Free Text and Video Chat,DATING,Mature 17+,Dating,100.0,0.0,5.0,6.0,Free
1443,Girls Online Talk - Free Text and Video Chat,DATING,Mature 17+,Dating,10000.0,0.0,4.7,791.0,Free
1444,Glam - Premium Dating App,DATING,Mature 17+,Dating,500000.0,0.0,4.3,23170.0,Free
1445,Gods by Night,DATING,Mature 17+,Dating,1000.0,0.0,,104.0,Free
1446,H!LooK - Dating,DATING,Mature 17+,Dating,10000.0,0.0,4.2,46.0,Free
1447,Halalguur,DATING,Mature 17+,Dating,100.0,0.0,4.3,6.0,Free
1448,Healthy Relationships Guide,DATING,Everyone,Dating,1.0,0.0,,0.0,Free
1449,Heart mill,DATING,Mature 17+,Dating,100000.0,0.0,3.3,4631.0,Free
1450,"Herpes Dating: 1,000K+ Singles",DATING,Mature 17+,Dating,10000.0,0.0,4.0,738.0,Free
1451,Herpes Positive Singles Dating,DATING,Mature 17+,Dating,10000.0,0.0,4.4,198.0,Free
1452,"Hide App, Private Dating, Safe Chat - PrivacyHider",DATING,Everyone,Dating,1000000.0,0.0,4.4,35206.0,Free
1453,"Hide App, Private Dating, Safe Chat - PrivacyHider",DATING,Everyone,Dating,1000000.0,0.0,4.4,35205.0,Free
1454,"Hily: Dating, Chat, Match, Meet & Hook up",DATING,Mature 17+,Dating,100000.0,0.0,4.1,2556.0,Free
1455,"Hily: Dating, Chat, Match, Meet & Hook up",DATING,Mature 17+,Dating,100000.0,0.0,4.1,2556.0,Free
1456,"Hily: Dating, Chat, Match, Meet & Hook up",DATING,Mature 17+,Dating,100000.0,0.0,4.1,2560.0,Free
1457,Hinge: Dating & Relationships,DATING,Mature 17+,Dating,500000.0,0.0,4.2,7779.0,Free
1458,Hinge: Dating & Relationships,DATING,Mature 17+,Dating,500000.0,0.0,4.2,7779.0,Free
1459,Hitwe - meet people and chat,DATING,Mature 17+,Dating,10000000.0,0.0,4.2,243950.0,Free
1460,Hot or Not - Find someone right now,DATING,Mature 17+,Dating,10000000.0,0.0,4.1,305708.0,Free
1461,Hot or Not - Find someone right now,DATING,Mature 17+,Dating,10000000.0,0.0,4.1,305708.0,Free
1462,Hot or Not - Find someone right now,DATING,Mature 17+,Dating,10000000.0,0.0,4.1,305737.0,Free
1463,House party - live chat,DATING,Mature 17+,Dating,10.0,0.0,1.0,1.0,Free
1464,HOW TO ASK A GIRL OUT,DATING,Everyone,Dating,10.0,0.0,,0.0,Free
1465,Howlr,DATING,Mature 17+,Dating,5000.0,0.0,3.9,105.0,Free
1466,Howlr,DATING,Mature 17+,Dating,5000.0,0.0,3.9,105.0,Free
1467,i miss you quotes and photos,DATING,Everyone,Dating,100.0,0.0,,0.0,Free
1468,"iDates - Chats, Flirts, Dating, Love & Relations",DATING,Mature 17+,Dating,500000.0,0.0,3.4,13890.0,Free
1469,Interracial Match Dating App,DATING,Mature 17+,Dating,10000.0,0.0,3.6,143.0,Free
1470,InterracialCupid - Interracial Dating App,DATING,Mature 17+,Dating,50000.0,0.0,3.4,212.0,Free
1471,"iPair-Meet, Chat, Dating",DATING,Mature 17+,Dating,5000000.0,0.0,4.5,182986.0,Free
1472,"iPair-Meet, Chat, Dating",DATING,Mature 17+,Dating,5000000.0,0.0,4.5,182986.0,Free
1473,Iraq love chat,DATING,Teen,Dating,50.0,0.0,,14.0,Free
1474,JoJo Siwa Top Hits Music,DATING,Teen,Dating,10.0,0.0,,0.0,Free
1475,Just She - Top Lesbian Dating,DATING,Mature 17+,Dating,100000.0,0.0,1.9,953.0,Free
1476,Just She - Top Lesbian Dating,DATING,Mature 17+,Dating,100000.0,0.0,1.9,953.0,Free
1477,Just She - Top Lesbian Dating,DATING,Mature 17+,Dating,100000.0,0.0,1.9,954.0,Free
1478,JustDating,DATING,Mature 17+,Dating,500000.0,0.0,4.0,13440.0,Free
1479,JustSayHi- Dating App. Chat & Meet Singles Nearby,DATING,Mature 17+,Dating,100000.0,0.0,4.2,5152.0,Free
1480,Latin Dating,DATING,Mature 17+,Dating,10.0,0.0,,0.0,Free
1481,Live chat - free video chat,DATING,Mature 17+,Dating,500.0,0.0,,1.0,Free
1482,Live Chat - Free Video Chat Rooms,DATING,Mature 17+,Dating,500.0,0.0,4.8,20.0,Free
1483,Live Chat - Free Video Talk,DATING,Mature 17+,Dating,5000.0,0.0,4.7,14.0,Free
1484,Live Girls Talk - Free Video Chat,DATING,Mature 17+,Dating,5000.0,0.0,4.8,125.0,Free
1485,Live Girls Talk - Free Video Chat,DATING,Mature 17+,Dating,5000.0,0.0,4.8,125.0,Free
1486,Live Talk - Free Text and Video Chat,DATING,Mature 17+,Dating,10000.0,0.0,4.6,185.0,Free
1487,Live Talk - Free Text and Video Chat,DATING,Mature 17+,Dating,10000.0,0.0,4.6,185.0,Free
1488,LIVE VIDEO TALK,DATING,Mature 17+,Dating,10000.0,0.0,4.7,478.0,Free
1489,LOBSTR - go on a lunch date,DATING,Mature 17+,Dating,10000.0,0.0,3.7,101.0,Free
1490,Love Calendar - Couple Sharing Calendar & CoupleDay,DATING,Everyone,Dating,50.0,0.0,,14.0,Free
1491,Luxy Pro- Elite Dating Single,DATING,Mature 17+,Dating,50000.0,0.0,3.9,742.0,Free
1492,Match™ Dating - Meet Singles,DATING,Mature 17+,Dating,10000000.0,0.0,3.7,76646.0,Free
1493,Meet With Strangers: Video Chat & Dating,DATING,Mature 17+,Dating,500.0,0.0,,2.0,Free
1494,"Meet, chat & date. Free dating app - Chocolate app",DATING,Mature 17+,Dating,1000000.0,0.0,3.9,8661.0,Free
1495,"Meet24 - Love, Chat, Singles",DATING,Mature 17+,Dating,1000000.0,0.0,4.2,57081.0,Free
1496,"Meet24 - Love, Chat, Singles",DATING,Mature 17+,Dating,1000000.0,0.0,4.2,57083.0,Free
1497,"Meet4U - Chat, Love, Singles!",DATING,Mature 17+,Dating,1000000.0,0.0,4.2,40035.0,Free
1498,"Meet4U - Chat, Love, Singles!",DATING,Mature 17+,Dating,1000000.0,0.0,4.2,40039.0,Free
1499,Millionaire Match: Rich Singles Dating App,DATING,Mature 17+,Dating,100000.0,0.0,3.9,852.0,Free
1500,Millionaire Match: Rich Singles Dating App,DATING,Mature 17+,Dating,100000.0,0.0,3.9,853.0,Free
1501,Mingle - Online Dating App to Chat & Meet People,DATING,Mature 17+,Dating,1000000.0,0.0,4.1,15081.0,Free
1502,Mingle2 - Free Online Dating & Singles Chat Rooms,DATING,Mature 17+,Dating,1000000.0,0.0,4.3,37053.0,Free
1503,"Moco - Chat, Meet People",DATING,Mature 17+,Dating,10000000.0,0.0,4.2,313724.0,Free
1504,"Moco - Chat, Meet People",DATING,Mature 17+,Dating,10000000.0,0.0,4.2,313724.0,Free
1505,"Moco - Chat, Meet People",DATING,Mature 17+,Dating,10000000.0,0.0,4.2,313769.0,Free
1506,"Moco+ - Chat, Meet People",DATING,Mature 17+,Dating,10000.0,3.99,4.2,1545.0,Paid
1507,"Moco+ - Chat, Meet People",DATING,Mature 17+,Dating,10000.0,3.99,4.2,1546.0,Paid
1508,MouseMingle,DATING,Mature 17+,Dating,100.0,0.0,2.7,3.0,Free
1509,MouseMingle,DATING,Mature 17+,Dating,100.0,0.0,2.7,3.0,Free
1510,Mutual - LDS Dating,DATING,Mature 17+,Dating,50000.0,0.0,3.7,1439.0,Free
1511,"muzmatch: Muslim & Arab Singles, Marriage & Dating",DATING,Mature 17+,Dating,100000.0,0.0,3.8,5164.0,Free
1512,"muzmatch: Muslim & Arab Singles, Marriage & Dating",DATING,Mature 17+,Dating,100000.0,0.0,3.8,5164.0,Free
1513,"muzmatch: Muslim & Arab Singles, Marriage & Dating",DATING,Mature 17+,Dating,100000.0,0.0,3.8,5168.0,Free
1514,NoBuffDating - Free Dating App,DATING,Mature 17+,Dating,100000.0,0.0,4.2,1939.0,Free
1515,OkCupid Dating,DATING,Mature 17+,Dating,10000000.0,0.0,4.1,285726.0,Free
1516,OkCupid Dating,DATING,Mature 17+,Dating,10000000.0,0.0,4.1,285726.0,Free
1517,OkCupid Dating,DATING,Mature 17+,Dating,10000000.0,0.0,4.1,285838.0,Free
1518,Once - Quality Matches Every day,DATING,Mature 17+,Dating,1000000.0,0.0,4.4,222888.0,Free
1519,Once - Quality Matches Every day,DATING,Mature 17+,Dating,1000000.0,0.0,4.4,222888.0,Free
1520,Online Chat Girls Meet,DATING,Mature 17+,Dating,500.0,0.0,4.7,18.0,Free
1521,Online Girls Chat,DATING,Mature 17+,Dating,50000.0,0.0,4.8,5323.0,Free
1522,Online Girls Chat Group,DATING,Mature 17+,Dating,100.0,0.0,5.0,5.0,Free
1523,Ost. Zombies Cast - New Music and Lyrics,DATING,Teen,Dating,100.0,0.0,,1.0,Free
1524,O-Star,DATING,Everyone,Dating,5000.0,0.0,4.4,59.0,Free
1525,O-Star,DATING,Everyone,Dating,5000.0,0.0,4.4,59.0,Free
1526,O-Star,DATING,Everyone,Dating,5000.0,0.0,4.4,59.0,Free
1527,OurTime Dating for Singles 50+,DATING,Mature 17+,Dating,100000.0,0.0,3.4,2519.0,Free
1528,Pet Lovers Dating,DATING,Mature 17+,Dating,10.0,0.0,,0.0,Free
1529,PlusOne,DATING,Mature 17+,Dating,1.0,0.0,,0.0,Free
1530,"Private Dating, Hide App- Blue for PrivacyHider",DATING,Everyone,Dating,100.0,2.99,,0.0,Paid
1531,RandoChat - Chat roulette,DATING,Mature 17+,Dating,1000000.0,0.0,3.6,11806.0,Free
1532,Random Chat App with Strangers,DATING,Mature 17+,Dating,100.0,0.0,3.0,2.0,Free
1533,Random Video Chat,DATING,Mature 17+,Dating,1000.0,0.0,,3.0,Free
1534,Random Video Chat,DATING,Mature 17+,Dating,1000.0,0.0,,3.0,Free
1535,Random Video Chat App With Strangers,DATING,Mature 17+,Dating,1000.0,0.0,,3.0,Free
1536,Random Video Chat App With Strangers,DATING,Mature 17+,Dating,1000.0,0.0,,3.0,Free
1537,Russian Dating & Chat for Russian speaking RusDate,DATING,Mature 17+,Dating,100000.0,0.0,4.2,1059.0,Free
1538,SilverSingles: The 50+ Dating App,DATING,Mature 17+,Dating,10000.0,0.0,3.3,149.0,Free
1539,Single Parent Meet #1 Dating,DATING,Mature 17+,Dating,500000.0,0.0,3.5,2593.0,Free
1540,Sky People (SPI): A secure blind date through authentication by Seoul National University,DATING,Mature 17+,Dating,100000.0,0.0,3.5,894.0,Free
1541,SkyLove – Dating and chat,DATING,Mature 17+,Dating,5000.0,0.0,3.5,69.0,Free
1542,SnpCupid Dating,DATING,Mature 17+,Dating,100000.0,0.0,3.5,1093.0,Free
1543,Soul Mate,DATING,Mature 17+,Dating,10.0,0.0,,0.0,Free
1544,Soy Luna - Top Music And Lyrics,DATING,Teen,Dating,100.0,0.0,,1.0,Free
1545,Speeding Joyride & Car Meet App,DATING,Mature 17+,Dating,100.0,0.0,5.0,3.0,Free
1546,Spine- The dating app,DATING,Teen,Dating,500.0,0.0,5.0,5.0,Free
1547,"Starg - Gay, Same Sex, Bi",DATING,Mature 17+,Dating,10000.0,0.0,3.7,66.0,Free
1548,stranger chat - anonymous chat,DATING,Mature 17+,Dating,1000000.0,0.0,3.5,13202.0,Free
1549,stranger chat - anonymous chat,DATING,Mature 17+,Dating,1000000.0,0.0,3.5,13204.0,Free
1550,Stranger Chat & Date,DATING,Mature 17+,Dating,500000.0,0.0,3.6,3414.0,Free
1551,Sudy – Meet Elite & Rich Single,DATING,Mature 17+,Dating,500000.0,0.0,4.1,17268.0,Free
1552,Sudy – Meet Elite & Rich Single,DATING,Mature 17+,Dating,500000.0,0.0,4.1,17268.0,Free
1553,Sugar Daddies Dating App,DATING,Mature 17+,Dating,10000.0,0.0,2.9,53.0,Free
1554,Sugar Daddy Dating App,DATING,Mature 17+,Dating,100000.0,0.0,2.5,277.0,Free
1555,Sugar Mommas Dating And Single Search,DATING,Mature 17+,Dating,1000000.0,0.0,3.5,1972.0,Free
1556,Sweet mi - unlimited hunnam hunting blind date,DATING,Mature 17+,Dating,500000.0,0.0,4.0,6191.0,Free
1557,"SweetRing - Meet, Match, Date",DATING,Mature 17+,Dating,1000000.0,0.0,4.0,51698.0,Free
1558,Teenage Chat & Dating,DATING,Mature 17+,Dating,500.0,0.0,3.4,5.0,Free
1559,The DJ - Match with People,DATING,Mature 17+,Dating,50.0,0.0,,0.0,Free
1560,The League,DATING,Mature 17+,Dating,100000.0,0.0,3.0,837.0,Free
1561,Titanic App - Feminist Dating Application,DATING,Mature 17+,Dating,500.0,0.0,4.5,120.0,Free
1562,Toronto Dating,DATING,Mature 17+,Dating,100.0,0.0,,0.0,Free
1563,Transenger – Ts Dating and Chat for Free,DATING,Mature 17+,Dating,1000.0,0.0,3.6,8.0,Free
1564,Transenger – Ts Dating and Chat for Free,DATING,Mature 17+,Dating,1000.0,0.0,3.6,8.0,Free
1565,Truth or Dare Pro,DATING,Teen,Dating,50.0,1.49,,0.0,Paid
1566,"TryDate - Free Online Dating App, Chat Meet Adults",DATING,Mature 17+,Dating,500000.0,0.0,4.4,7888.0,Free
1567,UK Girls Mobile Numbers,DATING,Mature 17+,Dating,500.0,0.0,3.0,1.0,Free
1568,"USA Singles Meet, Match and Date Free - Date",DATING,Mature 17+,Dating,100000.0,0.0,4.2,5084.0,Free
1569,Video chat live advices,DATING,Everyone,Dating,100.0,0.0,,0.0,Free
1570,WannaMeet – Dating & Chat App,DATING,Mature 17+,Dating,1000000.0,0.0,4.1,6701.0,Free
1571,When Will You Get Married,DATING,Everyone,Dating,10.0,0.0,,2.0,Free
1572,Wifi Mingle,DATING,Everyone,Dating,10.0,0.0,,0.0,Free
1573,Zoosk Dating App: Meet Singles,DATING,Mature 17+,Dating,10000000.0,0.0,4.0,516801.0,Free
1574,Zoosk Dating App: Meet Singles,DATING,Mature 17+,Dating,10000000.0,0.0,4.0,516917.0,Free
1575,ABC Preschool Free,EDUCATION,Everyone,Education;Education,5000000.0,0.0,3.8,27572.0,Free
1576,Ai La Trieu Phu - ALTP Free,EDUCATION,Everyone,Education,100000.0,0.0,,776.0,Free
1577,Babbel – Learn Languages,EDUCATION,Everyone,Education,10000000.0,0.0,4.3,266948.0,Free
1578,Babbel – Learn Languages,EDUCATION,Everyone,Education,10000000.0,0.0,4.3,266935.0,Free
1579,Babbel – Learn Languages,EDUCATION,Everyone,Education,10000000.0,0.0,4.3,266948.0,Free
1580,Babbel – Learn Spanish,EDUCATION,Everyone,Education,1000000.0,0.0,4.4,54798.0,Free
1581,Blinkist - Nonfiction Books,EDUCATION,Everyone,Education,1000000.0,0.0,4.1,16103.0,Free
1582,Brilliant,EDUCATION,Everyone,Education,1000000.0,0.0,4.5,41185.0,Free
1583,Brilliant,EDUCATION,Everyone,Education,1000000.0,0.0,4.5,41185.0,Free
1584,"busuu: Learn Languages - Spanish, English & More",EDUCATION,Everyone 10+,Education,10000000.0,0.0,4.3,206527.0,Free
1585,"busuu: Learn Languages - Spanish, English & More",EDUCATION,Everyone 10+,Education,10000000.0,0.0,4.3,206532.0,Free
1586,"busuu: Learn Languages - Spanish, English & More",EDUCATION,Everyone 10+,Education,10000000.0,0.0,4.3,206532.0,Free
1587,C Programming,EDUCATION,Everyone,Education,1000000.0,0.0,4.3,22251.0,Free
1588,C++ Programming,EDUCATION,Everyone,Education,1000000.0,0.0,4.3,11904.0,Free
1589,C++ Tutorials,EDUCATION,Everyone,Education,50000.0,0.0,4.1,358.0,Free
1590,Canvas Student,EDUCATION,Everyone,Education,1000000.0,0.0,4.5,42828.0,Free
1591,Cars Coloring Pages,EDUCATION,Everyone,Education;Creativity,1000000.0,0.0,4.4,1090.0,Free
1592,Chegg Study - Homework Help,EDUCATION,Everyone,Education,1000000.0,0.0,4.3,14700.0,Free
1593,ClassDojo,EDUCATION,Everyone,Education;Education,10000000.0,0.0,4.4,148550.0,Free
1594,ClassDojo,EDUCATION,Everyone,Education;Education,10000000.0,0.0,4.4,148549.0,Free
1595,Common Core,EDUCATION,Everyone,Education,100000.0,0.0,4.0,835.0,Free
1596,Coursera: Online courses,EDUCATION,Everyone,Education,5000000.0,0.0,4.4,90481.0,Free
1597,Coursera: Online courses,EDUCATION,Everyone,Education,5000000.0,0.0,4.4,90481.0,Free
1598,CppDroid - C/C++ IDE,EDUCATION,Everyone,Education,1000000.0,0.0,4.1,29980.0,Free
1599,Dinosaurs Coloring Pages,EDUCATION,Everyone,Education;Education,500000.0,0.0,4.4,390.0,Free
1600,Duolingo: Learn Languages Free,EDUCATION,Everyone,Education;Education,100000000.0,0.0,4.7,6289924.0,Free
1601,Duolingo: Learn Languages Free,EDUCATION,Everyone,Education;Education,100000000.0,0.0,4.7,6290507.0,Free
1602,Duolingo: Learn Languages Free,EDUCATION,Everyone,Education;Education,100000000.0,0.0,4.7,6290507.0,Free
1603,Duolingo: Learn Languages Free,EDUCATION,Everyone,Education;Education,100000000.0,0.0,4.7,6290507.0,Free
1604,EasyBib: Citation Generator,EDUCATION,Everyone,Education,100000.0,0.0,3.5,1405.0,Free
1605,Edmodo,EDUCATION,Everyone,Education,10000000.0,0.0,4.1,200058.0,Free
1606,"edX - Online Courses by Harvard, MIT & more",EDUCATION,Everyone 10+,Education,1000000.0,0.0,4.6,32381.0,Free
1607,"edX - Online Courses by Harvard, MIT & more",EDUCATION,Everyone 10+,Education,1000000.0,0.0,4.6,32380.0,Free
1608,Elevate - Brain Training Games,EDUCATION,Everyone,Education,5000000.0,0.0,4.5,248912.0,Free
1609,English Communication - Learn English for Chinese (Learn English for Chinese),EDUCATION,Everyone,Education,100000.0,0.0,4.7,2544.0,Free
1610,English for beginners,EDUCATION,Everyone,Education,1000000.0,0.0,4.6,9321.0,Free
1611,English Grammar Test,EDUCATION,Everyone,Education,500000.0,0.0,4.8,4075.0,Free
1612,English speaking texts,EDUCATION,Everyone,Education,1000000.0,0.0,4.4,1619.0,Free
1613,English with Lingualeo,EDUCATION,Everyone,Education,5000000.0,0.0,4.7,254519.0,Free
1614,English words application mikan,EDUCATION,Everyone,Education,500000.0,0.0,4.7,9888.0,Free
1615,Flame - درب عقلك يوميا,EDUCATION,Everyone,Education,1000000.0,0.0,4.6,56065.0,Free
1616,Flippy Campus - Buy & sell on campus at a discount,EDUCATION,Everyone,Education,500000.0,0.0,4.0,889.0,Free
1617,Free english course,EDUCATION,Everyone,Education,5000000.0,0.0,4.7,142632.0,Free
1618,Free intellectual training game application |,EDUCATION,Everyone,Education;Pretend Play,1000000.0,0.0,4.2,5741.0,Free
1619,Fuzzy Numbers: Pre-K Number Foundation,EDUCATION,Everyone,Education;Education,1000.0,5.99,4.7,21.0,Paid
1620,Game for KIDS: KIDS match'em,EDUCATION,Everyone,Education,1000000.0,0.0,4.4,7005.0,Free
1621,GMAT Math Flashcards,EDUCATION,Everyone,Education,100000.0,0.0,4.4,1769.0,Free
1622,GMAT Question Bank,EDUCATION,Everyone,Education,10000.0,0.0,4.2,240.0,Free
1623,Google Classroom,EDUCATION,Everyone,Education,10000000.0,0.0,4.2,69493.0,Free
1624,Google Classroom,EDUCATION,Everyone,Education,10000000.0,0.0,4.2,69498.0,Free
1625,Google Classroom,EDUCATION,Everyone,Education,10000000.0,0.0,4.2,69498.0,Free
1626,GRE Flashcards,EDUCATION,Everyone,Education,500000.0,0.0,4.5,13791.0,Free
1627,GRE Prep & Practice by Magoosh,EDUCATION,Everyone,Education,100000.0,0.0,4.4,3963.0,Free
1628,GRE Tutor,EDUCATION,Everyone,Education,50000.0,0.0,4.0,275.0,Free
1629,GRE® Flashcards by Kaplan,EDUCATION,Everyone,Education,50000.0,0.0,4.0,316.0,Free
1630,"HelloTalk — Chat, Speak & Learn Foreign Languages",EDUCATION,Everyone,Education,5000000.0,0.0,4.4,84309.0,Free
1631,"HelloTalk — Chat, Speak & Learn Foreign Languages",EDUCATION,Everyone,Education,5000000.0,0.0,4.4,84311.0,Free
1632,HomeWork,EDUCATION,Everyone,Education,1000000.0,0.0,4.3,16195.0,Free
1633,Homework Planner,EDUCATION,Everyone,Education,100000.0,0.0,4.0,2525.0,Free
1634,Innovative: Learn 34 Languages,EDUCATION,Everyone,Education,500000.0,0.0,4.5,14206.0,Free
1635,Japanese / English one-shop search dictionary - Free Japanese - English - Japanese dictionary application,EDUCATION,Mature 17+,Education,50000.0,0.0,3.9,61.0,Free
1636,Kanji test · Han search Kanji training (free version),EDUCATION,Mature 17+,Education,1000000.0,0.0,4.2,6736.0,Free
1637,Khan Academy,EDUCATION,Everyone,Education,5000000.0,0.0,4.6,85375.0,Free
1638,Khan Academy,EDUCATION,Everyone,Education,5000000.0,0.0,4.6,85375.0,Free
1639,Khan Academy,EDUCATION,Everyone,Education,5000000.0,0.0,4.6,85375.0,Free
1640,Kids Learn Languages by Mondly,EDUCATION,Everyone,Education;Education,100000.0,0.0,4.4,2078.0,Free
1641,Kids Mode,EDUCATION,Everyone,Education,500000.0,0.0,3.8,2469.0,Free
1642,Learn 50 languages,EDUCATION,Everyone,Education,5000000.0,0.0,4.4,55256.0,Free
1643,Learn 50 languages,EDUCATION,Everyone,Education,5000000.0,0.0,4.4,55256.0,Free
1644,Learn C++,EDUCATION,Everyone,Education,1000000.0,0.0,4.6,73404.0,Free
1645,Learn English for beginners,EDUCATION,Everyone,Education,500000.0,0.0,4.5,1929.0,Free
1646,Learn English from Persian: Persian to English,EDUCATION,Everyone,Education,100000.0,0.0,4.3,423.0,Free
1647,Learn English with Aco,EDUCATION,Everyone,Education,1000000.0,0.0,4.6,75112.0,Free
1648,Learn English with Phrases,EDUCATION,Everyone,Education,1000000.0,0.0,4.2,5695.0,Free
1649,Learn English with Wlingua,EDUCATION,Everyone,Education,10000000.0,0.0,4.7,314299.0,Free
1650,Learn English with Wlingua,EDUCATION,Everyone,Education,10000000.0,0.0,4.7,314300.0,Free
1651,Learn English Words Free,EDUCATION,Everyone,Education,5000000.0,0.0,4.6,172640.0,Free
1652,Learn HTML,EDUCATION,Everyone,Education,1000000.0,0.0,4.7,61749.0,Free
1653,"Learn Japanese, Korean, Chinese Offline & Free",EDUCATION,Everyone,Education;Education,1000000.0,0.0,4.9,133136.0,Free
1654,Learn Java,EDUCATION,Everyone,Education,1000000.0,0.0,4.7,52743.0,Free
1655,Learn JavaScript,EDUCATION,Everyone,Education,1000000.0,0.0,4.6,25183.0,Free
1656,"Learn languages, grammar & vocabulary with Memrise",EDUCATION,Everyone,Education,10000000.0,0.0,4.7,1107903.0,Free
1657,"Learn languages, grammar & vocabulary with Memrise",EDUCATION,Everyone,Education,10000000.0,0.0,4.7,1107884.0,Free
1658,"Learn languages, grammar & vocabulary with Memrise",EDUCATION,Everyone,Education,10000000.0,0.0,4.7,1107903.0,Free
1659,"Learn languages, grammar & vocabulary with Memrise",EDUCATION,Everyone,Education,10000000.0,0.0,4.7,1107948.0,Free
1660,Learn programming,EDUCATION,Everyone,Education,1000000.0,0.0,4.1,12733.0,Free
1661,Learn Spanish - Español,EDUCATION,Everyone,Education,1000000.0,0.0,4.7,32346.0,Free
1662,Learn SQL,EDUCATION,Everyone,Education,1000000.0,0.0,4.7,19277.0,Free
1663,Learn to Speak English,EDUCATION,Everyone,Education,1000000.0,0.0,4.4,33646.0,Free
1664,Lerni. Learn languages.,EDUCATION,Everyone,Education,500000.0,0.0,4.0,3847.0,Free
1665,LinkedIn Learning: Online Courses to Learn Skills,EDUCATION,Everyone,Education,1000000.0,0.0,4.6,7973.0,Free
1666,Listen and learn English in seven days,EDUCATION,Everyone,Education,100000.0,0.0,4.3,1516.0,Free
1667,Lumosity: #1 Brain Games & Cognitive Training App,EDUCATION,Everyone,Education,10000000.0,0.0,4.2,215301.0,Free
1668,Lumosity: #1 Brain Games & Cognitive Training App,EDUCATION,Everyone,Education,10000000.0,0.0,4.2,215301.0,Free
1669,Lynda - Online Training Videos,EDUCATION,Everyone,Education,1000000.0,0.0,4.2,8599.0,Free
1670,Lynda - Online Training Videos,EDUCATION,Everyone,Education,1000000.0,0.0,4.2,8599.0,Free
1671,Magoosh GMAT Prep & Practice,EDUCATION,Everyone,Education,100000.0,0.0,4.3,1058.0,Free
1672,Mango Languages: Lovable Language Courses,EDUCATION,Everyone,Education,500000.0,0.0,4.0,4815.0,Free
1673,Mango Languages: Lovable Language Courses,EDUCATION,Everyone,Education,500000.0,0.0,4.0,4815.0,Free
1674,Math Tricks,EDUCATION,Everyone,Education,10000000.0,0.0,4.5,342918.0,Free
1675,Memorado - Brain Games,EDUCATION,Everyone,Education;Brain Games,1000000.0,0.0,4.4,56897.0,Free
1676,Mermaids,EDUCATION,Everyone,Education;Creativity,5000000.0,0.0,4.2,14286.0,Free
1677,Monster Truck Driver & Racing,EDUCATION,Everyone,Education;Action & Adventure,1000000.0,0.0,4.4,748.0,Free
1678,My Class Schedule: Timetable,EDUCATION,Everyone,Education,1000000.0,0.0,4.1,9348.0,Free
1679,My Class Schedule: Timetable,EDUCATION,Everyone,Education,1000000.0,0.0,4.1,9348.0,Free
1680,My Study Life - School Planner,EDUCATION,Everyone,Education,1000000.0,0.0,4.3,47847.0,Free
1681,myHomework Student Planner,EDUCATION,Everyone,Education,1000000.0,0.0,4.0,28392.0,Free
1682,NeuroNation - Focus and Brain Training,EDUCATION,Everyone,Education;Brain Games,5000000.0,0.0,4.5,248555.0,Free
1683,Next Gen Science Standards,EDUCATION,Everyone,Education,50000.0,0.0,4.3,206.0,Free
1684,PBS KIDS Video,EDUCATION,Everyone,Education;Music & Video,5000000.0,0.0,4.2,36212.0,Free
1685,Peak – Brain Games & Training,EDUCATION,Everyone,Education;Brain Games,10000000.0,0.0,4.4,272145.0,Free
1686,PINKFONG Baby Shark,EDUCATION,Everyone,Education,1000000.0,0.0,4.5,10852.0,Free
1687,"play2prep: ACT, SAT prep",EDUCATION,Everyone,Education,100000.0,0.0,4.2,3692.0,Free
1688,Pocket GMAT Math,EDUCATION,Everyone,Education,10000.0,0.0,4.3,656.0,Free
1689,Pocket SAT Math,EDUCATION,Everyone,Education,10000.0,0.0,4.0,430.0,Free
1690,Princess Coloring Book,EDUCATION,Everyone,Education;Creativity,5000000.0,0.0,4.5,9770.0,Free
1691,"Programming Hub, Learn to code",EDUCATION,Everyone,Education,1000000.0,0.0,4.3,55704.0,Free
1692,Quiz&Learn Python,EDUCATION,Everyone,Education,10000.0,0.0,4.0,304.0,Free
1693,Quizlet: Learn Languages & Vocab with Flashcards,EDUCATION,Everyone,Education,10000000.0,0.0,4.6,211856.0,Free
1694,Quizlet: Learn Languages & Vocab with Flashcards,EDUCATION,Everyone,Education,10000000.0,0.0,4.6,211856.0,Free
1695,Quizlet: Learn Languages & Vocab with Flashcards,EDUCATION,Everyone,Education,10000000.0,0.0,4.6,211856.0,Free
1696,Quizlet: Learn Languages & Vocab with Flashcards,EDUCATION,Everyone,Education,10000000.0,0.0,4.6,211856.0,Free
1697,Ready4 GMAT (Prep4 GMAT),EDUCATION,Everyone,Education,100000.0,0.0,4.6,18372.0,Free
1698,Ready4 SAT (Prep4 SAT),EDUCATION,Everyone,Education,100000.0,0.0,4.6,13612.0,Free
1699,Remind: School Communication,EDUCATION,Everyone,Education,10000000.0,0.0,4.5,108613.0,Free
1700,Rosetta Stone: Learn to Speak & Read New Languages,EDUCATION,Everyone,Education;Education,5000000.0,0.0,4.5,172505.0,Free
1701,Rosetta Stone: Learn to Speak & Read New Languages,EDUCATION,Everyone,Education;Education,5000000.0,0.0,4.5,172508.0,Free
1702,Rosetta Stone: Learn to Speak & Read New Languages,EDUCATION,Everyone,Education;Education,5000000.0,0.0,4.5,172508.0,Free
1703,Rosetta Stone: Learn to Speak & Read New Languages,EDUCATION,Everyone,Education;Education,5000000.0,0.0,4.5,172508.0,Free
1704,Sago Mini Hat Maker,EDUCATION,Everyone,Education;Pretend Play,1000.0,3.99,4.9,11.0,Paid
1705,SAT Flashcards: Prep & Vocabulary,EDUCATION,Everyone,Education,100000.0,0.0,4.2,2277.0,Free
1706,SAT Test,EDUCATION,Everyone,Education,100000.0,0.0,4.1,2363.0,Free
1707,SAT Vocabulary,EDUCATION,Everyone,Education,50000.0,0.0,4.2,642.0,Free
1708,Socratic - Math Answers & Homework Help,EDUCATION,Everyone,Education,1000000.0,0.0,4.6,37862.0,Free
1709,Socratic - Math Answers & Homework Help,EDUCATION,Everyone,Education,1000000.0,0.0,4.6,37862.0,Free
1710,Socrative Teacher,EDUCATION,Everyone,Education,100000.0,0.0,3.9,1239.0,Free
1711,SoloLearn: Learn to Code for Free,EDUCATION,Teen,Education,1000000.0,0.0,4.8,256079.0,Free
1712,Speed Reading,EDUCATION,Everyone,Education,500000.0,0.0,4.6,10611.0,Free
1713,Study Checker,EDUCATION,Everyone,Education,500000.0,0.0,4.2,3816.0,Free
1714,Teacher's Gradebook - Additio,EDUCATION,Everyone,Education,100000.0,0.0,4.2,3241.0,Free
1715,TeachersPayTeachers,EDUCATION,Everyone,Education,100000.0,0.0,3.8,828.0,Free
1716,TED,EDUCATION,Everyone 10+,Education,10000000.0,0.0,4.6,181893.0,Free
1717,TED,EDUCATION,Everyone 10+,Education,10000000.0,0.0,4.6,181893.0,Free
1718,TED,EDUCATION,Everyone 10+,Education,10000000.0,0.0,4.6,181893.0,Free
1719,THAI DICT 2018,EDUCATION,Mature 17+,Education,1000000.0,0.0,4.4,29855.0,Free
1720,Thai Handwriting,EDUCATION,Everyone,Education,1000000.0,0.0,4.3,3168.0,Free
1721,Timetable,EDUCATION,Everyone,Education,1000000.0,0.0,4.2,40209.0,Free
1722,Toca Life: City,EDUCATION,Everyone,Education;Pretend Play,500000.0,3.99,4.7,31085.0,Paid
1723,Toca Life: Hospital,EDUCATION,Everyone,Education;Pretend Play,100000.0,3.99,4.7,3528.0,Paid
1724,TOEFL Prep & Practice from Magoosh,EDUCATION,Everyone,Education,100000.0,0.0,4.5,756.0,Free
1725,Training schedule - AllUniver,EDUCATION,Everyone,Education,10000.0,0.0,4.1,702.0,Free
1726,Udacity - Lifelong Learning,EDUCATION,Everyone,Education,1000000.0,0.0,4.3,22384.0,Free
1727,Udacity - Lifelong Learning,EDUCATION,Everyone,Education,1000000.0,0.0,4.3,22384.0,Free
1728,Udemy - Online Courses,EDUCATION,Everyone,Education,1000000.0,0.0,4.5,99020.0,Free
1729,Udemy - Online Courses,EDUCATION,Everyone,Education,1000000.0,0.0,4.5,99020.0,Free
1730,Udemy - Online Courses,EDUCATION,Everyone,Education,1000000.0,0.0,4.5,99020.0,Free
1731,A&E - Watch Full Episodes of TV Shows,ENTERTAINMENT,Teen,Entertainment,1000000.0,0.0,4.0,29706.0,Free
1732,A&E - Watch Full Episodes of TV Shows,ENTERTAINMENT,Teen,Entertainment,1000000.0,0.0,4.0,29706.0,Free
1733,A&E - Watch Full Episodes of TV Shows,ENTERTAINMENT,Teen,Entertainment,1000000.0,0.0,4.0,29706.0,Free
1734,Acorn TV: World-class TV from Britain and Beyond,ENTERTAINMENT,Everyone,Entertainment,50000.0,0.0,3.0,493.0,Free
1735,Adult Glitter Color by Number Book - Sandbox Pages,ENTERTAINMENT,Everyone,Entertainment;Creativity,1000000.0,0.0,4.3,8918.0,Free
1736,Amazon Prime Video,ENTERTAINMENT,Teen,Entertainment,50000000.0,0.0,4.2,411683.0,Free
1737,AMC Theatres,ENTERTAINMENT,Everyone,Entertainment,1000000.0,0.0,4.3,44550.0,Free
1738,Animal Planet GO,ENTERTAINMENT,Teen,Entertainment,100000.0,0.0,4.2,2442.0,Free
1739,BBC Media Player,ENTERTAINMENT,Everyone,Entertainment,10000000.0,0.0,3.4,87384.0,Free
1740,BET NOW - Watch Shows,ENTERTAINMENT,Teen,Entertainment,1000000.0,0.0,4.2,14807.0,Free
1741,BET NOW - Watch Shows,ENTERTAINMENT,Teen,Entertainment,1000000.0,0.0,4.2,14807.0,Free
1742,BET NOW - Watch Shows,ENTERTAINMENT,Teen,Entertainment,1000000.0,0.0,4.2,14807.0,Free
1743,CBS - Full Episodes & Live TV,ENTERTAINMENT,Teen,Entertainment,10000000.0,0.0,3.8,92058.0,Free
1744,CBS - Full Episodes & Live TV,ENTERTAINMENT,Teen,Entertainment,10000000.0,0.0,3.8,92058.0,Free
1745,Cinemark Theatres,ENTERTAINMENT,Teen,Entertainment,1000000.0,0.0,4.1,21867.0,Free
1746,Cinematic Cinematic,ENTERTAINMENT,Mature 17+,Entertainment,1000000.0,0.0,4.4,37000.0,Free
1747,ColorFul - Adult Coloring Book,ENTERTAINMENT,Everyone,Entertainment,5000000.0,0.0,4.6,50725.0,Free
1748,Colorfy: Coloring Book for Adults - Free,ENTERTAINMENT,Everyone,Entertainment,10000000.0,0.0,4.5,787177.0,Free
1749,Comedy Central,ENTERTAINMENT,Teen,Entertainment,1000000.0,0.0,3.9,22378.0,Free
1750,Comedy Central,ENTERTAINMENT,Teen,Entertainment,1000000.0,0.0,3.9,22378.0,Free
1751,Complete Spanish Movies,ENTERTAINMENT,Everyone,Entertainment,1000000.0,0.0,4.0,11656.0,Free
1752,Cooking Channel,ENTERTAINMENT,Teen,Entertainment,100000.0,0.0,4.1,1033.0,Free
1753,Crackle - Free TV & Movies,ENTERTAINMENT,Teen,Entertainment,10000000.0,0.0,3.7,388089.0,Free
1754,Crackle - Free TV & Movies,ENTERTAINMENT,Teen,Entertainment,10000000.0,0.0,3.7,388089.0,Free
1755,Crackle - Free TV & Movies,ENTERTAINMENT,Teen,Entertainment,10000000.0,0.0,3.7,388089.0,Free
1756,Crunchyroll - Everything Anime,ENTERTAINMENT,Teen,Entertainment,10000000.0,0.0,3.7,310066.0,Free
1757,Crunchyroll - Everything Anime,ENTERTAINMENT,Teen,Entertainment,10000000.0,0.0,3.7,310095.0,Free
1758,Crunchyroll - Everything Anime,ENTERTAINMENT,Teen,Entertainment,10000000.0,0.0,3.7,310066.0,Free
1759,CW Seed,ENTERTAINMENT,Teen,Entertainment,500000.0,0.0,4.5,16372.0,Free
1760,Digital TV,ENTERTAINMENT,Everyone,Entertainment,5000000.0,0.0,3.1,5241.0,Free
1761,DramaFever: Stream Asian Drama Shows & Movies,ENTERTAINMENT,Teen,Entertainment,1000000.0,0.0,4.2,155234.0,Free
1762,DStv Now,ENTERTAINMENT,Teen,Entertainment,5000000.0,0.0,3.9,34923.0,Free
1763,🔥 Football Wallpapers 4K | Full HD Backgrounds 😍,ENTERTAINMENT,Everyone,Entertainment,1000000.0,0.0,4.7,11661.0,Free
1764,Fandango Movies - Times + Tickets,ENTERTAINMENT,Teen,Entertainment,10000000.0,0.0,4.6,243747.0,Free
1765,Fandango Movies - Times + Tickets,ENTERTAINMENT,Teen,Entertainment,10000000.0,0.0,4.6,243747.0,Free
1766,Food Network,ENTERTAINMENT,Teen,Entertainment,500000.0,0.0,4.1,7813.0,Free
1767,Food Network,ENTERTAINMENT,Teen,Entertainment,500000.0,0.0,4.1,7813.0,Free
1768,FOX,ENTERTAINMENT,Mature 17+,Entertainment,10000000.0,0.0,3.7,197774.0,Free
1769,FOX,ENTERTAINMENT,Mature 17+,Entertainment,10000000.0,0.0,3.7,197774.0,Free
1770,FOX NOW - On Demand & Live TV,ENTERTAINMENT,Teen,Entertainment,5000000.0,0.0,3.9,60841.0,Free
1771,FOX NOW - On Demand & Live TV,ENTERTAINMENT,Teen,Entertainment,5000000.0,0.0,3.9,60841.0,Free
1772,FOX NOW - On Demand & Live TV,ENTERTAINMENT,Teen,Entertainment,5000000.0,0.0,3.9,60841.0,Free
1773,Funny Pics,ENTERTAINMENT,Teen,Entertainment,1000000.0,0.0,3.9,9941.0,Free
1774,Funny Quotes Free,ENTERTAINMENT,Teen,Entertainment,1000000.0,0.0,4.2,23666.0,Free
1775,Girly Lock Screen Wallpaper with Quotes,ENTERTAINMENT,Everyone,Entertainment,5000000.0,0.0,4.2,32458.0,Free
1776,Google Play Games,ENTERTAINMENT,Teen,Entertainment,1000000000.0,0.0,4.3,7165362.0,Free
1777,H TV,ENTERTAINMENT,Everyone,Entertainment,5000000.0,0.0,4.3,103078.0,Free
1778,Hamilton — The Official App,ENTERTAINMENT,Everyone,Entertainment,100000.0,0.0,4.5,1575.0,Free
1779,Harkins Theatres,ENTERTAINMENT,Everyone,Entertainment,100000.0,0.0,4.3,1511.0,Free
1780,HBO GO: Stream with TV Package,ENTERTAINMENT,Teen,Entertainment,10000000.0,0.0,3.8,87723.0,Free
1781,HBO NOW: Stream TV & Movies,ENTERTAINMENT,Teen,Entertainment,10000000.0,0.0,3.9,61201.0,Free
1782,HBO NOW: Stream TV & Movies,ENTERTAINMENT,Teen,Entertainment,10000000.0,0.0,3.9,61201.0,Free
1783,HBO NOW: Stream TV & Movies,ENTERTAINMENT,Teen,Entertainment,10000000.0,0.0,3.9,61201.0,Free
1784,HISTORY: Watch TV Show Full Episodes & Specials,ENTERTAINMENT,Teen,Entertainment,1000000.0,0.0,4.1,33387.0,Free
1785,HISTORY: Watch TV Show Full Episodes & Specials,ENTERTAINMENT,Teen,Entertainment,1000000.0,0.0,4.1,33387.0,Free
1786,HISTORY: Watch TV Show Full Episodes & Specials,ENTERTAINMENT,Teen,Entertainment,1000000.0,0.0,4.1,33387.0,Free
1787,Hotstar,ENTERTAINMENT,Teen,Entertainment,100000000.0,0.0,4.3,4885646.0,Free
1788,"Hulu: Stream TV, Movies & more",ENTERTAINMENT,Teen,Entertainment,10000000.0,0.0,4.0,319692.0,Free
1789,"Hulu: Stream TV, Movies & more",ENTERTAINMENT,Teen,Entertainment,10000000.0,0.0,4.0,319691.0,Free
1790,"Hulu: Stream TV, Movies & more",ENTERTAINMENT,Teen,Entertainment,10000000.0,0.0,4.0,319691.0,Free
1791,IMDb Movies & TV,ENTERTAINMENT,Teen,Entertainment,100000000.0,0.0,4.2,501498.0,Free
1792,IMDb Movies & TV,ENTERTAINMENT,Teen,Entertainment,100000000.0,0.0,4.2,501497.0,Free
1793,IMDb Movies & TV,ENTERTAINMENT,Teen,Entertainment,100000000.0,0.0,4.2,501498.0,Free
1794,"Imgur: Find funny GIFs, memes & watch viral videos",ENTERTAINMENT,Teen,Entertainment,10000000.0,0.0,4.3,160164.0,Free
1795,Investigation Discovery GO,ENTERTAINMENT,Teen,Entertainment,1000000.0,0.0,4.5,12216.0,Free
1796,ivi - movies and TV shows in HD,ENTERTAINMENT,Teen,Entertainment,10000000.0,0.0,4.5,684116.0,Free
1797,Kidjo TV Kids Have Fun & Learn,ENTERTAINMENT,Everyone,Entertainment;Music & Video,100000.0,0.0,4.6,732.0,Free
1798,Laugh Out Loud by Kevin Hart,ENTERTAINMENT,Teen,Entertainment,100000.0,0.0,4.3,1856.0,Free
1799,LEGO® TV,ENTERTAINMENT,Everyone 10+,Entertainment;Music & Video,1000000.0,0.0,3.7,17247.0,Free
1800,Lifetime - Watch Full Episodes & Original Movies,ENTERTAINMENT,Teen,Entertainment,1000000.0,0.0,4.0,35928.0,Free
1801,Lifetime - Watch Full Episodes & Original Movies,ENTERTAINMENT,Teen,Entertainment,1000000.0,0.0,4.0,35931.0,Free
1802,Lifetime - Watch Full Episodes & Original Movies,ENTERTAINMENT,Teen,Entertainment,1000000.0,0.0,4.0,35931.0,Free
1803,LOL Pics (Funny Pictures),ENTERTAINMENT,Teen,Entertainment,1000000.0,0.0,4.4,67554.0,Free
1804,Low Poly – Puzzle art game,ENTERTAINMENT,Everyone,Entertainment;Brain Games,1000000.0,0.0,4.5,23063.0,Free
1805,Marcus Theatres,ENTERTAINMENT,Everyone,Entertainment,100000.0,0.0,3.6,2639.0,Free
1806,MEGOGO - Cinema and TV,ENTERTAINMENT,Everyone,Entertainment,10000000.0,0.0,4.0,175528.0,Free
1807,Meme Creator,ENTERTAINMENT,Mature 17+,Entertainment,1000000.0,0.0,4.2,38769.0,Free
1808,Meme Generator,ENTERTAINMENT,Mature 17+,Entertainment,100000.0,2.99,4.6,3771.0,Paid
1809,Mobile TV,ENTERTAINMENT,Everyone,Entertainment,10000000.0,0.0,3.5,10939.0,Free
1810,Motorola Spotlight Player™,ENTERTAINMENT,Everyone,Entertainment,10000000.0,0.0,4.6,22508.0,Free
1811,"Movies by Flixster, with Rotten Tomatoes",ENTERTAINMENT,Everyone,Entertainment,10000000.0,0.0,4.5,653008.0,Free
1812,"Movies by Flixster, with Rotten Tomatoes",ENTERTAINMENT,Everyone,Entertainment,10000000.0,0.0,4.5,653008.0,Free
1813,"Movies by Flixster, with Rotten Tomatoes",ENTERTAINMENT,Everyone,Entertainment,10000000.0,0.0,4.5,653008.0,Free
1814,MTV,ENTERTAINMENT,Teen,Entertainment,1000000.0,0.0,3.8,35279.0,Free
1815,MTV,ENTERTAINMENT,Teen,Entertainment,1000000.0,0.0,3.8,35279.0,Free
1816,My Talking Pet,ENTERTAINMENT,Everyone,Entertainment,100000.0,4.99,4.6,6238.0,Paid
1817,Netflix,ENTERTAINMENT,Teen,Entertainment,100000000.0,0.0,4.4,5456208.0,Free
1818,Netflix,ENTERTAINMENT,Teen,Entertainment,100000000.0,0.0,4.4,5456208.0,Free
1819,Netflix,ENTERTAINMENT,Teen,Entertainment,100000000.0,0.0,4.4,5456599.0,Free
1820,Netflix,ENTERTAINMENT,Teen,Entertainment,100000000.0,0.0,4.4,5456708.0,Free
1821,Nick,ENTERTAINMENT,Everyone 10+,Entertainment;Music & Video,10000000.0,0.0,4.2,123279.0,Free
1822,Nick,ENTERTAINMENT,Everyone 10+,Entertainment;Music & Video,10000000.0,0.0,4.2,123279.0,Free
1823,Nick,ENTERTAINMENT,Everyone 10+,Entertainment;Music & Video,10000000.0,0.0,4.2,123279.0,Free
1824,Nick,ENTERTAINMENT,Everyone 10+,Entertainment;Music & Video,10000000.0,0.0,4.2,123279.0,Free
1825,Nick Jr. - Shows & Games,ENTERTAINMENT,Everyone,Entertainment;Music & Video,1000000.0,0.0,4.2,8968.0,Free
1826,No.Draw - Colors by Number 2018,ENTERTAINMENT,Everyone,Entertainment;Brain Games,10000000.0,0.0,4.5,235496.0,Free
1827,"Peers.TV: broadcast TV channels First, Match TV, TNT ...",ENTERTAINMENT,Teen,Entertainment,5000000.0,0.0,4.1,141980.0,Free
1828,PlayKids - Educational cartoons and games for kids,ENTERTAINMENT,Everyone,Entertainment;Music & Video,10000000.0,0.0,4.1,182103.0,Free
1829,PlayStation App,ENTERTAINMENT,Everyone,Entertainment,50000000.0,0.0,4.2,613059.0,Free
1830,Pluto TV - It’s Free TV,ENTERTAINMENT,Teen,Entertainment,1000000.0,0.0,4.2,28948.0,Free
1831,Radio Javan,ENTERTAINMENT,Everyone,Entertainment,1000000.0,0.0,4.4,46916.0,Free
1832,"Red Bull TV: Live Sports, Music & Entertainment",ENTERTAINMENT,Teen,Entertainment,1000000.0,0.0,4.4,42050.0,Free
1833,Redbox,ENTERTAINMENT,Everyone,Entertainment,10000000.0,0.0,4.1,115033.0,Free
1834,Regal Cinemas,ENTERTAINMENT,Everyone,Entertainment,1000000.0,0.0,4.3,32732.0,Free
1835,SeriesGuide – Show & Movie Manager,ENTERTAINMENT,Mature 17+,Entertainment,1000000.0,0.0,4.3,64448.0,Free
1836,SHOWTIME,ENTERTAINMENT,Teen,Entertainment,1000000.0,0.0,4.2,12398.0,Free
1837,SHOWTIME,ENTERTAINMENT,Teen,Entertainment,1000000.0,0.0,4.2,12398.0,Free
1838,Showtime Anytime,ENTERTAINMENT,Teen,Entertainment,1000000.0,0.0,3.7,18523.0,Free
1839,SketchBook - draw and paint,ENTERTAINMENT,Everyone,Entertainment,10000000.0,0.0,4.3,256664.0,Free
1840,Spectrum TV,ENTERTAINMENT,Teen,Entertainment,5000000.0,0.0,3.4,46618.0,Free
1841,StarTimes - Live International Champions Cup,ENTERTAINMENT,Everyone,Entertainment,1000000.0,0.0,4.4,17682.0,Free
1842,STARZ,ENTERTAINMENT,Mature 17+,Entertainment,10000000.0,0.0,4.3,88185.0,Free
1843,STARZ,ENTERTAINMENT,Mature 17+,Entertainment,10000000.0,0.0,4.3,88185.0,Free
1844,STARZ,ENTERTAINMENT,Mature 17+,Entertainment,10000000.0,0.0,4.3,88185.0,Free
1845,Sticker Market: Emoji keyboard,ENTERTAINMENT,Teen,Entertainment,10000.0,0.0,4.3,303.0,Free
1846,Talking Angela,ENTERTAINMENT,Everyone,Entertainment,100000000.0,0.0,3.7,1828284.0,Free
1847,Talking Ben the Dog,ENTERTAINMENT,Everyone,Entertainment,100000000.0,0.0,4.3,1633682.0,Free
1848,Talking Ginger 2,ENTERTAINMENT,Everyone,Entertainment,50000000.0,0.0,4.2,702975.0,Free
1849,Telemundo Now,ENTERTAINMENT,Teen,Entertainment,1000000.0,0.0,3.9,8674.0,Free
1850,Telemundo Now,ENTERTAINMENT,Teen,Entertainment,1000000.0,0.0,3.9,8674.0,Free
1851,The CW,ENTERTAINMENT,Teen,Entertainment,5000000.0,0.0,4.4,288150.0,Free
1852,The CW,ENTERTAINMENT,Teen,Entertainment,5000000.0,0.0,4.4,288150.0,Free
1853,The CW,ENTERTAINMENT,Teen,Entertainment,5000000.0,0.0,4.4,288150.0,Free
1854,The green alien dance,ENTERTAINMENT,Everyone,Entertainment,1000000.0,0.0,3.8,6979.0,Free
1855,The NBC App - Watch Live TV and Full Episodes,ENTERTAINMENT,Teen,Entertainment,5000000.0,0.0,4.1,58028.0,Free
1856,Trailer Addict Movie Trailers,ENTERTAINMENT,Teen,Entertainment,100000.0,0.0,3.9,2646.0,Free
1857,Tribeca Shortlist - Handpicked Movies,ENTERTAINMENT,Teen,Entertainment,100000.0,0.0,3.9,801.0,Free
1858,Tubi TV - Free Movies & TV,ENTERTAINMENT,Teen,Entertainment,10000000.0,0.0,4.3,296771.0,Free
1859,Tubi TV - Free Movies & TV,ENTERTAINMENT,Teen,Entertainment,10000000.0,0.0,4.3,296829.0,Free
1860,Tubi TV - Free Movies & TV,ENTERTAINMENT,Teen,Entertainment,10000000.0,0.0,4.3,296771.0,Free
1861,TV+,ENTERTAINMENT,Everyone,Entertainment,5000000.0,0.0,4.2,98509.0,Free
1862,Twitch: Livestream Multiplayer Games & Esports,ENTERTAINMENT,Teen,Entertainment,50000000.0,0.0,4.6,2133296.0,Free
1863,Universal Kids,ENTERTAINMENT,Everyone,Entertainment;Music & Video,500000.0,0.0,3.6,1968.0,Free
1864,Univision NOW - Live TV and On Demand,ENTERTAINMENT,Teen,Entertainment,1000000.0,0.0,4.0,22998.0,Free
1865,Univision NOW - Live TV and On Demand,ENTERTAINMENT,Teen,Entertainment,1000000.0,0.0,4.0,22997.0,Free
1866,VH1,ENTERTAINMENT,Teen,Entertainment,1000000.0,0.0,4.1,27424.0,Free
1867,VH1,ENTERTAINMENT,Teen,Entertainment,1000000.0,0.0,4.1,27424.0,Free
1868,VH1,ENTERTAINMENT,Teen,Entertainment,1000000.0,0.0,4.1,27424.0,Free
1869,Vigo Lite,ENTERTAINMENT,Teen,Entertainment,5000000.0,0.0,4.2,10291.0,Free
1870,Viki: Asian TV Dramas & Movies,ENTERTAINMENT,Teen,Entertainment,10000000.0,0.0,4.3,407698.0,Free
1871,Viki: Asian TV Dramas & Movies,ENTERTAINMENT,Teen,Entertainment,10000000.0,0.0,4.3,407719.0,Free
1872,Viki: Asian TV Dramas & Movies,ENTERTAINMENT,Teen,Entertainment,10000000.0,0.0,4.3,407719.0,Free
1873,"VRV: Anime, game videos & more",ENTERTAINMENT,Teen,Entertainment,1000000.0,0.0,3.9,15254.0,Free
1874,Vudu Movies & TV,ENTERTAINMENT,Teen,Entertainment,10000000.0,0.0,3.9,58082.0,Free
1875,WWE,ENTERTAINMENT,Teen,Entertainment,10000000.0,0.0,4.5,736864.0,Free
1876,Yidio: TV Show & Movie Guide,ENTERTAINMENT,Teen,Entertainment,1000000.0,0.0,3.9,27424.0,Free
1877,YouTube Gaming,ENTERTAINMENT,Teen,Entertainment,5000000.0,0.0,4.2,130549.0,Free
1878,YouTube Kids,ENTERTAINMENT,Everyone,Entertainment;Music & Video,50000000.0,0.0,4.5,470089.0,Free
1879,Ziggo GO,ENTERTAINMENT,Teen,Entertainment,1000000.0,0.0,4.1,29690.0,Free
1880,AAS-IN-ASIA 2018,EVENTS,Everyone,Events,100.0,0.0,,3.0,Free
1881,All Events in City,EVENTS,Everyone,Events,100000.0,0.0,4.0,3782.0,Free
1882,AMM Events & CPD,EVENTS,Everyone,Events,100.0,0.0,,5.0,Free
1883,AO Player,EVENTS,Everyone,Events,1000.0,0.0,4.0,9.0,Free
1884,Arab Halls - For Wedding & Events,EVENTS,Everyone,Events,1000.0,0.0,4.8,28.0,Free
1885,Birdays - Birthday reminder,EVENTS,Everyone,Events,50000.0,0.0,4.5,2153.0,Free
1886,Birthdays & Other Events,EVENTS,Everyone,Events,50000.0,0.0,4.3,456.0,Free
1887,BK Travel Solutions,EVENTS,Everyone,Events,100.0,0.0,,1.0,Free
1888,Bo Aung Din,EVENTS,Teen,Events,5000.0,0.0,4.1,110.0,Free
1889,BP Fitness Lead Scanner,EVENTS,Everyone,Events,1.0,109.99,,0.0,Paid
1890,Bw Events,EVENTS,Everyone,Events,100.0,0.0,4.4,16.0,Free
1891,CG BILASPUR CARNIVAL,EVENTS,Everyone,Events,5000.0,0.0,3.8,59.0,Free
1892,DroidAdmin for Android - Advice,EVENTS,Everyone,Events,10000.0,0.0,4.2,811.0,Free
1893,DW Event,EVENTS,Everyone,Events,1000.0,0.0,4.3,9.0,Free
1894,EB-Chat – For my Events,EVENTS,Teen,Events,10.0,0.0,,2.0,Free
1895,EF Events,EVENTS,Teen,Events,100.0,0.0,5.0,7.0,Free
1896,EG Groups,EVENTS,Everyone,Events,10.0,0.0,,0.0,Free
1897,EK Bailey Preaching Conference,EVENTS,Everyone,Events,500.0,0.0,5.0,3.0,Free
1898,Emmabodafestivalen,EVENTS,Everyone 10+,Events,1000.0,0.0,4.8,12.0,Free
1899,Endurance Lifestyle,EVENTS,Teen,Events,500.0,0.0,4.6,7.0,Free
1900,eP Scanner,EVENTS,Everyone,Events,100.0,0.0,,0.0,Free
1901,Event Manager - AllEvents.in,EVENTS,Everyone,Events,10000.0,0.0,4.7,120.0,Free
1902,EVENTOS DF,EVENTS,Everyone,Events,10.0,0.0,,0.0,Free
1903,Events High - Meet Your City!,EVENTS,Everyone 10+,Events,100000.0,0.0,4.2,3200.0,Free
1904,EY Belgium Inhouse Day 2018,EVENTS,Everyone,Events,10.0,0.0,,0.0,Free
1905,FAST EO,EVENTS,Everyone,Events,10.0,0.0,5.0,1.0,Free
1906,Fever,EVENTS,Teen,Events,1000000.0,0.0,4.0,20611.0,Free
1907,FL Bankers,EVENTS,Everyone,Events,10.0,0.0,,0.0,Free
1908,FM News,EVENTS,Everyone,Events,5000.0,0.0,,46.0,Free
1909,Freitas Auctioneer Official,EVENTS,Everyone,Events,50000.0,0.0,3.7,100.0,Free
1910,"Gametime - Tickets to Sports, Concerts, Theater",EVENTS,Everyone,Events,1000000.0,0.0,4.5,8800.0,Free
1911,Goldstar: Live Event Tickets,EVENTS,Teen,Events,100000.0,0.0,4.5,1953.0,Free
1912,Happy Birthday Songs Offline,EVENTS,Everyone,Events,100000.0,0.0,4.4,464.0,Free
1913,KudaGo - things to do in NY,EVENTS,Everyone,Events,100000.0,0.0,4.4,4298.0,Free
1914,LBB - Find New & Unique Things To Do Around You,EVENTS,Everyone,Events,100000.0,0.0,4.6,3874.0,Free
1915,MeAuDote - An act of love that saves a life,EVENTS,Everyone,Events,1000.0,0.0,,250.0,Free
1916,Mindvalley U Tallinn 2018,EVENTS,Everyone,Events,100.0,0.0,5.0,1.0,Free
1917,mobLee Events,EVENTS,Everyone,Events,5000.0,0.0,,11.0,Free
1918,Moot Peru 2018,EVENTS,Everyone,Events,1000.0,0.0,,13.0,Free
1919,Mummatikabalkuragi,EVENTS,Teen,Events,1000.0,0.0,4.9,69.0,Free
1920,my4D,EVENTS,Everyone,Events,100000.0,0.0,4.6,573.0,Free
1921,Name days,EVENTS,Everyone,Events,100000.0,0.0,4.1,3089.0,Free
1922,NFP 2018,EVENTS,Everyone,Events,500.0,0.0,4.8,8.0,Free
1923,Outdoor Movies BC,EVENTS,Everyone,Events,500.0,0.0,2.9,7.0,Free
1924,Picktrainer: India's largest photo contest app,EVENTS,Everyone,Events,100000.0,0.0,4.5,1065.0,Free
1925,Prosperity,EVENTS,Everyone,Events,100.0,0.0,5.0,16.0,Free
1926,"PTI Flex Maker, Photo Frame Editor & Songs 2018",EVENTS,Everyone,Events,10000.0,0.0,4.6,99.0,Free
1927,Quake & Volcanoes: 3D Globe of Volcanic Eruptions,EVENTS,Everyone,Events,100000.0,0.0,4.4,663.0,Free
1928,Reminder,EVENTS,Everyone,Events,500000.0,0.0,4.5,7074.0,Free
1929,Rockmaraton Info,EVENTS,Everyone,Events,1000.0,0.0,,49.0,Free
1930,Sarajevo Film Festival - Official,EVENTS,Everyone 10+,Events,100.0,0.0,,6.0,Free
1931,"SeatGeek – Tickets to Sports, Concerts, Broadway",EVENTS,Everyone,Events,1000000.0,0.0,4.4,15558.0,Free
1932,Series Valley of the Wolves full of part,EVENTS,Everyone,Events,50000.0,0.0,4.6,731.0,Free
1933,"StubHub - Tickets to Sports, Concerts & Events",EVENTS,Everyone,Events,5000000.0,0.0,4.0,26089.0,Free
1934,Summer Madness,EVENTS,Everyone,Events,100.0,0.0,,4.0,Free
1935,SUMMER SONIC app,EVENTS,Everyone,Events,500.0,0.0,5.0,4.0,Free
1936,TCF National Conference,EVENTS,Everyone,Events,100.0,0.0,,1.0,Free
1937,The T Factor,EVENTS,Everyone,Events,1000.0,0.0,4.8,48.0,Free
1938,Ticketmaster Event Tickets,EVENTS,Everyone,Events,5000000.0,0.0,4.0,40113.0,Free
1939,VAN NIAN 2018 - Vietnamese Calendar,EVENTS,Everyone,Events,10000.0,0.0,,37.0,Free
1940,vide-greniers.org,EVENTS,Everyone,Events,100000.0,0.0,4.3,5839.0,Free
1941,Vivid Seats – Event Tickets,EVENTS,Everyone,Events,1000000.0,0.0,4.6,8232.0,Free
1942,Wipe out,EVENTS,Teen,Events,500.0,0.0,4.7,30.0,Free
1943,"Xceed - Clubs, DJs, Festivals & Tickets",EVENTS,Everyone,Events,100000.0,0.0,4.1,399.0,Free
1944,[adult swim],FAMILY,Mature 17+,Entertainment,1000000.0,0.0,3.6,21433.0,Free
1945,10 Minutes a Day Times Tables,FAMILY,Everyone,Education,100000.0,0.0,4.1,681.0,Free
1946,100 Doors of Revenge,FAMILY,Teen,Puzzle,10000000.0,0.0,4.1,105766.0,Free
1947,100+ C Programs,FAMILY,Everyone,Education,5000.0,0.0,4.2,20.0,Free
1948,101 C Programming Problems,FAMILY,Everyone,Education,50000.0,0.0,4.6,498.0,Free
1949,2048 BTS J Hope KPop Puzzle Game,FAMILY,Everyone,Puzzle,1000.0,0.0,4.7,17.0,Free
1950,2048(AI),FAMILY,Everyone,Casual,1000.0,0.0,4.3,20.0,Free
1951,25 Mins Ako ay may lobo Etc Pinoy Kid Song Offline,FAMILY,Mature 17+,Entertainment,10.0,0.0,,0.0,Free
1952,30WPM Amateur ham radio Koch CW Morse code trainer,FAMILY,Everyone,Education,10.0,1.49,5.0,1.0,Paid
1953,3D Color by Number with Voxels,FAMILY,Everyone,Entertainment,500000.0,0.0,4.5,5481.0,Free
1954,"3D Color by Number: Voxel, Unicorn, Pixel Art 3D",FAMILY,Everyone,Entertainment,100000.0,0.0,4.3,2017.0,Free
1955,3D DJ – DJ Mixer 2018,FAMILY,Everyone,Entertainment,1000000.0,0.0,4.3,6333.0,Free
1956,3D DJ – Music Mixer with Virtual DJ,FAMILY,Everyone,Entertainment,100000.0,0.0,4.3,796.0,Free
1957,3D Holograms Joke,FAMILY,Teen,Simulation,5000000.0,0.0,2.9,31596.0,Free
1958,3DAnimeGirl DX DreamPortrait KAWAII Girl DressUp,FAMILY,Teen,Casual,10000.0,0.0,4.2,449.0,Free
1959,4 x4 Offroad SUV 3D Truck Simulator Driving 2017,FAMILY,Everyone,Simulation,1000.0,0.0,4.4,32.0,Free
1960,500 AP World History Questions,FAMILY,Everyone,Education,100.0,9.99,4.7,7.0,Paid
1961,"9GAG: Funny Gifs, Pics, Memes & Videos for IGTV",FAMILY,Teen,Entertainment,10000000.0,0.0,4.6,1450632.0,Free
1962,A Call From Santa Claus!,FAMILY,Everyone,Entertainment,1000000.0,0.0,3.9,3720.0,Free
1963,A Word A Day,FAMILY,Everyone,Education,500000.0,0.0,3.7,2398.0,Free
1964,A&E - Watch Full Episodes of TV Shows,FAMILY,Teen,Entertainment,1000000.0,0.0,4.0,29708.0,Free
1965,¡Ay Caramba!,FAMILY,Everyone,Education,1.0,1.99,,0.0,Paid
1966,বাংলা টিভি প্রো BD Bangla TV,FAMILY,Everyone,Entertainment,10000.0,0.0,4.3,193.0,Free
1967,বাংলাflix,FAMILY,Everyone,Entertainment,100000.0,0.0,4.2,1111.0,Free
1968,中国語 AQリスニング,FAMILY,Everyone,Education,5000.0,0.0,,21.0,Free
1969,【Miku AR Camera】Mikuture,FAMILY,Teen,Entertainment,1000000.0,0.0,4.4,36268.0,Free
1970,あなカレ【BL】無料ゲーム,FAMILY,Mature 17+,Simulation,100000.0,0.0,4.7,6073.0,Free
1971,aa,FAMILY,Everyone,Strategy,50000000.0,0.0,4.2,886418.0,Free
1972,AÖF Ev İdaresi 1. Sınıf,FAMILY,Everyone,Education,1000.0,0.0,,2.0,Free
1973,ab,FAMILY,Everyone,Casual,1000.0,0.0,3.8,10.0,Free
1974,AB Blast Match 3,FAMILY,Everyone,Puzzle,10000.0,0.0,4.3,111.0,Free
1975,AB Crush Match 3,FAMILY,Everyone,Casual,10000.0,0.0,4.3,96.0,Free
1976,AB Match,FAMILY,Everyone,Casual,1000.0,0.0,4.2,9.0,Free
1977,ABAI CE Scanner,FAMILY,Everyone,Education,1000.0,0.0,,0.0,Free
1978,ABC – Live TV & Full Episodes,FAMILY,Teen,Entertainment,5000000.0,0.0,3.3,50428.0,Free
1979,ABC Kids - Tracing & Phonics,FAMILY,Everyone,Educational;Education,10000000.0,0.0,4.5,36606.0,Free
1980,ABCmouse.com,FAMILY,Everyone,Education;Education,5000000.0,0.0,4.3,50887.0,Free
1981,AC CE BJT Actorial,FAMILY,Everyone,Education,50.0,2.0,,1.0,Paid
1982,AC Remote Control Simulator,FAMILY,Everyone,Entertainment,100000.0,0.0,3.3,353.0,Free
1983,AC REMOTE UNIVERSAL-PRO,FAMILY,Everyone,Entertainment,100000.0,0.0,1.6,402.0,Free
1984,Account Class-11 Solutions (D K Goel),FAMILY,Everyone,Education,50000.0,0.0,4.5,663.0,Free
1985,Account Class-12 Solutions (D K Goel) Vol-1,FAMILY,Everyone,Education,50000.0,0.0,4.4,708.0,Free
1986,Account Class-12 Solutions (D K Goel) Vol-2,FAMILY,Everyone,Education,10000.0,0.0,4.6,124.0,Free
1987,Accounting Quiz (AQ) Malaysia,FAMILY,Everyone,Education,1000.0,0.0,5.0,25.0,Free
1988,Across Age DX,FAMILY,Teen,Role Playing,500000.0,0.0,3.8,5964.0,Free
1989,Ad-free Triangle Solver,FAMILY,Everyone,Education,10000.0,0.0,4.5,118.0,Free
1990,Adhenarcos - Coupe Adhemar EY 2018,FAMILY,Teen,Entertainment,100.0,0.0,,0.0,Free
1991,Adult Color by Number Book - Paint Mandala Pages,FAMILY,Everyone,Entertainment,100000.0,0.0,4.3,997.0,Free
1992,Adult Color By Number Book: Number Coloring Pages,FAMILY,Everyone,Entertainment,500000.0,0.0,4.2,2231.0,Free
1993,Advanced calculator fx 991 es plus & 991 ms plus,FAMILY,Everyone,Education,500000.0,0.0,4.7,7252.0,Free
1994,Advanced Warfare Guns,FAMILY,Everyone,Entertainment,100000.0,0.0,2.9,2079.0,Free
1995,Adventure Quest World Mobile Quiz,FAMILY,Everyone,Puzzle,500.0,0.0,4.6,28.0,Free
1996,Adventure Xpress,FAMILY,Everyone 10+,Puzzle,100000.0,0.0,4.2,24775.0,Free
1997,AdventureQuest 3D MMO,FAMILY,Teen,Role Playing,1000000.0,0.0,4.3,22667.0,Free
1998,AdventureQuest Dragons,FAMILY,Everyone,Casual,100000.0,0.0,3.9,10114.0,Free
1999,AE Bubble:Offline Bubble Games,FAMILY,Everyone,Casual,100000.0,0.0,4.2,6973.0,Free
2000,AE Roundy POP,FAMILY,Everyone,Casual,100000.0,0.0,4.4,5262.0,Free
2001,AE Sudoku,FAMILY,Everyone,Puzzle,100000.0,0.0,4.3,2171.0,Free
2002,AF Johannesburg,FAMILY,Everyone,Education,100.0,0.0,,3.0,Free
2003,Ag Across America,FAMILY,Everyone,Educational;Education,10.0,0.0,,0.0,Free
2004,AG EMS Tour,FAMILY,Everyone,Entertainment,500.0,0.0,,3.0,Free
2005,AG Subway Simulator Lite,FAMILY,Everyone,Simulation,100000.0,0.0,4.4,6738.0,Free
2006,AG Subway Simulator Mobile,FAMILY,Everyone,Simulation,5000.0,0.99,4.5,623.0,Paid
2007,AG Subway Simulator Pro,FAMILY,Everyone,Simulation,1000.0,0.0,,0.0,Free
2008,Age of AI: War Strategy,FAMILY,Everyone,Strategy,500.0,2.49,4.6,71.0,Paid
2009,Age of Conquest: N. America,FAMILY,Everyone,Strategy,10000.0,3.99,4.5,659.0,Paid
2010,Age of Procreation DX,FAMILY,Mature 17+,Simulation,100000.0,0.0,4.3,1894.0,Free
2011,Agenda EF,FAMILY,Everyone,Education,5000.0,0.0,3.4,79.0,Free
2012,Agent HQ for The Division,FAMILY,Everyone,Entertainment,100000.0,0.0,4.1,1060.0,Free
2013,Ah !,FAMILY,Everyone,Entertainment,50.0,0.0,,3.0,Free
2014,Ah Bailar,FAMILY,Everyone,Entertainment,100.0,0.0,,10.0,Free
2015,Ah Ha Block,FAMILY,Everyone,Casual,100.0,0.0,,2.0,Free
2016,Ah! Cutie,FAMILY,Everyone,Casual,10000.0,0.0,3.9,536.0,Free
2017,Ah! Monster,FAMILY,Everyone,Casual,100000.0,0.0,4.1,1998.0,Free
2018,AH! Soundboard,FAMILY,Everyone,Entertainment,100.0,0.0,,11.0,Free
2019,AI with Python Tutorial,FAMILY,Everyone,Education,5000.0,0.0,4.4,8.0,Free
2020,Ain Arabic Kids Alif Ba ta,FAMILY,Everyone,Education,0.0,2.99,,0.0,Paid
2021,Airplane Fly Hawaii,FAMILY,Everyone,Simulation,1000000.0,0.0,4.1,83427.0,Free
2022,Airplane Pilot Car Transporter,FAMILY,Everyone,Simulation,10000000.0,0.0,4.1,182363.0,Free
2023,AJ Academy: Amazing Animals,FAMILY,Everyone,Educational;Education,50000.0,0.0,4.5,1564.0,Free
2024,AJ Official,FAMILY,Everyone,Education,500.0,0.0,4.6,31.0,Free
2025,AJ Rafael Music Lessons,FAMILY,Everyone,Entertainment,10.0,0.0,5.0,1.0,Free
2026,AJ Rafael Music Lyrics,FAMILY,Everyone 10+,Entertainment,50.0,0.0,,0.0,Free
2027,AJ Tracey Music and Lyrics,FAMILY,Teen,Entertainment,5.0,0.0,,0.0,Free
2028,AK Interactive,FAMILY,Everyone,Entertainment,10000.0,0.0,4.3,734.0,Free
2029,AK Math Coach,FAMILY,Everyone,Education,50000.0,0.0,3.6,283.0,Free
2030,AK-47 Assault Rifle,FAMILY,Teen,Entertainment,10000.0,0.0,3.7,165.0,Free
2031,AK-47 guns Sounds,FAMILY,Everyone,Entertainment,100.0,0.0,,2.0,Free
2032,AK-47 Simulation and Info,FAMILY,Everyone,Entertainment,100.0,0.0,,2.0,Free
2033,AK-47 Sounds,FAMILY,Everyone 10+,Entertainment,500000.0,0.0,3.9,656.0,Free
2034,AK-47 sounds,FAMILY,Everyone,Entertainment,1000.0,0.0,3.9,7.0,Free
2035,AK-47: Simulator and Shooting,FAMILY,Everyone 10+,Simulation,100000.0,0.0,4.0,345.0,Free
2036,Akinator,FAMILY,Teen,Entertainment,50000000.0,0.0,4.3,1805398.0,Free
2037,Ako ay may lobo Pinoy Kid Song Offline,FAMILY,Mature 17+,Entertainment,1.0,0.0,,0.0,Free
2038,Al jazeera TV,FAMILY,Teen,Entertainment,100000.0,0.0,4.6,9952.0,Free
2039,Al Quran Audio (Full 30 Juz),FAMILY,Everyone,Education,1000000.0,0.0,4.7,7878.0,Free
2040,Al Quran MP3 - Quran Reading®,FAMILY,Everyone,Education,1000000.0,0.0,4.7,47463.0,Free
2041,Alabama DMV Permit Test - AL,FAMILY,Everyone,Education,10000.0,0.0,4.3,218.0,Free
2042,Alchemy Classic Ad Free,FAMILY,Everyone,Puzzle,100000.0,0.0,4.6,20178.0,Free
2043,Alerte au gogol,FAMILY,Everyone,Entertainment,1000.0,0.0,,14.0,Free
2044,Alif Ba Ta Bullseye,FAMILY,Everyone,Educational,5.0,1.99,,1.0,Paid
2045,Alif Ba Ta Song - Arabic Kids,FAMILY,Everyone,Educational;Education,50000.0,0.0,4.5,227.0,Free
2046,"Alizay, pirate girl",FAMILY,Everyone,Casual;Action & Adventure,1000.0,2.99,4.5,197.0,Paid
2047,All AJK Board Matric Fa Fsc Results,FAMILY,Everyone,Education,10.0,0.0,,0.0,Free
2048,All C Programs,FAMILY,Everyone,Education,100000.0,0.0,4.7,2387.0,Free
2049,All Info about Cg,FAMILY,Teen,Education,1000.0,0.0,4.7,15.0,Free
2050,All Star Of CW,FAMILY,Everyone,Role Playing,10.0,0.0,,0.0,Free
2051,All Type DP,FAMILY,Everyone,Entertainment,500000.0,0.0,4.3,1853.0,Free
2052,All-in-One Mahjong 3,FAMILY,Everyone,Board;Brain Games,100.0,0.99,4.4,38.0,Paid
2053,All-in-One Mahjong 3 FREE,FAMILY,Everyone,Board;Brain Games,50000.0,0.0,4.5,566.0,Free
2054,ALPHA - Artificial Intelligence,FAMILY,Everyone,Entertainment,1000.0,0.0,4.0,51.0,Free
2055,Alphabet A-Z,FAMILY,Everyone,Casual,100000.0,0.0,3.9,306.0,Free
2056,Al-Quran Ahmad Saud Offline,FAMILY,Everyone,Education,100000.0,0.0,4.7,7116.0,Free
2057,Al-Quran Al-Muallim,FAMILY,Everyone,Education,10000.0,0.0,4.5,199.0,Free
2058,Amazing CG Backgrounds,FAMILY,Everyone,Entertainment,1000.0,0.0,4.2,34.0,Free
2059,Amazing Fart Sounds,FAMILY,Everyone,Casual,5000000.0,0.0,4.0,28136.0,Free
2060,Ambulance Rescue Simulator 17,FAMILY,Everyone,Simulation,1000000.0,0.0,4.3,6669.0,Free
2061,Ambulance Simulator 3D,FAMILY,Mature 17+,Simulation,1000000.0,0.0,3.9,29415.0,Free
2062,AMC,FAMILY,Teen,Entertainment,1000000.0,0.0,3.2,20843.0,Free
2063,Angry Birds 2,FAMILY,Everyone,Casual,100000000.0,0.0,4.6,3881752.0,Free
2064,Angry Birds Blast,FAMILY,Everyone,Puzzle,10000000.0,0.0,4.6,253115.0,Free
2065,Angry Birds Epic RPG,FAMILY,Everyone,Role Playing,10000000.0,0.0,4.5,2634605.0,Free
2066,Angry Birds Evolution,FAMILY,Everyone,Role Playing,10000000.0,0.0,4.5,384602.0,Free
2067,Angry Birds Match,FAMILY,Everyone,Puzzle,5000000.0,0.0,4.7,227401.0,Free
2068,Angry Birds POP Bubble Shooter,FAMILY,Everyone,Casual,10000000.0,0.0,4.5,596628.0,Free
2069,Angry Shark 2016,FAMILY,Teen,Simulation,5000000.0,0.0,4.0,73185.0,Free
2070,Animal Jam - Play Wild!,FAMILY,Everyone,Casual;Pretend Play,5000000.0,0.0,4.6,361970.0,Free
2071,Animal Jam - Play Wild!,FAMILY,Everyone,Casual;Pretend Play,5000000.0,0.0,4.6,361734.0,Free
2072,Anime Expo 2018,FAMILY,Everyone,Entertainment,10000.0,0.0,4.7,54.0,Free
2073,Anime Love Story Games: ✨Shadowtime✨,FAMILY,Everyone,Simulation,5000000.0,0.0,4.7,198480.0,Free
2074,Ankle Surgery ER Emergency,FAMILY,Teen,Educational,1000000.0,0.0,3.3,10449.0,Free
2075,Anna.K Tarot,FAMILY,Mature 17+,Entertainment,100.0,3.99,4.8,17.0,Paid
2076,Anno: Build an Empire,FAMILY,Everyone 10+,Strategy,1000000.0,0.0,3.5,33944.0,Free
2077,ao,FAMILY,Everyone,Strategy,1000000.0,0.0,3.5,14145.0,Free
2078,AP Art History Flashcards,FAMILY,Mature 17+,Education,10.0,29.99,5.0,1.0,Paid
2079,"AP Biology Prep: Practice Tests, Flashcards",FAMILY,Everyone,Education,10000.0,0.0,4.6,87.0,Free
2080,AP Biology Study Guide + Quiz,FAMILY,Everyone,Education,10000.0,0.0,4.4,105.0,Free
2081,AP Calculus BC Practice Test,FAMILY,Everyone,Education,500.0,0.0,4.2,4.0,Free
2082,AP Calculus BC: Practice Tests and Flashcards,FAMILY,Everyone,Education,1000.0,0.0,3.6,5.0,Free
2083,AP Chemistry Prep: Practice Tests and Flashcards,FAMILY,Everyone,Education,10000.0,0.0,4.7,55.0,Free
2084,AP English Language: Practice Tests and Flashcards,FAMILY,Everyone,Education,5000.0,0.0,4.5,19.0,Free
2085,AP European History: Practice Tests and Flashcards,FAMILY,Everyone,Education,1000.0,0.0,4.7,7.0,Free
2086,AP Flashcards,FAMILY,Everyone,Education,10000.0,0.0,3.7,88.0,Free
2087,AP Government Review,FAMILY,Everyone,Education,1000.0,2.99,4.7,3.0,Paid
2088,AP Math & Computer Science,FAMILY,Everyone,Education,5000.0,0.0,3.7,37.0,Free
2089,AP Mobile,FAMILY,Everyone,Education,10000.0,0.0,4.6,117.0,Free
2090,AP Physics 1 Prep: Practice Tests and Flashcards,FAMILY,Everyone,Education,5000.0,0.0,4.4,29.0,Free
2091,AP Planner,FAMILY,Everyone,Education,5000.0,0.0,2.9,45.0,Free
2092,AP Psychology Prep: Practice Tests and Flashcards,FAMILY,Everyone,Education,50000.0,0.0,4.5,242.0,Free
2093,AP Series Solution Pro,FAMILY,Everyone,Education,0.0,1.99,,0.0,Paid
2094,AP Statistics Prep: Practice Tests and Flashcards,FAMILY,Everyone,Education,5000.0,0.0,4.2,19.0,Free
2095,AP World History: Practice Tests and Flashcards,FAMILY,Everyone,Education,5000.0,0.0,4.8,21.0,Free
2096,AP® Guide,FAMILY,Everyone,Education,1000.0,0.0,5.0,3.0,Free
2097,AQ Math Facts,FAMILY,Everyone,Educational,1.0,2.99,,1.0,Paid
2098,AQ Ria Retail,FAMILY,Everyone,Education,50.0,0.0,5.0,4.0,Free
2099,AQ: First Contact,FAMILY,Everyone,Strategy,50000.0,0.0,,0.0,Free
2100,Aqw&3d Design Notes Manager,FAMILY,Everyone,Entertainment,500.0,0.0,4.5,11.0,Free
2101,AR Dragon Pet,FAMILY,Everyone,Casual,50000.0,0.0,,0.0,Free
2102,AR Remote Car,FAMILY,Everyone,Simulation,100000.0,0.0,3.2,1354.0,Free
2103,AR Sport Cars,FAMILY,Everyone,Simulation,10000.0,0.0,3.6,284.0,Free
2104,AR Toybox - Augmented Reality Demos,FAMILY,Everyone,Simulation,1000.0,0.0,3.8,20.0,Free
2105,AR Toys: Playground Sandbox | Remote Car,FAMILY,Everyone,Simulation,10000.0,0.0,4.5,153.0,Free
2106,Arabic Alif Ba Ta For Kids,FAMILY,Everyone,Education;Education,100000.0,0.0,4.5,226.0,Free
2107,Arabic Alphabet Alif Ba Ta Wooden Blocks,FAMILY,Everyone,Educational;Education,10000.0,0.0,4.6,66.0,Free
2108,Arizona DMV Permit Test - AZ,FAMILY,Everyone,Education,10000.0,0.0,4.2,109.0,Free
2109,Arizona Mobile,FAMILY,Everyone,Education,10000.0,0.0,4.3,285.0,Free
2110,Army of Heroes,FAMILY,Everyone 10+,Strategy,1000000.0,0.0,4.5,85015.0,Free
2111,Art Pixel Coloring. Color by Number.,FAMILY,Teen,Entertainment,100000.0,0.0,4.5,992.0,Free
2112,Artificial Intelligence,FAMILY,Everyone,Education,50000.0,0.0,3.9,339.0,Free
2113,Artificial intelligence,FAMILY,Everyone,Entertainment,100.0,0.0,,3.0,Free
2114,ASCP® CG Exam Flashcards 2018,FAMILY,Everyone,Education,100.0,0.0,,0.0,Free
2115,Assemblr - Create 3D Models (Sandbox AR),FAMILY,Everyone,Simulation,1000000.0,0.0,3.8,1745.0,Free
2116,AT&T THANKS®,FAMILY,Everyone,Entertainment,500000.0,0.0,3.4,2445.0,Free
2117,AT&T U-verse,FAMILY,Everyone,Entertainment,1000000.0,0.0,3.7,38606.0,Free
2118,Attack the Light,FAMILY,Everyone,Role Playing;Action & Adventure,100000.0,2.99,4.7,19209.0,Paid
2119,au,FAMILY,Everyone,Strategy,1000000.0,0.0,3.2,9126.0,Free
2120,AU Results - AU COE Corner,FAMILY,Everyone,Education,100000.0,0.0,4.0,664.0,Free
2121,AU Results 2017 Auzone,FAMILY,Everyone,Education,100000.0,0.0,3.8,762.0,Free
2122,AU Spark,FAMILY,Everyone,Education,10000.0,0.0,3.7,681.0,Free
2123,AU Students Zone (Result 2016),FAMILY,Everyone,Education,10000.0,0.0,4.0,97.0,Free
2124,Audio Murli Glossary For BK,FAMILY,Everyone,Education,1000.0,0.0,4.7,39.0,Free
2125,Aurum Blade EX,FAMILY,Everyone 10+,Role Playing,1000000.0,0.0,4.3,28151.0,Free
2126,AV Buddy Free,FAMILY,Everyone,Education,5000.0,0.0,4.1,25.0,Free
2127,AV HD Video Player,FAMILY,Everyone,Entertainment,1000.0,0.0,3.8,6.0,Free
2128,AV High School District,FAMILY,Everyone,Education,10000.0,0.0,3.5,91.0,Free
2129,AV Phonetics,FAMILY,Everyone,Education,10000.0,0.0,4.3,259.0,Free
2130,AV Pro Voice Changer,FAMILY,Everyone,Entertainment,50000.0,0.0,3.5,174.0,Free
2131,Avakin Life - 3D virtual world,FAMILY,Teen,Role Playing,10000000.0,0.0,4.4,1275373.0,Free
2132,Avenger Legends,FAMILY,Everyone,Role Playing,100000.0,0.0,4.0,3715.0,Free
2133,Avokiddo Emotions,FAMILY,Everyone,Education;Pretend Play,1000.0,2.99,4.6,73.0,Paid
2134,Avokiddo Emotions,FAMILY,Everyone,Education;Pretend Play,1000.0,2.99,4.6,73.0,Paid
2135,AW,FAMILY,Everyone 10+,Strategy,5.0,0.0,,0.0,Free
2136,AW Connect,FAMILY,Everyone,Education,10.0,0.0,,0.0,Free
2137,AW Radio,FAMILY,Teen,Entertainment,100.0,0.0,,1.0,Free
2138,Aw Restaurant,FAMILY,Everyone,Casual,100.0,0.0,4.8,4.0,Free
2139,AW Training,FAMILY,Everyone,Education,1000.0,0.0,4.6,11.0,Free
2140,Axe,FAMILY,Everyone,Simulation,1000.0,0.0,,18.0,Free
2141,Axe Clicker,FAMILY,Everyone,Casual,500000.0,0.0,4.3,10446.0,Free
2142,Axe Spinner,FAMILY,Everyone,Casual,10.0,0.0,3.0,2.0,Free
2143,Ay Up,FAMILY,Everyone,Entertainment,100.0,0.0,4.5,11.0,Free
2144,Ayat - Al Quran,FAMILY,Everyone,Education,5000000.0,0.0,4.7,173394.0,Free
2145,Az Content,FAMILY,Everyone,Entertainment,10000.0,0.0,3.5,24.0,Free
2146,AZ Lottery Players Club,FAMILY,Everyone,Entertainment,10000.0,0.0,4.2,97.0,Free
2147,AZ Practice Test & Questions,FAMILY,Everyone,Education,1000.0,0.0,4.4,13.0,Free
2148,A-Z Punjabi Songs & Music Videos 2018,FAMILY,Everyone,Entertainment,100000.0,0.0,4.3,367.0,Free
2149,Az Video Status,FAMILY,Everyone,Entertainment,100.0,0.0,4.8,13.0,Free
2150,B R COACHINGS,FAMILY,Everyone,Education,10.0,0.0,,1.0,Free
2151,ba,FAMILY,Everyone,Strategy,500000.0,0.0,3.1,1734.0,Free
2152,BA VPN - Free Unlimited VPN,FAMILY,Everyone,Entertainment,10000.0,0.0,4.1,181.0,Free
2153,Baba Yaad Hai?(BK's),FAMILY,Everyone,Entertainment,10000.0,0.0,4.8,160.0,Free
2154,Babbel – Learn Languages,FAMILY,Everyone,Education,10000000.0,0.0,4.3,267787.0,Free
2155,Baby ABC in box! Kids alphabet games for toddlers!,FAMILY,Everyone,Educational;Education,1000000.0,0.0,4.6,9652.0,Free
2156,Baby Panda Care,FAMILY,Everyone,Educational;Pretend Play,10000000.0,0.0,4.2,108795.0,Free
2157,Baby Panda Care,FAMILY,Everyone,Educational;Pretend Play,10000000.0,0.0,4.2,108795.0,Free
2158,Baby Panda’s Juice Shop,FAMILY,Everyone,Educational;Brain Games,5000000.0,0.0,4.5,19230.0,Free
2159,Baby puzzles,FAMILY,Everyone,Educational;Education,5000000.0,0.0,4.3,11950.0,Free
2160,Baby Tiger Care - My Cute Virtual Pet Friend,FAMILY,Everyone 10+,Educational;Education,100000.0,0.0,4.5,432.0,Free
2161,BAC DZ Questionnaire,FAMILY,Everyone,Education,5000.0,0.0,4.0,38.0,Free
2162,Bad Piggies,FAMILY,Everyone,Puzzle,50000000.0,0.0,4.3,1168959.0,Free
2163,Bad Piggies HD,FAMILY,Everyone,Puzzle,10000000.0,0.0,4.4,764967.0,Free
2164,Baldur's Gate II,FAMILY,Teen,Role Playing,50000.0,9.99,4.3,5442.0,Paid
2165,Baldur's Gate: Enhanced Edition,FAMILY,Teen,Role Playing,100000.0,9.99,4.5,20101.0,Paid
2166,Barbie Life™,FAMILY,Everyone,Casual;Pretend Play,5000000.0,0.0,3.9,133117.0,Free
2167,Barbie Magical Fashion,FAMILY,Everyone,Casual;Creativity,10000000.0,0.0,4.0,328619.0,Free
2168,Barbie™ Fashion Closet,FAMILY,Everyone,Casual;Creativity,10000000.0,0.0,4.1,68286.0,Free
2169,Barisal University App-BU Face,FAMILY,Everyone,Education,1000.0,0.0,5.0,100.0,Free
2170,Basketball FRVR - Shoot the Hoop and Slam Dunk!,FAMILY,Everyone,Sports;Action & Adventure,100000.0,0.0,4.5,4076.0,Free
2171,Batman: Gotham’s Most Wanted!,FAMILY,Everyone,Action;Action & Adventure,1000000.0,0.0,4.0,16190.0,Free
2172,Batmobile™ R/C Controller,FAMILY,Everyone,Entertainment,100000.0,0.0,3.7,452.0,Free
2173,Battle Gems (AdventureQuest),FAMILY,Everyone 10+,Puzzle,500000.0,0.0,4.4,48427.0,Free
2174,Battle of Zombies: Clans War,FAMILY,Teen,Strategy,10000000.0,0.0,4.1,488039.0,Free
2175,Battleheart Legacy,FAMILY,Teen,Role Playing,50000.0,4.99,4.6,7420.0,Paid
2176,BC Connect,FAMILY,Everyone,Education,1000.0,0.0,3.8,11.0,Free
2177,BC Lotto Check,FAMILY,Everyone,Entertainment,5000.0,0.0,3.0,10.0,Free
2178,BC Navigator,FAMILY,Everyone,Education,1000.0,0.0,4.4,21.0,Free
2179,BC Wildflowers,FAMILY,Everyone,Education,1000.0,0.0,4.4,7.0,Free
2180,BD All Results,FAMILY,Everyone,Education,50000.0,0.0,4.1,205.0,Free
2181,BD Earn Pro,FAMILY,Everyone,Entertainment,10000.0,0.0,4.2,540.0,Free
2182,BD Hospital's,FAMILY,Everyone,Education,100.0,0.0,4.7,12.0,Free
2183,BD Online Passport Application,FAMILY,Everyone,Education,5000.0,0.0,4.6,12.0,Free
2184,BD Radio TV Free List,FAMILY,Everyone,Entertainment,50000.0,0.0,4.3,539.0,Free
2185,BD Simplist Through Their Eyes,FAMILY,Everyone,Simulation,10.0,0.0,,1.0,Free
2186,BD Sports Box & TV,FAMILY,Everyone,Entertainment,500.0,0.0,4.2,5.0,Free
2187,BD TYCOON,FAMILY,Everyone,Simulation,500.0,0.0,3.3,16.0,Free
2188,"BDCast - Bangla Live TV,Radio",FAMILY,Everyone,Entertainment,1000000.0,0.0,4.4,7461.0,Free
2189,Be Like Bill - Maker,FAMILY,Everyone,Entertainment,1000.0,0.0,4.3,18.0,Free
2190,Be like Bill Generator,FAMILY,Teen,Entertainment,5000.0,0.0,4.2,67.0,Free
2191,Be Like Bro - Compilation,FAMILY,Teen,Entertainment,10000.0,0.0,4.4,146.0,Free
2192,Be My Princess,FAMILY,Teen,Entertainment,100000.0,0.0,4.2,3103.0,Free
2193,Be My Princess 2,FAMILY,Teen,Entertainment,100000.0,0.0,4.3,2806.0,Free
2194,Be My Princess: PARTY,FAMILY,Teen,Simulation,100000.0,0.0,4.4,9443.0,Free
2195,Beast of Lycan Isle CE,FAMILY,Everyone 10+,Casual,50000.0,0.0,4.1,2683.0,Free
2196,Beauty and the Beast,FAMILY,Everyone,Puzzle;Creativity,1000000.0,0.0,4.4,70883.0,Free
2197,Beauty Rental Shop,FAMILY,Everyone,Simulation,100000.0,0.0,4.6,11480.0,Free
2198,Beck & Bo: Toddler First Words,FAMILY,Everyone,Education;Pretend Play,1000.0,2.99,4.3,41.0,Paid
2199,Bedouin Rivals,FAMILY,Everyone 10+,Strategy,1000000.0,0.0,4.2,79826.0,Free
2200,Bejeweled Blitz,FAMILY,Everyone,Puzzle,10000000.0,0.0,4.2,222664.0,Free
2201,Bejeweled Classic,FAMILY,Everyone,Casual,5000000.0,0.0,4.4,203101.0,Free
2202,Bejeweled Stars: Free Match 3,FAMILY,Everyone,Puzzle;Brain Games,1000000.0,0.0,4.5,85484.0,Free
2203,Ben 10: Alien Experience,FAMILY,Everyone 10+,Action;Action & Adventure,10000000.0,0.0,4.2,82005.0,Free
2204,Best CG Backgrounds,FAMILY,Everyone,Entertainment,500.0,0.0,3.6,8.0,Free
2205,Best CG Photography,FAMILY,Unrated,Entertainment,500.0,0.0,,1.0,Free
2206,Best CG views,FAMILY,Teen,Entertainment,100.0,0.0,4.2,4.0,Free
2207,Best DP and Status - All Type DP & Status,FAMILY,Everyone,Entertainment,100.0,0.0,,1.0,Free
2208,Best DP and Status (Daily Updates Photos),FAMILY,Everyone,Entertainment,1000000.0,0.0,4.1,3003.0,Free
2209,Best DP And Video Status 2018 For Whatsapp,FAMILY,Everyone,Entertainment,10000.0,0.0,4.2,91.0,Free
2210,Best Friends Dress Up & Makeup,FAMILY,Everyone,Casual;Pretend Play,500000.0,0.0,3.7,7664.0,Free
2211,BF 3d Images,FAMILY,Teen,Entertainment,1000.0,0.0,4.3,19.0,Free
2212,BF 3d View Wallpapers,FAMILY,Teen,Entertainment,1000.0,0.0,,4.0,Free
2213,BF 3d Wallpapers,FAMILY,Teen,Entertainment,100000.0,0.0,4.1,256.0,Free
2214,BF 4 Guns,FAMILY,Everyone,Entertainment,50000.0,0.0,4.0,1542.0,Free
2215,BF Abstract 3d Pictures,FAMILY,Teen,Entertainment,10000.0,0.0,4.2,72.0,Free
2216,BF Beautiful Nature,FAMILY,Mature 17+,Entertainment,1000.0,0.0,3.6,5.0,Free
2217,BF CG Abstract Pictures,FAMILY,Teen,Entertainment,1000.0,0.0,4.7,6.0,Free
2218,BF CG View Wallpapers,FAMILY,Teen,Entertainment,1000.0,0.0,3.6,13.0,Free
2219,BF games,FAMILY,Everyone,Puzzle,50000.0,0.0,4.1,262.0,Free
2220,BF Movies Fun,FAMILY,Teen,Entertainment,10000.0,0.0,3.8,63.0,Free
2221,BG Blurry HD Wallpapers,FAMILY,Everyone,Entertainment,10.0,0.0,,1.0,Free
2222,BG Cable TV,FAMILY,Everyone,Entertainment,1000.0,0.0,,5.0,Free
2223,BG Future School,FAMILY,Everyone,Education,100.0,0.0,4.9,16.0,Free
2224,Bg Radios - Bulgarian radio stations online,FAMILY,Everyone,Entertainment,1000.0,0.0,,8.0,Free
2225,BG Television,FAMILY,Everyone,Entertainment,500.0,0.0,,3.0,Free
2226,BG TV App,FAMILY,Everyone,Entertainment,100.0,0.0,1.7,6.0,Free
2227,Bg TV Online,FAMILY,Everyone,Entertainment,10000.0,0.0,2.3,50.0,Free
2228,BG TV Program,FAMILY,Everyone,Entertainment,100.0,0.0,,1.0,Free
2229,BG TV Stations,FAMILY,Everyone,Entertainment,100.0,0.0,,0.0,Free
2230,BH Challenge - Museum of the Jewish People,FAMILY,Everyone,Education,1000.0,0.0,4.8,12.0,Free
2231,Bh Public School,FAMILY,Everyone,Education,10.0,0.0,5.0,2.0,Free
2232,BibApp TU BS,FAMILY,Everyone,Education,1000.0,0.0,,16.0,Free
2233,Bible Quizzer - The App for Bible Quizzers,FAMILY,Everyone,Education,100.0,0.0,,0.0,Free
2234,Bita and the Animals - Pelos Ares,FAMILY,Everyone,Education;Music & Video,100000.0,0.0,4.4,1160.0,Free
2235,Bita and the Animals - Pelos Ares,FAMILY,Everyone,Education;Music & Video,100000.0,0.0,4.4,1160.0,Free
2236,Bitmoji – Your Personal Emoji,FAMILY,Teen,Entertainment,100000000.0,0.0,4.6,2312084.0,Free
2237,BJ & Jamie,FAMILY,Everyone,Entertainment,100.0,0.0,3.9,13.0,Free
2238,BJ-DRONE,FAMILY,Everyone,Entertainment,100.0,0.0,,1.0,Free
2239,BJ-FPV,FAMILY,Everyone,Casual,1000.0,0.0,4.2,16.0,Free
2240,BJ's Community SoundBoard,FAMILY,Teen,Entertainment,5.0,0.0,,0.0,Free
2241,BJ-UFO,FAMILY,Everyone,Casual,50000.0,0.0,3.6,226.0,Free
2242,BK Dinos,FAMILY,Everyone,Entertainment,5000.0,0.0,4.4,30.0,Free
2243,BK Murli Dictionary (H to E),FAMILY,Everyone,Education,10000.0,0.0,4.6,106.0,Free
2244,BK murli today (Mobile Murli) - Gyan,FAMILY,Everyone,Education,5000.0,0.0,4.8,100.0,Free
2245,BK Video Status,FAMILY,Everyone,Entertainment,100.0,0.0,5.0,13.0,Free
2246,BkEmu - BK-0010/11M emulator,FAMILY,Everyone,Entertainment,10000.0,0.0,4.6,222.0,Free
2247,BL 女性向け恋愛ゲーム◆俺プリクロス,FAMILY,Mature 17+,Simulation,100000.0,0.0,4.2,3379.0,Free
2248,BL 女性向け恋愛ゲーム◆ごくメン,FAMILY,Mature 17+,Simulation,100000.0,0.0,4.2,1901.0,Free
2249,Black Survival,FAMILY,Teen,Strategy,1000000.0,0.0,4.4,48451.0,Free
2250,Blagues et Histoires Drôles,FAMILY,Teen,Entertainment,100000.0,0.0,3.9,859.0,Free
2251,Blamburger - Clarence,FAMILY,Everyone 10+,Arcade;Action & Adventure,1000000.0,0.0,4.1,30444.0,Free
2252,Block City Wars + skins export,FAMILY,Teen,Simulation,10000000.0,0.0,4.5,762706.0,Free
2253,Block Craft 3D: Building Simulator Games For Free,FAMILY,Everyone,Simulation,50000000.0,0.0,4.5,944661.0,Free
2254,Block Puzzle - Wood Legend,FAMILY,Everyone,Puzzle,10000000.0,0.0,4.4,318867.0,Free
2255,Block Puzzle : Night in Egypt,FAMILY,Everyone,Puzzle;Brain Games,50000.0,0.0,4.4,276.0,Free
2256,Block Survival Craft:The Story,FAMILY,Everyone 10+,Puzzle,500000.0,0.0,4.1,7046.0,Free
2257,Block! Hexa Puzzle™,FAMILY,Everyone,Puzzle,50000000.0,0.0,4.5,472247.0,Free
2258,Blood Injection : ER Emergency Doctor ER injection,FAMILY,Teen,Casual,50000.0,0.0,3.5,246.0,Free
2259,Blood Pressure Diary,FAMILY,Everyone,Simulation,5000.0,0.0,4.6,47.0,Free
2260,Blood Pressure Info,FAMILY,Everyone,Entertainment,10000000.0,0.0,3.9,174423.0,Free
2261,Bloons TD 5,FAMILY,Everyone,Strategy,1000000.0,2.99,4.6,190086.0,Paid
2262,Bm,FAMILY,Everyone,Puzzle,100.0,0.0,,1.0,Free
2263,BM SPM Practice,FAMILY,Everyone,Education,1000.0,0.0,5.0,6.0,Free
2264,boattheory.ch Full 2018,FAMILY,Everyone,Education,1000.0,19.4,4.7,54.0,Paid
2265,Body scanner (prank),FAMILY,Teen,Casual,1000000.0,0.0,3.3,16063.0,Free
2266,Body Scanner xray Real Camera Prank Entertaintment,FAMILY,Everyone,Entertainment,5000.0,0.0,2.6,17.0,Free
2267,Bonjour 2017 Abidjan CI ❤❤❤❤❤,FAMILY,Everyone,Entertainment,10000.0,0.0,,235.0,Free
2268,Bono’s Pit Bar-B-Q,FAMILY,Everyone 10+,Entertainment,1000.0,0.0,2.3,3.0,Free
2269,Bonza Poly Art - Tenkyu Animal Jam for Kids,FAMILY,Everyone,Puzzle,1000.0,0.0,4.1,22.0,Free
2270,Boom Beach,FAMILY,Everyone 10+,Strategy,50000000.0,0.0,4.5,5591653.0,Free
2271,Boomerang,FAMILY,Everyone,Entertainment;Music & Video,1000000.0,0.0,4.2,13519.0,Free
2272,Boomerang Make and Race,FAMILY,Everyone,Racing;Action & Adventure,10000000.0,0.0,4.4,281448.0,Free
2273,Bo's Bedtime Story,FAMILY,Everyone,Education;Pretend Play,1000.0,2.49,4.2,13.0,Paid
2274,Bo's Dinnertime Story,FAMILY,Everyone,Education;Pretend Play,1000.0,2.49,4.3,6.0,Paid
2275,Bo's Matching Game,FAMILY,Everyone,Education;Brain Games,1000.0,0.99,,3.0,Paid
2276,Bo's School Day,FAMILY,Everyone,Education;Pretend Play,1000.0,2.99,4.7,10.0,Paid
2277,Boston University Alumni,FAMILY,Everyone,Education,1000.0,0.0,1.8,5.0,Free
2278,BP Scanner Prank,FAMILY,Everyone,Entertainment,50000.0,0.0,4.1,157.0,Free
2279,BP-Tech,FAMILY,Everyone,Casual,1000.0,0.0,3.2,12.0,Free
2280,Br Shafi,FAMILY,Everyone,Education,10000.0,0.0,4.9,1288.0,Free
2281,Br video editing,FAMILY,Everyone,Entertainment,100.0,0.0,,1.0,Free
2282,Br. Parking - Busy road Parking 3D 2018,FAMILY,Everyone,Simulation,5000.0,0.0,4.5,41.0,Free
2283,Brainf*ck Interpreter,FAMILY,Mature 17+,Entertainment,1000.0,0.0,4.0,24.0,Free
2284,Break the Egg,FAMILY,Everyone,Entertainment,50000.0,0.0,2.6,366.0,Free
2285,Brexit EU,FAMILY,Everyone,Casual,500.0,0.0,4.4,7.0,Free
2286,Bridge Constructor Playground FREE,FAMILY,Everyone,Simulation,5000000.0,0.0,3.9,137377.0,Free
2287,Bridge Constructor Stunts FREE,FAMILY,Everyone,Simulation,1000000.0,0.0,4.1,36151.0,Free
2288,British Columbia License,FAMILY,Everyone,Education,1000.0,0.0,3.3,14.0,Free
2289,Broken Screen Prank,FAMILY,Teen,Casual,1000000.0,0.0,3.3,23682.0,Free
2290,BS CS IT & SE,FAMILY,Everyone,Education,1000.0,0.0,4.6,9.0,Free
2291,BS Detector - Diss 'n' Gauges,FAMILY,Everyone,Entertainment,50.0,1.49,,0.0,Paid
2292,BS Films,FAMILY,Everyone,Entertainment,100.0,0.0,,1.0,Free
2293,BS Generator,FAMILY,Everyone,Entertainment,100.0,0.0,4.2,5.0,Free
2294,BS Meter (Ad Supported),FAMILY,Teen,Entertainment,1000.0,0.0,3.9,14.0,Free
2295,BS Play,FAMILY,Everyone,Education,5000.0,0.0,3.7,56.0,Free
2296,BSc Ag Entrance Preparation,FAMILY,Everyone,Education,10000.0,0.0,4.4,138.0,Free
2297,Bsc Agri Notes,FAMILY,Everyone,Education,10000.0,0.0,4.5,301.0,Free
2298,BSC IT,FAMILY,Everyone,Education,10000.0,0.0,4.4,847.0,Free
2299,BT Master,FAMILY,Everyone,Education,100.0,0.0,,0.0,Free
2300,BTK-FH Online Campus,FAMILY,Everyone,Education,500.0,0.0,,1.0,Free
2301,BU Calculator,FAMILY,Everyone,Education,1000.0,0.0,4.6,69.0,Free
2302,Bu Hangi Film ?,FAMILY,Everyone,Puzzle,100.0,0.0,,3.0,Free
2303,Bu Hangi Firma?,FAMILY,Everyone,Trivia;Education,100.0,0.0,,8.0,Free
2304,Bu Hangi Uygulama ?,FAMILY,Everyone,Puzzle,10.0,0.0,,1.0,Free
2305,BU Library,FAMILY,Everyone,Education,1000.0,0.0,3.5,4.0,Free
2306,BU Mobile,FAMILY,Everyone,Education,10000.0,0.0,4.5,472.0,Free
2307,BU Students' Rep. Council,FAMILY,Everyone,Education,500.0,0.0,4.7,38.0,Free
2308,BU Study,FAMILY,Everyone,Education,10.0,0.0,5.0,7.0,Free
2309,BU Syllabus,FAMILY,Everyone,Education,1000.0,0.0,4.5,38.0,Free
2310,Bu the Baby Bunny - Cute pet care game,FAMILY,Everyone,Educational,1000000.0,0.0,4.4,37122.0,Free
2311,Bubble Bird Rescue,FAMILY,Everyone,Puzzle,5000000.0,0.0,4.2,70753.0,Free
2312,Bubble Bo-Bo,FAMILY,Everyone,Casual,10000.0,0.0,4.5,65.0,Free
2313,Bubble Shooter,FAMILY,Everyone,Puzzle;Brain Games,5000000.0,0.0,4.4,59843.0,Free
2314,Bubble Shooter DX,FAMILY,Everyone,Casual,100000.0,0.0,4.2,636.0,Free
2315,Bubble Shooter DX AdFree,FAMILY,Everyone,Casual,50.0,2.99,,1.0,Paid
2316,Bubble Witch 2 Saga,FAMILY,Everyone,Casual,100000000.0,0.0,4.3,2838064.0,Free
2317,Bubbu – My Virtual Pet,FAMILY,Everyone,Casual;Pretend Play,10000000.0,0.0,4.7,394842.0,Free
2318,Build a Bridge!,FAMILY,Everyone,Puzzle,10000000.0,0.0,4.6,263454.0,Free
2319,Builder Craft: House Building & Exploration,FAMILY,Everyone 10+,Simulation,1000000.0,0.0,4.2,20807.0,Free
2320,Burger King Foot Lettuce,FAMILY,Everyone,Entertainment,10000.0,0.0,4.4,150.0,Free
2321,Burrito Bash – We Bare Bears,FAMILY,Everyone,Arcade;Action & Adventure,1000000.0,0.0,4.3,10776.0,Free
2322,Bus Driver 3D: Hill Station,FAMILY,Everyone,Simulation,5000000.0,0.0,4.3,31705.0,Free
2323,Business Intelligence & Data,FAMILY,Everyone,Education,1000.0,0.0,4.9,7.0,Free
2324,"busuu: Learn Languages - Spanish, English & More",FAMILY,Everyone 10+,Education,10000000.0,0.0,4.3,207294.0,Free
2325,Butterfly Pixel Art - coloring by number,FAMILY,Everyone,Entertainment,100000.0,0.0,4.6,769.0,Free
2326,BV Sridhara Maharaj,FAMILY,Everyone,Entertainment,100.0,0.0,5.0,8.0,Free
2327,bX Hot Articles by Ex Libris,FAMILY,Everyone,Education,5000.0,0.0,4.3,42.0,Free
2328,BX Memo,FAMILY,Everyone,Education,5000.0,0.0,4.3,131.0,Free
2329,BZ Bingo,FAMILY,Everyone,Entertainment,100.0,0.0,,1.0,Free
2330,C BOOK-C PROGRAMS,FAMILY,Everyone,Education,10000.0,0.0,4.8,138.0,Free
2331,C Examples,FAMILY,Everyone,Education,10000.0,0.0,4.2,1002.0,Free
2332,C Functions,FAMILY,Everyone,Education,1000.0,0.0,4.8,55.0,Free
2333,C I Patel School,FAMILY,Everyone,Education,1000.0,0.0,4.1,101.0,Free
2334,C J Academy,FAMILY,Everyone,Education,10.0,0.0,,0.0,Free
2335,C Pattern Programs Free,FAMILY,Everyone,Education,100000.0,0.0,4.5,4115.0,Free
2336,C Programming,FAMILY,Everyone,Education,1000000.0,0.0,4.3,22248.0,Free
2337,"C Programming - Learn Code, Theory & Discuss",FAMILY,Everyone,Education,100000.0,0.0,4.5,2751.0,Free
2338,C Programming Zone,FAMILY,Everyone,Education,50000.0,0.0,4.6,1218.0,Free
2339,C Prowess,FAMILY,Everyone,Education,5000.0,0.0,4.8,306.0,Free
2340,C4droid - C/C++ compiler & IDE,FAMILY,Everyone,Education,50000.0,2.99,4.7,2890.0,Paid
2341,CA CS Network,FAMILY,Everyone,Education,5000.0,0.0,4.7,160.0,Free
2342,CA Lottery Official App,FAMILY,Teen,Entertainment,1000000.0,0.0,4.2,7000.0,Free
2343,CA Technologies,FAMILY,Everyone,Puzzle,100.0,0.0,,1.0,Free
2344,Cake Shop - Kids Cooking,FAMILY,Everyone,Casual;Pretend Play,5000000.0,0.0,4.3,30668.0,Free
2345,Calculate My IQ,FAMILY,Everyone,Entertainment,10000.0,0.0,,44.0,Free
2346,Cambridge English FC,FAMILY,Everyone,Education,50000.0,0.0,4.4,761.0,Free
2347,Can Knockdown,FAMILY,Everyone,Casual,10000000.0,0.0,4.1,155649.0,Free
2348,Can Your Pet? : Returns - Teen,FAMILY,Teen,Simulation,1000000.0,0.0,4.3,45370.0,Free
2349,Candy Bomb,FAMILY,Everyone,Casual;Brain Games,10000000.0,0.0,4.4,42145.0,Free
2350,Candy Crush Saga,FAMILY,Everyone,Casual,500000000.0,0.0,4.4,22419455.0,Free
2351,Candy Day,FAMILY,Everyone,Casual;Brain Games,1000000.0,0.0,4.5,11716.0,Free
2352,Candy Pop Story,FAMILY,Everyone,Casual;Brain Games,1000000.0,0.0,4.7,12948.0,Free
2353,Candy Smash,FAMILY,Everyone,Casual;Brain Games,1000000.0,0.0,4.5,11436.0,Free
2354,Canvas FL,FAMILY,Teen,Education,1000.0,0.0,4.9,36.0,Free
2355,Car Driving Simulator Citroen,FAMILY,Everyone,Simulation,10000.0,0.0,3.8,174.0,Free
2356,Car Driving Theory Test BC,FAMILY,Everyone,Education,10.0,1.49,,0.0,Paid
2357,Car Parking Crane N Drifting,FAMILY,Everyone,Simulation,50000.0,0.0,4.2,106.0,Free
2358,Car Parking Game 3D - Real City Driving Challenge,FAMILY,Everyone,Simulation,5000000.0,0.0,4.4,187892.0,Free
2359,Car Parking Nissan GT-R R35 Simulator,FAMILY,Everyone,Simulation,100000.0,0.0,3.2,513.0,Free
2360,Car Racing game for Kids - Beepzz Dogs 🐕,FAMILY,Everyone,Racing;Action & Adventure,100000.0,0.0,4.4,131.0,Free
2361,Card Wars - Adventure Time,FAMILY,Everyone 10+,Card;Action & Adventure,1000000.0,2.99,4.3,129603.0,Paid
2362,Card Wars Kingdom,FAMILY,Everyone 10+,Card;Action & Adventure,10000000.0,0.0,4.3,920571.0,Free
2363,Cardinal Quest 2,FAMILY,Everyone,Role Playing,100000.0,0.0,4.4,19207.0,Free
2364,Carrier Landings Pro,FAMILY,Everyone,Simulation,10000.0,12.99,4.6,5969.0,Paid
2365,Cars: Lightning League,FAMILY,Everyone,Racing;Action & Adventure,10000000.0,0.0,4.5,58795.0,Free
2366,Cartoon Network App,FAMILY,Everyone 10+,Video Players & Editors;Music & Video,10000000.0,0.0,4.0,119173.0,Free
2367,Cartoon Network Match Land,FAMILY,Everyone,Puzzle,1000000.0,0.0,4.7,21979.0,Free
2368,Cartoon Wars 3,FAMILY,Teen,Role Playing,5000000.0,0.0,4.1,137674.0,Free
2369,CASE K-12 Math English Science,FAMILY,Everyone,Education,10000.0,0.0,4.6,60.0,Free
2370,Case Simulator Hero for CS:GO,FAMILY,Teen,Simulation,500000.0,0.0,4.3,14604.0,Free
2371,Castle Clash: Epic Empire ES,FAMILY,Everyone 10+,Strategy,5000000.0,0.0,4.6,584070.0,Free
2372,Castle Clash: Heroes of the Empire US,FAMILY,Everyone 10+,Strategy,50000000.0,0.0,4.6,4578890.0,Free
2373,Castle Clash: RPG War and Strategy FR,FAMILY,Everyone,Strategy,1000000.0,0.0,4.7,376223.0,Free
2374,Castle Defense : Invasion,FAMILY,Everyone,Strategy,100000.0,0.0,4.2,1484.0,Free
2375,Castle Defense 2,FAMILY,Teen,Strategy,1000000.0,0.0,4.2,35172.0,Free
2376,Casual Sic Bo (骰寶),FAMILY,Teen,Casual,500.0,0.0,4.0,3.0,Free
2377,Cat Sim Online: Play with Cats,FAMILY,Everyone 10+,Simulation,5000000.0,0.0,4.6,137198.0,Free
2378,Catalyst AZ,FAMILY,Teen,Education,500.0,0.0,4.8,12.0,Free
2379,CB News,FAMILY,Everyone,Education,50.0,0.0,5.0,7.0,Free
2380,CB Outdoors,FAMILY,Everyone,Education,1000.0,0.0,3.8,5.0,Free
2381,CB Register,FAMILY,Everyone,Entertainment,10.0,0.0,5.0,1.0,Free
2382,CB STARS,FAMILY,Everyone,Education,10.0,0.0,,1.0,Free
2383,CB TV,FAMILY,Teen,Strategy,100.0,0.0,,2.0,Free
2384,CD - Teach me ABC English L1,FAMILY,Everyone,Education,500.0,0.0,,2.0,Free
2385,CD Carpe Diem App,FAMILY,Everyone,Education,100.0,0.0,,17.0,Free
2386,CD CHOICE TUBE,FAMILY,Everyone,Entertainment,500.0,0.0,5.0,10.0,Free
2387,CE Broker,FAMILY,Everyone,Education,10000.0,0.0,3.7,190.0,Free
2388,CEHQ - CE Credits for Nurses,FAMILY,Everyone,Education,1000.0,0.0,4.5,12.0,Free
2389,Cerulean Heart,FAMILY,Mature 17+,Simulation,10000.0,0.0,4.6,2683.0,Free
2390,CE-STRONG,FAMILY,Everyone,Education,100.0,0.0,,0.0,Free
2391,CF Church,FAMILY,Teen,Education,50.0,0.0,,1.0,Free
2392,CF Life,FAMILY,Everyone,Education,100.0,0.0,5.0,4.0,Free
2393,CG - Chemistry free,FAMILY,Everyone,Education,1000.0,0.0,5.0,7.0,Free
2394,CG Backgrounds,FAMILY,Everyone,Entertainment,500.0,0.0,4.0,8.0,Free
2395,CG FM,FAMILY,Everyone,Entertainment,500.0,0.0,5.0,2.0,Free
2396,cg guruji,FAMILY,Everyone,Education,10000.0,0.0,4.5,170.0,Free
2397,CG Job Alerts,FAMILY,Everyone,Education,10000.0,0.0,4.2,116.0,Free
2398,CG Jobs,FAMILY,Everyone,Education,10.0,0.0,5.0,8.0,Free
2399,CG JOKES - Copy & Share,FAMILY,Everyone,Entertainment,1000.0,0.0,4.4,31.0,Free
2400,CG Patwari Exam,FAMILY,Teen,Education,1000.0,0.0,3.8,28.0,Free
2401,CG Samanya Gyan,FAMILY,Teen,Education,10000.0,0.0,4.2,145.0,Free
2402,CG Sanyukt Bharti Pariksha 2018,FAMILY,Teen,Education,1000.0,0.0,4.3,14.0,Free
2403,CG Shikshak,FAMILY,Everyone,Education,10000.0,0.0,4.4,211.0,Free
2404,CG Wallpapers,FAMILY,Mature 17+,Entertainment,500.0,0.0,4.5,11.0,Free
2405,CG Yojna & Jansampark,FAMILY,Teen,Education,5000.0,0.0,4.0,54.0,Free
2406,Champions and Challengers - Adventure Time,FAMILY,Everyone,Role Playing,1000000.0,0.0,4.6,51973.0,Free
2407,Channel U,FAMILY,Everyone,Entertainment,1000.0,0.0,4.6,34.0,Free
2408,Chat With Artificial Intelligence,FAMILY,Everyone,Entertainment,1000.0,0.0,3.2,32.0,Free
2409,ChatBolo - AI Chatbot Online,FAMILY,Everyone,Entertainment,100000.0,0.0,3.3,1407.0,Free
2410,ChatBot AI Talking Girl,FAMILY,Everyone 10+,Entertainment,100000.0,0.0,3.8,3597.0,Free
2411,Chatime AB Rewards,FAMILY,Everyone,Entertainment,1000.0,0.0,,9.0,Free
2412,Cheat Codes for GTA V,FAMILY,Mature 17+,Entertainment,100000.0,0.0,4.3,589.0,Free
2413,Cheats for GTA V,FAMILY,Everyone,Entertainment,100000.0,0.0,4.2,450.0,Free
2414,Check Lottery Tickets - Florida,FAMILY,Teen,Entertainment,5000.0,0.0,2.0,27.0,Free
2415,Checkers ✔️,FAMILY,Everyone,Board;Brain Games,1000000.0,0.0,4.1,3617.0,Free
2416,Chess and Mate,FAMILY,Everyone,Board;Brain Games,5000.0,4.99,4.5,359.0,Paid
2417,Chess for Kids - Play & Learn,FAMILY,Everyone,Puzzle;Brain Games,100000.0,0.0,4.1,3234.0,Free
2418,Chess Free,FAMILY,Everyone,Board;Brain Games,5000000.0,0.0,4.3,23772.0,Free
2419,Chess of Blades (BL/Yaoi Game) (No VA),FAMILY,Teen,Casual,10.0,14.99,4.8,4.0,Paid
2420,Chess of Blades (Demo),FAMILY,Teen,Casual,1000.0,0.0,4.2,45.0,Free
2421,Chess PRO Free,FAMILY,Everyone,Board;Brain Games,100000.0,0.0,3.8,1123.0,Free
2422,Chess School for Beginners,FAMILY,Everyone,Board;Brain Games,100000.0,0.0,4.3,879.0,Free
2423,Chest Calculator for CR,FAMILY,Everyone 10+,Entertainment,1000000.0,0.0,3.9,14754.0,Free
2424,Chest Opener for CR - The Circle Game,FAMILY,Everyone,Entertainment,5000.0,0.0,,68.0,Free
2425,Chest Simulator for Clash Royale,FAMILY,Everyone,Simulation,100000.0,0.0,4.4,4756.0,Free
2426,Children Educational Game Full,FAMILY,Everyone,Educational;Education,1000.0,7.49,4.7,30.0,Paid
2427,Choices: Stories You Play,FAMILY,Teen,Simulation,10000000.0,0.0,4.6,807155.0,Free
2428,Choose SuperHero Quize Marvel | DC,FAMILY,Everyone,Entertainment,100.0,0.0,,3.0,Free
2429,Christian Questions Podcast,FAMILY,Everyone,Education,10000.0,0.0,4.6,222.0,Free
2430,CHRONO TRIGGER (Upgrade Ver.),FAMILY,Everyone 10+,Role Playing,100000.0,9.99,3.8,11250.0,Paid
2431,Chronolink DX,FAMILY,Everyone,Puzzle,10.0,0.99,5.0,7.0,Paid
2432,Chronolink DX Lite,FAMILY,Everyone,Puzzle,10.0,0.0,,2.0,Free
2433,Chuck E.'s Skate Universe,FAMILY,Everyone,Action;Action & Adventure,10000000.0,0.0,3.9,94910.0,Free
2434,ci,FAMILY,Everyone,Strategy,500000.0,0.0,3.0,1691.0,Free
2435,CI Crew,FAMILY,Everyone,Entertainment,100.0,0.0,,1.0,Free
2436,CI Dictionary,FAMILY,Everyone,Education,1000.0,0.0,4.6,31.0,Free
2437,CI MOBI,FAMILY,Everyone,Education,5000.0,0.0,4.3,108.0,Free
2438,CINEMA.BH,FAMILY,Everyone,Entertainment,1000.0,0.0,3.9,11.0,Free
2439,Citation du Jour - Motivation,FAMILY,Everyone,Education,100000.0,0.0,4.1,321.0,Free
2440,City Builder 2016: County Mall,FAMILY,Everyone,Simulation,1000000.0,0.0,4.2,41693.0,Free
2441,City Driving Jeep Mania: Parking Passion 2018,FAMILY,Everyone,Simulation,10000.0,0.0,4.4,36.0,Free
2442,City Taxi Driver sim 2016: Cab simulator Game-s,FAMILY,Everyone,Simulation,1000000.0,0.0,4.1,16111.0,Free
2443,CJ Auto école,FAMILY,Everyone,Education,50.0,0.0,,0.0,Free
2444,CJ Fallon eBook Reader,FAMILY,Everyone,Education,5000.0,0.0,1.9,76.0,Free
2445,CJ SO COOL,FAMILY,Everyone,Entertainment,10000.0,0.0,4.5,145.0,Free
2446,CK FFXIV Companion,FAMILY,Everyone,Entertainment,100000.0,0.0,4.3,1364.0,Free
2447,CK-12 Physics Simulations,FAMILY,Everyone,Education;Education,5000.0,0.0,4.1,30.0,Free
2448,CK-12: Practice Math & Science,FAMILY,Everyone,Education;Education,50000.0,0.0,4.2,562.0,Free
2449,ClanManagerTT2,FAMILY,Everyone,Casual,1000.0,0.0,4.7,55.0,Free
2450,Clash of Clans,FAMILY,Everyone 10+,Strategy,100000000.0,0.0,4.6,44881447.0,Free
2451,Clash of Kings : The King Of Fighters version,FAMILY,Teen,Strategy,50000000.0,0.0,4.2,2233681.0,Free
2452,Clash Royale,FAMILY,Everyone 10+,Strategy,100000000.0,0.0,4.6,23125280.0,Free
2453,Clash Soundboard For CR & COC,FAMILY,Everyone,Entertainment,500.0,0.0,4.3,13.0,Free
2454,ClassDojo,FAMILY,Everyone,Education;Education,10000000.0,0.0,4.4,148536.0,Free
2455,Classic FC 64 IN 1,FAMILY,Everyone,Casual,100000.0,0.0,4.2,1749.0,Free
2456,Club Penguin Island,FAMILY,Everyone,Casual;Action & Adventure,1000000.0,0.0,2.8,107441.0,Free
2457,Clumsy Santa ER Surgery,FAMILY,Teen,Casual,100000.0,0.0,4.1,214.0,Free
2458,CN Resident,FAMILY,Everyone,Entertainment,100.0,0.0,5.0,1.0,Free
2459,CN Sayin' - Cartoon Network,FAMILY,Everyone,Entertainment,10000.0,0.0,4.5,85.0,Free
2460,CN Summer Challenge,FAMILY,Everyone,Entertainment;Brain Games,100000.0,0.0,3.7,985.0,Free
2461,CN Superstar Soccer: Goal!!!,FAMILY,Everyone,Sports;Action & Adventure,100000.0,2.99,4.1,3863.0,Paid
2462,CN TV Canal 3 - Cable Netword,FAMILY,Everyone,Entertainment,1000.0,0.0,,5.0,Free
2463,CO CASE Events,FAMILY,Everyone,Education,100.0,0.0,,0.0,Free
2464,codeEazy - C/C++/JAVA,FAMILY,Everyone,Education,10000.0,0.0,4.6,130.0,Free
2465,Codes for GTA San Andreas,FAMILY,Everyone,Entertainment,1000000.0,0.0,3.8,12414.0,Free
2466,codeSpark Academy & The Foos,FAMILY,Everyone,Educational;Education,500000.0,0.0,4.1,4522.0,Free
2467,Color by Disney,FAMILY,Everyone,Entertainment,500000.0,0.0,2.7,5706.0,Free
2468,Color by Number - Draw Sandbox Pixel Art,FAMILY,Everyone,Entertainment,1000000.0,0.0,4.6,10247.0,Free
2469,Color By Number - Sandbox Pixel Coloring Book,FAMILY,Everyone,Casual;Creativity,1000000.0,0.0,4.7,24557.0,Free
2470,Color by Number: Pixel Art,FAMILY,Everyone,Entertainment,1000000.0,0.0,4.6,12034.0,Free
2471,Color By Numbers - Art Game for Kids and Adults,FAMILY,Everyone,Educational;Brain Games,100000.0,0.0,3.1,305.0,Free
2472,Color Quartets,FAMILY,Everyone,Casual,1000.0,0.0,4.0,42.0,Free
2473,Colorfy: Coloring Book for Adults - Free,FAMILY,Everyone,Entertainment,10000000.0,0.0,4.5,787107.0,Free
2474,Coloring & Learn,FAMILY,Everyone,Educational;Creativity,5000000.0,0.0,4.4,12753.0,Free
2475,Coloring Book at Five Nights,FAMILY,Everyone,Educational,100000.0,0.0,4.0,532.0,Free
2476,Coloring Book for Me & Mandala,FAMILY,Everyone,Entertainment,10000000.0,0.0,4.6,401211.0,Free
2477,Coloring book moana,FAMILY,Everyone,Art & Design;Pretend Play,500000.0,0.0,3.9,974.0,Free
2478,Command & Conquer: Rivals,FAMILY,Everyone 10+,Strategy,0.0,0.0,,0.0,
2479,Companion for Fortnite & Fortnite Battle Royale,FAMILY,Everyone,Entertainment,100000.0,0.0,4.6,2736.0,Free
2480,Comptia A+ 220-901 & 220-902,FAMILY,Everyone,Education,10000.0,0.0,4.4,174.0,Free
2481,CompTIA A+ Pocket Prep,FAMILY,Everyone,Education,10000.0,0.0,4.3,1311.0,Free
2482,CompTIA Exam Training,FAMILY,Everyone,Education,50000.0,0.0,4.8,3053.0,Free
2483,COMSATS BOOK STORE FOR BS(CS),FAMILY,Everyone,Education,50.0,0.0,5.0,15.0,Free
2484,Comunidad BH,FAMILY,Everyone,Entertainment,1000.0,0.0,,23.0,Free
2485,Connect'Em,FAMILY,Everyone,Puzzle,1000000.0,0.0,4.5,49381.0,Free
2486,Connect'Em Halloween,FAMILY,Everyone,Puzzle,500000.0,0.0,4.5,6673.0,Free
2487,Contractor City Construction - Heavy Logistics,FAMILY,Everyone,Simulation,5000.0,0.0,4.2,31.0,Free
2488,Cook Baked Lasagna,FAMILY,Everyone,Casual,10000000.0,0.0,4.2,56259.0,Free
2489,Cook 'n Learn Smart Kitchen,FAMILY,Everyone,Educational;Education,50000.0,0.0,3.5,205.0,Free
2490,Cooking in the Kitchen,FAMILY,Everyone,Casual;Pretend Play,10000000.0,0.0,4.1,217736.0,Free
2491,COOKING MAMA Let's Cook!,FAMILY,Everyone,Educational;Pretend Play,10000000.0,0.0,4.3,528745.0,Free
2492,COOKING MAMA Let's Cook!,FAMILY,Everyone,Educational;Pretend Play,10000000.0,0.0,4.3,528917.0,Free
2493,CP Brown English-Telugu Dictionary,FAMILY,Everyone,Education,500.0,0.0,4.4,8.0,Free
2494,CP Calculator,FAMILY,Everyone,Entertainment,10000.0,0.0,4.1,187.0,Free
2495,CP Calculator - Poke Go Calc,FAMILY,Everyone,Entertainment,500.0,0.0,4.1,7.0,Free
2496,Cp Calculator for Evolution:GO,FAMILY,Everyone,Entertainment,500.0,0.0,4.8,124.0,Free
2497,CP Channel,FAMILY,Everyone 10+,Education,500.0,0.0,4.6,7.0,Free
2498,CP Creepypasta,FAMILY,Teen,Entertainment,10000.0,0.0,3.8,128.0,Free
2499,CP evolution calculator Pokemo,FAMILY,Everyone,Educational,10000.0,0.0,4.1,78.0,Free
2500,CP RACING 2 FREE,FAMILY,Everyone,Simulation,100000.0,0.0,4.0,4607.0,Free
2501,CP-Care Mobile,FAMILY,Everyone,Education,10.0,0.0,,1.0,Free
2502,CppDroid - C/C++ IDE,FAMILY,Everyone,Education,1000000.0,0.0,4.1,29978.0,Free
2503,CR & CoC Private Server - Clash Barbarians PRO,FAMILY,Everyone,Entertainment,500000.0,0.0,4.6,167974.0,Free
2504,Cr Aviation Academy,FAMILY,Everyone,Education,100.0,0.0,5.0,7.0,Free
2505,CR Best Decks,FAMILY,Everyone,Strategy,1000.0,0.0,3.5,34.0,Free
2506,CR Family,FAMILY,Everyone,Education,1000.0,0.0,2.3,10.0,Free
2507,"CR Fans: Mazos, Clanes y Grupos",FAMILY,Everyone,Entertainment,5000.0,0.0,4.3,219.0,Free
2508,Crack Attack,FAMILY,Everyone,Puzzle,1000000.0,0.0,4.3,31970.0,Free
2509,Crack the blue angry birds egg,FAMILY,Everyone,Puzzle,10000.0,0.0,3.2,85.0,Free
2510,Crazy Colors: Bubbles Matching,FAMILY,Everyone,Board;Brain Games,100000.0,0.0,4.6,3063.0,Free
2511,Crazy Doctor,FAMILY,Teen,Role Playing,10000000.0,0.0,4.0,267636.0,Free
2512,Crazy ER Open Heart Surgery Simulator,FAMILY,Everyone,Simulation,500000.0,0.0,4.0,2936.0,Free
2513,Create A Superhero HD,FAMILY,Teen,Casual,500000.0,0.0,3.3,8642.0,Free
2514,CritDice - Dice Roller,FAMILY,Everyone,Entertainment,50000.0,0.0,4.7,2910.0,Free
2515,Crusaders Quest,FAMILY,Everyone 10+,Role Playing,5000000.0,0.0,4.4,475020.0,Free
2516,CS & IT Interview Questions,FAMILY,Everyone,Education,1000.0,0.0,5.0,43.0,Free
2517,CS go bomb simulator,FAMILY,Everyone,Casual,10.0,0.99,,7.0,Paid
2518,CS Guns Shoot,FAMILY,Teen,Entertainment,50000.0,0.0,3.7,433.0,Free
2519,CS Interview FAQs,FAMILY,Everyone,Education,10000.0,0.0,4.3,99.0,Free
2520,CS Interview Questions (TechQ),FAMILY,Everyone,Education,5000.0,0.0,4.8,33.0,Free
2521,CSCS BG (в български),FAMILY,Everyone,Education,100.0,3.99,2.4,7.0,Paid
2522,CSHS BX,FAMILY,Everyone,Education,100.0,0.0,,0.0,Free
2523,C-SPAN Radio,FAMILY,Everyone,Entertainment,100000.0,0.0,3.6,608.0,Free
2524,CS-Touch,FAMILY,Everyone,Education,10000.0,0.0,3.9,337.0,Free
2525,CT Abdomen,FAMILY,Everyone,Education,1000.0,0.0,4.3,7.0,Free
2526,CT Brain Interpretation,FAMILY,Everyone,Education,500.0,0.0,5.0,3.0,Free
2527,CT Head Basic Interpretation,FAMILY,Everyone,Education,100.0,0.0,,1.0,Free
2528,CT Lottery,FAMILY,Teen,Entertainment,50000.0,0.0,3.8,271.0,Free
2529,CT Scan Generations,FAMILY,Everyone,Education,1000.0,0.0,4.7,6.0,Free
2530,CT-Guide & Positioning,FAMILY,Everyone,Education,1000.0,0.0,3.7,6.0,Free
2531,CT-Stream Player,FAMILY,Everyone,Entertainment,10000.0,0.0,3.9,84.0,Free
2532,Curio Quest,FAMILY,Everyone 10+,Role Playing,1000000.0,0.0,4.3,59152.0,Free
2533,Cursive Writing Wizard - Handwriting,FAMILY,Everyone,Education;Education,1000000.0,0.0,4.0,3745.0,Free
2534,Curso Básico y Avanzado la Fe de Jesús Audio-Texto,FAMILY,Everyone 10+,Education,10.0,0.0,,0.0,Free
2535,Cut the Rope FULL FREE,FAMILY,Everyone,Puzzle,100000000.0,0.0,4.4,2122705.0,Free
2536,Cut the Rope GOLD,FAMILY,Everyone,Puzzle,1000000.0,0.99,4.6,61264.0,Paid
2537,Cute Images for Whatsapp,FAMILY,Teen,Entertainment,100000.0,0.0,4.4,634.0,Free
2538,Cute Pet Puppies,FAMILY,Everyone,Simulation;Action & Adventure,1000000.0,0.0,4.0,10447.0,Free
2539,Cutie Cubies,FAMILY,Everyone,Puzzle;Creativity,500000.0,0.0,4.4,6356.0,Free
2540,CV Creator,FAMILY,Everyone,Education,10000.0,0.0,4.4,31.0,Free
2541,CV Examples 2018,FAMILY,Everyone,Education,100000.0,0.0,4.5,625.0,Free
2542,CV Formats 2018,FAMILY,Everyone,Education,100000.0,0.0,4.3,374.0,Free
2543,Cv maker / Job cv maker,FAMILY,Everyone,Education,1000.0,0.0,4.4,14.0,Free
2544,CV Templates 2018,FAMILY,Everyone,Education,5000.0,0.0,4.0,13.0,Free
2545,CW Mobile,FAMILY,Everyone,Education,50.0,0.0,,3.0,Free
2546,CW Seed,FAMILY,Teen,Entertainment,500000.0,0.0,4.5,16391.0,Free
2547,CX watcher,FAMILY,Everyone,Casual,500.0,0.0,4.5,4.0,Free
2548,CX-10DS,FAMILY,Everyone,Casual,1000.0,0.0,3.4,12.0,Free
2549,CX-10WiFi,FAMILY,Everyone,Casual,100000.0,0.0,4.0,1419.0,Free
2550,CX-17WIFI,FAMILY,Everyone,Entertainment,10000.0,0.0,4.3,49.0,Free
2551,cx-32wifi,FAMILY,Everyone,Entertainment,10000.0,0.0,4.1,62.0,Free
2552,cx-33wifi,FAMILY,Everyone,Entertainment,10000.0,0.0,4.4,63.0,Free
2553,CX-37,FAMILY,Everyone,Casual,1000.0,0.0,3.9,13.0,Free
2554,CX-40,FAMILY,Everyone,Entertainment,100.0,0.0,3.0,2.0,Free
2555,CX-42,FAMILY,Everyone,Casual,10.0,0.0,,0.0,Free
2556,CX-60,FAMILY,Everyone,Casual,1000.0,0.0,3.1,19.0,Free
2557,CXmodel-ufo,FAMILY,Everyone,Entertainment,1000.0,0.0,3.8,19.0,Free
2558,CX-OF,FAMILY,Everyone,Entertainment,1000.0,0.0,4.2,18.0,Free
2559,CX-WiFi720P,FAMILY,Everyone,Entertainment,10000.0,0.0,3.1,47.0,Free
2560,Cymath - Math Problem Solver,FAMILY,Everyone,Education,1000000.0,0.0,4.5,10159.0,Free
2561,Cy-Reader,FAMILY,Everyone,Education,100.0,0.0,4.8,17.0,Free
2562,D.N. College Meerut,FAMILY,Everyone,Education,10.0,0.0,,0.0,Free
2563,Daily K-Talk,FAMILY,Everyone,Education,10000.0,0.0,4.3,264.0,Free
2564,Dance Magic Fashion Style Games,FAMILY,Everyone,Simulation,100000.0,0.0,4.6,2533.0,Free
2565,Dance On Mobile,FAMILY,Teen,Casual,1000000.0,0.0,4.1,23609.0,Free
2566,Dance School Stories - Dance Dreams Come True,FAMILY,Everyone,Role Playing,1000000.0,0.0,4.4,91171.0,Free
2567,Darkness Rises,FAMILY,Teen,Role Playing,5000000.0,0.0,4.7,456474.0,Free
2568,Dash Tag - Fun Endless Runner!,FAMILY,Everyone,Casual,100000.0,0.0,4.5,6750.0,Free
2569,daskal.eu,FAMILY,Everyone,Education,50.0,0.0,5.0,5.0,Free
2570,"DataCamp - Learn R, Python & SQL",FAMILY,Everyone,Education,100000.0,0.0,4.4,944.0,Free
2571,Day R Premium,FAMILY,Teen,Role Playing,100000.0,4.99,4.8,51068.0,Paid
2572,DB for Fallout Shelter,FAMILY,Everyone,Simulation,100000.0,0.0,4.0,3323.0,Free
2573,DB for Hustle Castle,FAMILY,Everyone,Role Playing,1000.0,0.0,4.8,21.0,Free
2574,DB Tools,FAMILY,Everyone,Education,1000.0,0.0,4.6,37.0,Free
2575,DB Train Simulator,FAMILY,Everyone,Simulation,500000.0,0.0,3.7,6514.0,Free
2576,DC All Access,FAMILY,Teen,Entertainment,500000.0,0.0,4.4,12639.0,Free
2577,DC Legends: Battle for Justice,FAMILY,Teen,Role Playing,10000000.0,0.0,4.5,355613.0,Free
2578,DC N COMPANY ENTERTAINMENT RADIO!,FAMILY,Mature 17+,Entertainment,100.0,0.0,5.0,22.0,Free
2579,DC Super Hero Girls™,FAMILY,Everyone,Action;Action & Adventure,5000000.0,0.0,4.3,43060.0,Free
2580,DC Super Hero Girls™,FAMILY,Everyone,Action;Action & Adventure,5000000.0,0.0,4.3,43060.0,Free
2581,DC Super Hero Girls™,FAMILY,Everyone,Action;Action & Adventure,5000000.0,0.0,4.3,43090.0,Free
2582,Death Dragon Knights RPG,FAMILY,Teen,Role Playing,1000000.0,0.0,4.1,11179.0,Free
2583,Deck Builder & Analyzer for CR,FAMILY,Everyone,Entertainment,5000.0,0.0,3.1,52.0,Free
2584,Deck Shop for Clash Royale,FAMILY,Everyone,Entertainment,100000.0,0.0,4.6,2167.0,Free
2585,Denis Brogniart - AH !,FAMILY,Everyone,Entertainment,100000.0,0.0,4.5,2931.0,Free
2586,Denis Brogniart - AH 2 !,FAMILY,Everyone,Entertainment,100.0,0.0,,4.0,Free
2587,Dentist Surgery ER Emergency Doctor Hospital Games,FAMILY,Everyone,Simulation,100000.0,0.0,3.5,2580.0,Free
2588,Depths of Betrayal CE (Full),FAMILY,Everyone 10+,Casual,1000.0,2.99,4.3,363.0,Paid
2589,Design Home,FAMILY,Everyone,Simulation,10000000.0,0.0,4.4,539931.0,Free
2590,Desperate Housewives: The Game,FAMILY,Teen,Role Playing,500000.0,0.0,4.2,10440.0,Free
2591,Detect-O-Gromit (D.O.G 2),FAMILY,Everyone,Entertainment,10000.0,2.49,3.8,45.0,Paid
2592,Deus Ex GO,FAMILY,Teen,Puzzle,100000.0,0.99,4.5,9699.0,Paid
2593,DH Karaoke,FAMILY,Everyone,Entertainment,1000.0,0.0,,8.0,Free
2594,DH UFO,FAMILY,Everyone,Entertainment,1000.0,0.0,3.0,4.0,Free
2595,DH-UFO,FAMILY,Everyone,Entertainment,100.0,0.0,5.0,1.0,Free
2596,Diário Escola Mestres EF,FAMILY,Everyone,Education,1000.0,0.0,,11.0,Free
2597,Differential Equations Steps,FAMILY,Everyone,Education,100000.0,0.0,3.6,1185.0,Free
2598,Digital FM Brasília DF,FAMILY,Everyone,Entertainment,100.0,0.0,,5.0,Free
2599,Dino in City-Dinosaur N Police,FAMILY,Teen,Simulation,1000000.0,0.0,3.7,10035.0,Free
2600,Dinosaur War,FAMILY,Everyone,Simulation,10000000.0,0.0,4.3,157997.0,Free
2601,Dio Fa Cose,FAMILY,Everyone,Entertainment,1000.0,0.0,,35.0,Free
2602,DIRECTV,FAMILY,Teen,Entertainment,10000000.0,0.0,4.1,235486.0,Free
2603,DIRECTV for Tablets,FAMILY,Teen,Entertainment,1000000.0,0.0,3.9,24123.0,Free
2604,DIRECTV Remote App,FAMILY,Everyone,Entertainment,1000000.0,0.0,3.0,480.0,Free
2605,Disaster Will Strike,FAMILY,Everyone,Puzzle,1000000.0,0.0,4.5,14692.0,Free
2606,Disciple Maker’s (DM) Lab,FAMILY,Everyone,Education,100.0,0.0,5.0,3.0,Free
2607,Discovery K!ds Play!,FAMILY,Everyone,Entertainment;Music & Video,1000000.0,0.0,4.1,19388.0,Free
2608,Discovery K!ds Play! Español,FAMILY,Everyone,Entertainment;Music & Video,1000000.0,0.0,4.2,11263.0,Free
2609,Disney Crossy Road,FAMILY,Everyone,Arcade;Action & Adventure,10000000.0,0.0,4.5,514088.0,Free
2610,Disney Magic Kingdoms: Build Your Own Magical Park,FAMILY,Everyone,Simulation;Action & Adventure,10000000.0,0.0,4.3,472584.0,Free
2611,Disney Magic Kingdoms: Build Your Own Magical Park,FAMILY,Everyone,Simulation;Action & Adventure,10000000.0,0.0,4.3,472584.0,Free
2612,Disney Magic Timer by Oral-B,FAMILY,Everyone,Health & Fitness;Action & Adventure,1000000.0,0.0,3.9,31061.0,Free
2613,Disney Princess Palace Pets,FAMILY,Everyone,Entertainment;Pretend Play,1000000.0,0.0,3.9,60097.0,Free
2614,DisneyNOW – TV Shows & Games,FAMILY,Everyone,Entertainment;Music & Video,5000000.0,0.0,4.3,82471.0,Free
2615,DisneyNOW – TV Shows & Games,FAMILY,Everyone,Entertainment;Music & Video,5000000.0,0.0,4.3,82471.0,Free
2616,DisneyNOW – TV Shows & Games,FAMILY,Everyone,Entertainment;Music & Video,5000000.0,0.0,4.3,82499.0,Free
2617,DJ Electro Mix Pad,FAMILY,Everyone,Entertainment,10000000.0,0.0,3.9,53301.0,Free
2618,DJ Mix Effects Simulator,FAMILY,Everyone,Simulation,1000000.0,0.0,4.1,5997.0,Free
2619,DJ Music Pad,FAMILY,Everyone,Entertainment,5000000.0,0.0,3.6,35121.0,Free
2620,dk,FAMILY,Everyone,Education,10.0,0.0,4.8,5.0,Free
2621,DK 15 Minute Language Course,FAMILY,Everyone,Education,1000.0,0.0,2.8,21.0,Free
2622,DK Online,FAMILY,Everyone,Entertainment,100.0,0.0,,21.0,Free
2623,DK Readers,FAMILY,Everyone,Education,1000.0,0.0,3.9,30.0,Free
2624,DK Virtual Reality,FAMILY,Everyone,Books & Reference;Education,1000.0,0.0,3.7,42.0,Free
2625,DL Hughley,FAMILY,Mature 17+,Entertainment,1000.0,0.0,4.6,12.0,Free
2626,DM Buddy » Learn Digital Marketing,FAMILY,Everyone,Education,500.0,0.0,5.0,3.0,Free
2627,DN Driver,FAMILY,Everyone,Education,5.0,0.0,,0.0,Free
2628,DN Employee,FAMILY,Everyone,Education,10.0,0.0,5.0,1.0,Free
2629,do,FAMILY,Everyone,Strategy,100000.0,0.0,3.1,1073.0,Free
2630,Do Not Crash,FAMILY,Everyone,Casual,1000000.0,0.0,3.7,56664.0,Free
2631,Do Not Disturb! 2 - Challenge Your Prank Skills!,FAMILY,Everyone,Educational,1000000.0,0.0,4.0,34417.0,Free
2632,DO YOU KNOW THE WAY Soundboard,FAMILY,Everyone,Entertainment,100000.0,0.0,4.5,1007.0,Free
2633,Doctor Games For Girls - Hospital ER,FAMILY,Everyone,Casual,5000.0,0.0,4.5,51.0,Free
2634,Doctor Kids,FAMILY,Everyone,Casual;Pretend Play,10000000.0,0.0,4.2,200450.0,Free
2635,Doctor Pets,FAMILY,Everyone,Educational;Education,1000000.0,0.0,4.2,23060.0,Free
2636,Doctor X - ER On Wheels,FAMILY,Everyone,Casual;Pretend Play,1000000.0,0.0,3.6,12781.0,Free
2637,Dog Run - Pet Dog Simulator,FAMILY,Everyone,Simulation;Action & Adventure,10000000.0,0.0,4.7,48615.0,Free
2638,Dog Run - Pet Dog Simulator,FAMILY,Everyone,Simulation;Action & Adventure,10000000.0,0.0,4.7,48701.0,Free
2639,Dog Sim Online: Raise a Family,FAMILY,Teen,Simulation,5000000.0,0.0,4.6,94989.0,Free
2640,Doll House Design & Decoration 2: Girls House Game,FAMILY,Everyone,Simulation,100000.0,0.0,3.9,2338.0,Free
2641,Dolphin and fish coloring book,FAMILY,Everyone,Art & Design;Creativity,500000.0,0.0,3.9,2249.0,Free
2642,Dominos Game ✔️,FAMILY,Everyone,Board;Brain Games,1000000.0,0.0,4.1,2903.0,Free
2643,Doomsday Preppers™,FAMILY,Everyone,Strategy,1000000.0,0.0,4.2,137167.0,Free
2644,Dots & Co: A Puzzle Adventure,FAMILY,Everyone,Puzzle,1000000.0,0.0,4.5,81001.0,Free
2645,Dots puzzle,FAMILY,Everyone,Puzzle,50000.0,0.99,4.0,179.0,Paid
2646,Download Video Free,FAMILY,Everyone,Entertainment,1000000.0,0.0,4.0,39682.0,Free
2647,Downtown Mafia: Gang Wars (Mobster Game) Free,FAMILY,Teen,Role Playing,1000000.0,0.0,4.5,69013.0,Free
2648,DP & Status,FAMILY,Everyone,Entertainment,500000.0,0.0,4.3,1922.0,Free
2649,DP and Status,FAMILY,Everyone,Entertainment,100000.0,0.0,4.1,623.0,Free
2650,DP Battle,FAMILY,Everyone,Entertainment,5000.0,0.0,4.5,132.0,Free
2651,DQSalmaan - A fan made App,FAMILY,Everyone,Entertainment,10000.0,0.0,4.9,707.0,Free
2652,DR CONTROL,FAMILY,Everyone,Entertainment,10000.0,0.0,3.4,267.0,Free
2653,DR Sebi's Alkaline List,FAMILY,Everyone,Education,5000.0,0.0,4.0,68.0,Free
2654,Dr. 2048,FAMILY,Everyone,Puzzle,500000.0,0.0,3.9,1985.0,Free
2655,Dr. Cares - Amy's Pet Clinic 🐈 🐕,FAMILY,Everyone,Casual,100000.0,0.0,4.5,3580.0,Free
2656,Dr. Cares - Pet Rescue 911 🐶,FAMILY,Everyone,Casual,500000.0,0.0,4.2,14432.0,Free
2657,Dr. D. Y. Patil Vidyapeeth GBS,FAMILY,Everyone,Education,100.0,0.0,4.0,3.0,Free
2658,Dr. Panda & Toto's Treehouse,FAMILY,Everyone,Casual;Pretend Play,50000.0,3.99,4.4,3396.0,Paid
2659,Dr. Panda & Toto's Treehouse,FAMILY,Everyone,Casual;Pretend Play,50000.0,3.99,4.4,3396.0,Paid
2660,Dr. Panda & Toto's Treehouse,FAMILY,Everyone,Casual;Pretend Play,50000.0,3.99,4.4,3397.0,Paid
2661,Dr. Panda Art Class,FAMILY,Everyone,Education;Creativity,50000.0,2.99,4.2,1013.0,Paid
2662,Dr. Panda Café Freemium,FAMILY,Everyone,Educational;Pretend Play,1000000.0,0.0,4.1,11788.0,Free
2663,Dr. Panda Farm,FAMILY,Everyone,Education;Pretend Play,10000.0,2.99,4.1,265.0,Paid
2664,Dr. Panda Hospital,FAMILY,Everyone,Education;Pretend Play,50000.0,2.99,4.4,1091.0,Paid
2665,Dr. Panda Ice Cream Truck Free,FAMILY,Everyone,Role Playing;Pretend Play,1000000.0,0.0,4.4,23022.0,Free
2666,Dr. Panda Restaurant 2,FAMILY,Everyone,Educational;Pretend Play,100000.0,2.99,4.3,3725.0,Paid
2667,Dr. Panda Restaurant 3,FAMILY,Everyone,Educational;Pretend Play,1000000.0,0.0,4.2,11126.0,Free
2668,Dr. Panda Supermarket,FAMILY,Everyone,Educational;Pretend Play,50000.0,2.99,4.2,1357.0,Paid
2669,Dr. Panda Town,FAMILY,Everyone,Education;Pretend Play,1000000.0,0.0,4.0,36578.0,Free
2670,Dr. Panda Town: Vacation,FAMILY,Everyone,Education;Pretend Play,1000000.0,0.0,3.8,10366.0,Free
2671,Dr. Panda's Swimming Pool,FAMILY,Everyone,Casual;Pretend Play,100000.0,1.99,4.4,2311.0,Paid
2672,Dr. Pixel: Pill mania Classic,FAMILY,Everyone,Puzzle,100000.0,0.0,4.3,2419.0,Free
2673,Dr. Seuss's ABC,FAMILY,Everyone,Books & Reference;Education,10000.0,3.99,4.7,429.0,Paid
2674,Dr. Sudoku,FAMILY,Everyone,Puzzle,500000.0,0.0,3.5,2310.0,Free
2675,Dr. Truck Driver : Real Truck Simulator 3D,FAMILY,Everyone 10+,Simulation,100000.0,0.0,4.1,1626.0,Free
2676,Dr. Unblock,FAMILY,Everyone,Puzzle,1000000.0,0.0,3.9,3847.0,Free
2677,Dr.Dice - Sic bo analyzer,FAMILY,Everyone,Entertainment,10.0,46.99,,2.0,Paid
2678,DR.MEEP,FAMILY,Everyone,Puzzle,500.0,2.99,4.4,54.0,Paid
2679,Dragon BZ Super Wallpapers,FAMILY,Everyone,Entertainment,1000.0,0.0,4.2,12.0,Free
2680,Dragon Nest M,FAMILY,Teen,Role Playing,100000.0,0.0,4.6,11872.0,Free
2681,DRAGON QUEST,FAMILY,Everyone,Role Playing,100000.0,2.99,4.2,9659.0,Paid
2682,DRAGON QUEST II,FAMILY,Everyone,Role Playing,10000.0,4.99,4.5,2576.0,Paid
2683,DRAGON QUEST III,FAMILY,Everyone,Role Playing,10000.0,9.99,4.2,1661.0,Paid
2684,DRAGON QUEST IV,FAMILY,Everyone,Role Playing,10000.0,14.99,4.7,1647.0,Paid
2685,DRAGON QUEST V,FAMILY,Teen,Role Playing,10000.0,14.99,4.7,1667.0,Paid
2686,DRAGON QUEST VI,FAMILY,Everyone,Role Playing,100000.0,14.99,4.4,3358.0,Paid
2687,DRAGON QUEST VIII,FAMILY,Everyone 10+,Role Playing,50000.0,19.99,4.5,7812.0,Paid
2688,Dragon Sim Online: Be A Dragon,FAMILY,Teen,Simulation,5000000.0,0.0,4.6,111741.0,Free
2689,Draw Color by Number - Sandbox Pixel Art,FAMILY,Everyone,Casual;Creativity,1000000.0,0.0,4.7,34279.0,Free
2690,Draw.ly - Color by Number Pixel Art Coloring,FAMILY,Everyone,Casual;Education,1000000.0,0.0,4.4,18616.0,Free
2691,Drawing for Kids Learning Games for Toddlers age 3,FAMILY,Everyone,Educational;Education,1000000.0,0.0,4.6,29436.0,Free
2692,DRC Sim - Wii U Gamepad,FAMILY,Everyone,Casual,10000.0,0.0,2.4,210.0,Free
2693,DreamWorks Friends,FAMILY,Everyone,Role Playing;Pretend Play,100000.0,0.0,3.6,1042.0,Free
2694,DreamWorks Friends,FAMILY,Everyone,Role Playing;Pretend Play,100000.0,0.0,3.6,1042.0,Free
2695,Dress Up RagazzA13 DX,FAMILY,Everyone,Simulation,100.0,0.99,3.5,13.0,Paid
2696,Driver Permit Test Prep DC DMV Driver's License Ed,FAMILY,Everyone,Education,5000.0,0.0,4.7,78.0,Free
2697,Driving n Parking School 2017,FAMILY,Everyone,Simulation,1000.0,0.0,4.5,15.0,Free
2698,Driving School 3D 2017,FAMILY,Everyone,Simulation,500000.0,0.0,3.9,5075.0,Free
2699,Driving Suv Toyota Car Simulator,FAMILY,Everyone,Simulation,10000.0,0.0,3.7,187.0,Free
2700,DrivingTest,FAMILY,Everyone,Simulation,100000.0,0.0,2.9,975.0,Free
2701,DS,FAMILY,Everyone,Casual,100.0,0.0,4.9,15.0,Free
2702,DS-Admin,FAMILY,Everyone,Education,10.0,0.0,,1.0,Free
2703,DS-Students,FAMILY,Everyone,Education,100.0,0.0,4.8,5.0,Free
2704,DT Driving Test Theory,FAMILY,Everyone,Education,10000.0,0.0,4.6,477.0,Free
2705,DT-CAM,FAMILY,Everyone,Entertainment,1000.0,0.0,,6.0,Free
2706,DT-VR,FAMILY,Everyone,Entertainment,1000.0,0.0,3.8,25.0,Free
2707,Du Chinese – Mandarin Lessons,FAMILY,Everyone,Education,100000.0,0.0,4.8,3390.0,Free
2708,DU CS Lectures - Learn to Code for Free,FAMILY,Everyone,Education,100.0,0.0,4.8,16.0,Free
2709,du View,FAMILY,Teen,Entertainment,50000.0,0.0,3.8,935.0,Free
2710,Dual N-Back - Brain game,FAMILY,Everyone,Educational,100000.0,0.0,4.3,817.0,Free
2711,Dumb Ways to Die 2: The Games,FAMILY,Teen,Casual,50000000.0,0.0,4.2,1671658.0,Free
2712,Dungeon Boss – Strategy RPG,FAMILY,Everyone 10+,Role Playing,5000000.0,0.0,4.4,218881.0,Free
2713,Dungeon Hunter 5 – Action RPG,FAMILY,Teen,Role Playing,10000000.0,0.0,4.2,720685.0,Free
2714,Dungeon Hunter Champions: Epic Online Action RPG,FAMILY,Teen,Role Playing,1000000.0,0.0,4.2,26307.0,Free
2715,Dungeon Keeper,FAMILY,Everyone 10+,Strategy,500000.0,0.0,4.0,69574.0,Free
2716,Dungeon Legends - PvP Action MMO RPG Co-op Games,FAMILY,Teen,Role Playing,1000000.0,0.0,4.4,102215.0,Free
2717,Dungeon Quest,FAMILY,Everyone 10+,Role Playing,5000000.0,0.0,4.5,244039.0,Free
2718,Dungeon Rush,FAMILY,Everyone 10+,Role Playing,1000000.0,0.0,4.0,28633.0,Free
2719,Duolingo: Learn Languages Free,FAMILY,Everyone,Education;Education,100000000.0,0.0,4.7,6294400.0,Free
2720,Duolingo: Learn Languages Free,FAMILY,Everyone,Education;Education,100000000.0,0.0,4.7,6294397.0,Free
2721,Duolingo: Learn Languages Free,FAMILY,Everyone,Education;Education,100000000.0,0.0,4.7,6297590.0,Free
2722,DV ASSIST,FAMILY,Everyone,Education,100.0,0.0,5.0,1.0,Free
2723,DV Lottery Simulator,FAMILY,Everyone,Entertainment,1000.0,0.0,4.6,13.0,Free
2724,DV-2019 PHOTO TOOL,FAMILY,Everyone,Entertainment,1000.0,0.0,4.3,21.0,Free
2725,DV-2019 Results,FAMILY,Everyone,Entertainment,10000.0,0.0,4.3,158.0,Free
2726,DV-2019 UK/British,FAMILY,Everyone,Entertainment,5000.0,0.0,4.6,166.0,Free
2727,DV-LOTTERY 2019 REGISTRATION,FAMILY,Everyone,Entertainment,10000.0,0.0,4.5,97.0,Free
2728,DW Audio,FAMILY,Everyone,Education,1000.0,0.0,4.9,38.0,Free
2729,"DW Learn German - A1, A2, B1 and placement test",FAMILY,Everyone,Education,100000.0,0.0,4.3,902.0,Free
2730,DX Gashacon Sword for Ex-Aid Henshin,FAMILY,Everyone,Simulation,1000.0,0.0,,17.0,Free
2731,Dx Ludo,FAMILY,Everyone,Puzzle,50000.0,0.0,3.6,215.0,Free
2732,DX Simulation Belt for Build henshin,FAMILY,Everyone,Simulation,10000.0,0.0,4.5,182.0,Free
2733,DX Simulation Belt for Decade henshin,FAMILY,Everyone,Simulation,5000.0,0.0,4.5,64.0,Free
2734,DX Simulation for Decade Henshin Belt 2018,FAMILY,Everyone,Simulation,5000.0,0.0,,23.0,Free
2735,DX Simulation for Double Dx Henshin Belt 2018,FAMILY,Everyone,Simulation,5000.0,0.0,4.6,33.0,Free
2736,DX Simulation for Kabuto Henshin Belt 2018,FAMILY,Everyone,Simulation,5000.0,0.0,4.6,14.0,Free
2737,DX Simulation for OOO Dx Belt,FAMILY,Everyone,Simulation,10000.0,0.0,4.6,67.0,Free
2738,DX Simulation for X-aid Dx Belt,FAMILY,Everyone,Simulation,5000.0,0.0,4.0,35.0,Free
2739,Dy So Exam,FAMILY,Everyone,Education,1000.0,0.0,3.0,6.0,Free
2740,DYPhyzio-Physiology Forum,FAMILY,Everyone,Education,100.0,0.0,,4.0,Free
2741,DYPSOET,FAMILY,Everyone,Education,50.0,0.0,5.0,8.0,Free
2742,DZ Blagues,FAMILY,Everyone,Entertainment,10000.0,0.0,4.2,580.0,Free
2743,DZ Puzzle,FAMILY,Everyone,Puzzle,10.0,0.99,,14.0,Paid
2744,DZ Urgences,FAMILY,Everyone,Education,500.0,0.0,,16.0,Free
2745,E!,FAMILY,Teen,Entertainment,100000.0,0.0,3.1,740.0,Free
2746,英漢字典 EC Dictionary,FAMILY,Everyone,Education,1000000.0,0.0,4.3,55408.0,Free
2747,Earth to Luna! Watch and Play,FAMILY,Everyone,Educational;Education,1000000.0,0.0,3.9,10753.0,Free
2748,Easy V-Bux free,FAMILY,Everyone,Entertainment,5000.0,0.0,4.6,856.0,Free
2749,Eating Show - Food BJ,FAMILY,Everyone,Simulation,10000.0,0.0,4.4,103.0,Free
2750,EB Demo for Android,FAMILY,Teen,Entertainment,10.0,0.0,,0.0,Free
2751,EB Mobile,FAMILY,Everyone,Education,10000.0,0.0,1.7,1172.0,Free
2752,EBook For SAP BW ON HANA Learning Free,FAMILY,Everyone,Education,50.0,0.0,,0.0,Free
2753,EC Calgary,FAMILY,Teen,Education,100.0,0.0,5.0,6.0,Free
2754,EC Fairgrounds,FAMILY,Everyone,Entertainment,500.0,0.0,5.0,3.0,Free
2755,E-cigarette for free,FAMILY,Mature 17+,Entertainment,500000.0,0.0,3.6,1354.0,Free
2756,Edmodo,FAMILY,Everyone,Education,10000000.0,0.0,4.1,200214.0,Free
2757,e-Docente EI/anos iniciais EF,FAMILY,Everyone,Education,1000.0,0.0,,2.0,Free
2758,Educational Games 4 Kids,FAMILY,Everyone,Educational;Education,5000000.0,0.0,4.3,11618.0,Free
2759,Educational Games for Kids,FAMILY,Everyone,Educational;Education,1000000.0,0.0,4.5,7050.0,Free
2760,Educationboard Results BD,FAMILY,Everyone,Education,100000.0,0.0,4.0,983.0,Free
2761,EduNAV.BH,FAMILY,Everyone,Education,50.0,0.0,,3.0,Free
2762,EF Classroom,FAMILY,Everyone,Education,50000.0,0.0,3.2,190.0,Free
2763,EF English Live Business,FAMILY,Everyone,Education,100000.0,0.0,3.6,496.0,Free
2764,EF English Live Business Tablet,FAMILY,Everyone,Education,10000.0,0.0,3.3,279.0,Free
2765,EF English Live for phone,FAMILY,Everyone,Education,100000.0,0.0,3.6,2210.0,Free
2766,EF English Live for tablets,FAMILY,Everyone,Education,50000.0,0.0,3.1,1242.0,Free
2767,EF First,FAMILY,Everyone,Entertainment,1.0,0.0,,0.0,Free
2768,EF Mentor: Sounds,FAMILY,Everyone,Education,5000.0,0.0,,19.0,Free
2769,EF Mentor: Words,FAMILY,Teen,Education,50000.0,0.0,4.0,403.0,Free
2770,EF Parеnts,FAMILY,Everyone,Education,50000.0,0.0,4.1,435.0,Free
2771,EF Smart English,FAMILY,Everyone,Education,5000.0,0.0,3.7,150.0,Free
2772,EF Smart English for Phone,FAMILY,Everyone,Education,10000.0,0.0,3.5,208.0,Free
2773,EF Spelling Bee,FAMILY,Everyone,Education;Education,500.0,0.0,3.0,2.0,Free
2774,EF Teacher,FAMILY,Everyone,Education,1000.0,0.0,3.1,16.0,Free
2775,EF Universe: Endless Battle,FAMILY,Teen,Role Playing,50.0,0.0,4.2,5.0,Free
2776,EF/VR – VR Tours of EF Schools,FAMILY,Teen,Education,1000.0,0.0,3.6,17.0,Free
2777,EFAmbassador,FAMILY,Everyone,Education,100.0,0.0,,5.0,Free
2778,EG Classroom Decimals™,FAMILY,Everyone,Education;Education,50.0,2.99,3.0,2.0,Paid
2779,EG Player,FAMILY,Everyone,Entertainment,100.0,0.0,,1.0,Free
2780,Egg,FAMILY,Mature 17+,Simulation,5000.0,0.0,2.9,72.0,Free
2781,Egg Baby,FAMILY,Everyone 10+,Casual,5000000.0,0.0,4.4,351607.0,Free
2782,Egg for Pou,FAMILY,Everyone,Casual,5000000.0,0.0,3.0,59096.0,Free
2783,"Egg, Inc.",FAMILY,Everyone,Simulation,5000000.0,0.0,4.7,580160.0,Free
2784,Egg: clicker,FAMILY,Everyone,Casual,1000000.0,0.0,3.7,40678.0,Free
2785,Eh Plus English Application,FAMILY,Everyone,Education,100.0,0.0,,1.0,Free
2786,Eh Volevi!,FAMILY,Everyone,Entertainment,100000.0,0.0,3.9,1619.0,Free
2787,EI App 1,FAMILY,Everyone,Education,10.0,0.0,,0.0,Free
2788,EI App 2,FAMILY,Everyone,Education,10.0,0.0,,0.0,Free
2789,EI HabitTracker,FAMILY,Everyone,Education,100.0,0.0,,2.0,Free
2790,EI国际,FAMILY,Everyone,Education,1000.0,0.0,4.7,15.0,Free
2791,Ei-ij Spelling Dutch,FAMILY,Everyone,Education,10000.0,0.0,,20.0,Free
2792,EJ Trívia Game,FAMILY,Everyone,Puzzle,1.0,0.0,,1.0,Free
2793,Ek Bander Ne Kholi Dukan,FAMILY,Everyone,Entertainment,10000.0,0.0,5.0,10.0,Free
2794,Ek Biladi Jadi Video Song,FAMILY,Everyone,Entertainment,5000.0,0.0,,3.0,Free
2795,EK Carevec,FAMILY,Teen,Entertainment,10.0,0.0,,1.0,Free
2796,Ek Do Teen Song Videos - Baaghi 2 Video Songs,FAMILY,Everyone,Entertainment,1000.0,0.0,,2.0,Free
2797,Ek Kahani Aisi Bhi Season 2 - The Horror Story,FAMILY,Teen,Entertainment,1000.0,0.0,4.5,28.0,Free
2798,Ek Kahani Aisi Bhi Season 3 - The Horror Story,FAMILY,Teen,Entertainment,100.0,0.0,3.0,1.0,Free
2799,Ek Kauwa Pyasa Tha,FAMILY,Everyone,Entertainment,50000.0,0.0,4.1,35.0,Free
2800,Ek Onkar,FAMILY,Everyone,Entertainment,10000.0,0.0,4.9,107.0,Free
2801,Ek Qissa He Quran Se (Qurani Waqiyat),FAMILY,Everyone,Entertainment,100.0,0.0,5.0,4.0,Free
2802,el,FAMILY,Everyone,Casual,1000000.0,0.0,4.3,32405.0,Free
2803,El Chavo,FAMILY,Everyone,Casual,10000.0,0.99,4.0,751.0,Paid
2804,El Falı,FAMILY,Everyone,Entertainment,1000000.0,0.0,4.8,36968.0,Free
2805,El Laberinto del Demonio 2,FAMILY,Teen,Puzzle,100000.0,0.0,4.1,3654.0,Free
2806,El Laberinto del Demonio 3D,FAMILY,Teen,Puzzle,1000000.0,0.0,4.0,20421.0,Free
2807,Electric Car Taxi Driver: NY City Cab Taxi Games,FAMILY,Everyone,Simulation,1000000.0,0.0,4.0,5886.0,Free
2808,Elemental Galaxy Dx - Match3,FAMILY,Everyone,Puzzle,10000.0,0.0,4.0,127.0,Free
2809,Elemental Knights R Platinum,FAMILY,Teen,Role Playing,50000.0,4.77,3.8,2925.0,Paid
2810,Elevator Simulator Lift EM ALL,FAMILY,Teen,Simulation,100000.0,0.0,4.4,2941.0,Free
2811,Elif Ba - Learn The Holy Quran,FAMILY,Everyone,Education,50000.0,0.0,4.8,1491.0,Free
2812,Elifba Quran Learning Game,FAMILY,Everyone,Educational,100000.0,0.0,4.7,1424.0,Free
2813,Elkhart County 4-H Fair,FAMILY,Everyone,Entertainment,5000.0,0.0,3.9,38.0,Free
2814,Elmo Calls by Sesame Street,FAMILY,Everyone,Educational;Pretend Play,1000000.0,0.0,3.9,6903.0,Free
2815,Elmo Calls by Sesame Street,FAMILY,Everyone,Educational;Pretend Play,1000000.0,0.0,3.9,6903.0,Free
2816,Elmo Calls by Sesame Street,FAMILY,Everyone,Educational;Pretend Play,1000000.0,0.0,3.9,6903.0,Free
2817,Em Fuga Brasil,FAMILY,Everyone,Simulation,100000.0,0.0,,1317.0,Free
2818,Empire Z: Endless War,FAMILY,Teen,Strategy,5000000.0,0.0,4.2,367951.0,Free
2819,Empires and Allies,FAMILY,Everyone 10+,Strategy,10000000.0,0.0,4.3,398746.0,Free
2820,ENCHANT U,FAMILY,Everyone,Casual,500000.0,0.0,4.3,83977.0,Free
2821,Endless Numbers,FAMILY,Everyone,Education;Education,500000.0,0.0,4.4,2952.0,Free
2822,English Audio Books - Librivox,FAMILY,Everyone,Education,1000000.0,0.0,4.0,10773.0,Free
2823,English Bite,FAMILY,Everyone,Education,10000.0,0.0,3.5,268.0,Free
2824,English Conversation Courses,FAMILY,Everyone,Education,1000000.0,0.0,4.6,22165.0,Free
2825,English for Everyone,FAMILY,Everyone,Education,10000.0,0.0,3.2,429.0,Free
2826,English Grammar Test,FAMILY,Everyone,Education,5000000.0,0.0,4.6,104676.0,Free
2827,English in a Month Free,FAMILY,Everyone,Education,1000000.0,0.0,3.8,6577.0,Free
2828,EP Chain Reaction,FAMILY,Everyone,Casual;Brain Games,10000.0,0.0,3.9,249.0,Free
2829,EP McGuffey Primer,FAMILY,Everyone,Education,50.0,1.99,,0.0,Paid
2830,EP Music,FAMILY,Everyone,Entertainment,10.0,0.0,,0.0,Free
2831,EP Radio,FAMILY,Everyone,Entertainment,50.0,0.0,5.0,3.0,Free
2832,EP Search and Find,FAMILY,Everyone,Casual,500.0,0.0,,20.0,Free
2833,EP Spotter,FAMILY,Everyone,Entertainment,500.0,0.0,3.4,9.0,Free
2834,Episode - Choose Your Story,FAMILY,Teen,Simulation,50000000.0,0.0,4.3,1842381.0,Free
2835,Equestria Girl Snapchat Addict,FAMILY,Everyone,Educational,1000.0,0.0,,20.0,Free
2836,Equestria Girls,FAMILY,Everyone,Role Playing;Action & Adventure,10000000.0,0.0,4.3,392596.0,Free
2837,Equestria Girls,FAMILY,Everyone,Role Playing;Action & Adventure,10000000.0,0.0,4.3,392596.0,Free
2838,Equestria Girls,FAMILY,Everyone,Role Playing;Action & Adventure,10000000.0,0.0,4.3,392819.0,Free
2839,ER Blood Draw Doctor & Surgeon,FAMILY,Teen,Educational,50000.0,0.0,4.0,154.0,Free
2840,ER Doctor City Emergency - Surgery City Doc FREE,FAMILY,Teen,Educational,100000.0,0.0,3.9,1909.0,Free
2841,ER Doctor Kids Emergency Room,FAMILY,Teen,Casual,500000.0,0.0,3.1,4798.0,Free
2842,"ER Emergency Hospital - Brain, Knee, Eye Surgery",FAMILY,Teen,Educational,1000.0,0.0,3.8,25.0,Free
2843,ER Heart Surgery - Emergency Simulator Game,FAMILY,Everyone,Educational,100000.0,0.0,4.3,429.0,Free
2844,ER Hospital Simulator,FAMILY,Everyone,Simulation,100000.0,0.0,4.0,286.0,Free
2845,ER Injection Simulator: Blood Test Doctor Hospital,FAMILY,Everyone 10+,Role Playing,1000000.0,0.0,4.2,3263.0,Free
2846,ER Neck Surgery: Hospital Christmas Emergency,FAMILY,Everyone 10+,Role Playing,5000.0,0.0,,11.0,Free
2847,ER Surgery Simulator,FAMILY,Everyone 10+,Casual,1000000.0,0.0,3.6,19601.0,Free
2848,ES Remote,FAMILY,Everyone,Entertainment,100000.0,0.0,3.3,707.0,Free
2849,Escape the Prison Room,FAMILY,Everyone,Puzzle,5000000.0,0.0,3.5,113183.0,Free
2850,Escaping the Prison,FAMILY,Everyone 10+,Casual,10000000.0,0.0,4.2,419375.0,Free
2851,Esto Es Guerra TVN,FAMILY,Everyone,Entertainment,100000.0,0.0,4.5,1303.0,Free
2852,Eternium,FAMILY,Teen,Role Playing,10000000.0,0.0,4.8,1506783.0,Free
2853,Ethical Hacking,FAMILY,Everyone,Education,10000.0,0.0,4.1,128.0,Free
2854,EU in the World,FAMILY,Everyone,Entertainment,100.0,0.0,,8.0,Free
2855,EU WHO War,FAMILY,Everyone,Education,50.0,0.0,,0.0,Free
2856,Euro Truck Driver (Simulator),FAMILY,Everyone,Simulation,10000000.0,0.0,4.4,860078.0,Free
2857,European Union Simulator,FAMILY,Everyone,Simulation,50000.0,0.0,3.6,688.0,Free
2858,European War 5:Empire,FAMILY,Everyone 10+,Strategy,100000.0,0.0,3.8,9513.0,Free
2859,European War 6: 1804,FAMILY,Teen,Strategy,10000.0,0.99,4.2,1330.0,Paid
2860,EV Bon Dictionary,FAMILY,Everyone,Education,500.0,0.0,,11.0,Free
2861,Eventbrite - Discover popular events & nearby fun,FAMILY,Everyone,Entertainment,5000000.0,0.0,4.4,63773.0,Free
2862,Ever After High™ Charmed Style,FAMILY,Everyone,Casual;Pretend Play,1000000.0,0.0,3.9,44062.0,Free
2863,Evolution CP,FAMILY,Everyone,Entertainment,500.0,0.0,3.6,13.0,Free
2864,Evolution CP & IV Calculator for pokemon,FAMILY,Everyone,Entertainment,500000.0,0.0,4.3,9465.0,Free
2865,Evolution: Battle for Utopia,FAMILY,Teen,Strategy,1000000.0,0.0,4.2,246705.0,Free
2866,Exam Result BD,FAMILY,Everyone,Education,500.0,0.0,5.0,2.0,Free
2867,Exiled Kingdoms RPG,FAMILY,Everyone 10+,Role Playing,1000000.0,0.0,4.6,49210.0,Free
2868,EXO-L,FAMILY,Everyone,Entertainment,1000000.0,0.0,4.6,67410.0,Free
2869,Expert C Programming - Learn C Coding Easily,FAMILY,Everyone,Education,5000.0,0.0,4.4,77.0,Free
2870,Explora con el Chavo,FAMILY,Everyone,Educational,100000.0,0.0,,0.0,Free
2871,Extreme Motorbike Jump 3D,FAMILY,Everyone,Simulation,10000000.0,0.0,4.0,94308.0,Free
2872,Extreme Racing 2 - Real driving RC cars game!,FAMILY,Everyone,Racing;Action & Adventure,500000.0,0.0,4.3,4207.0,Free
2873,EY eMentor,FAMILY,Everyone,Education,500.0,0.0,,5.0,Free
2874,Ey Sey Storytime រឿងនិទានតាឥសី,FAMILY,Everyone,Education;Education,10000.0,0.0,4.7,1327.0,Free
2875,Eye Transplant : ER Emergency Hospital,FAMILY,Teen,Educational,1000000.0,0.0,3.9,1938.0,Free
2876,Eyewitness Travel Phrase Book,FAMILY,Everyone,Education,1000.0,0.0,3.8,10.0,Free
2877,EZ PZ RPG,FAMILY,Everyone 10+,Role Playing,1000000.0,0.0,3.8,70903.0,Free
2878,EZ-Builder Mobile,FAMILY,Everyone,Education,5000.0,0.0,4.3,51.0,Free
2879,F.A Sumon songs,FAMILY,Everyone,Entertainment,1000.0,0.0,,6.0,Free
2880,"Führerschein Klasse CE, LKW 2018",FAMILY,Everyone,Education,1000.0,2.49,,57.0,Paid
2881,Faceoff DP Battle App,FAMILY,Everyone,Entertainment,1000.0,0.0,4.8,38.0,Free
2882,FaceQ,FAMILY,Teen,Entertainment,10000000.0,0.0,4.4,591411.0,Free
2883,Fahrschule DW,FAMILY,Everyone,Education,1000.0,0.0,,5.0,Free
2884,Fairy Kingdom: World of Magic and Farming,FAMILY,Everyone,Strategy;Creativity,1000000.0,0.0,4.4,129542.0,Free
2885,Fake Call From Wengie Prank,FAMILY,Everyone,Entertainment,50000.0,0.0,3.5,352.0,Free
2886,Fallout Shelter,FAMILY,Teen,Simulation,10000000.0,0.0,4.6,2721923.0,Free
2887,Family Guy- Another Freakin' Mobile Game,FAMILY,Teen,Puzzle,5000000.0,0.0,4.5,221691.0,Free
2888,FANDOM for: DC,FAMILY,Mature 17+,Entertainment,500000.0,0.0,4.4,6715.0,Free
2889,FANDOM for: GTA,FAMILY,Mature 17+,Entertainment,5000000.0,0.0,3.9,39038.0,Free
2890,FANDOM: Arrow and The Flash,FAMILY,Mature 17+,Entertainment,100000.0,0.0,4.5,3935.0,Free
2891,Fandom: Five Nights at Freddys,FAMILY,Mature 17+,Entertainment,1000000.0,0.0,4.4,17945.0,Free
2892,Fantastic Chefs: Match 'n Cook,FAMILY,Everyone,Puzzle,500000.0,0.0,4.7,8600.0,Free
2893,Fantasy Squad W,FAMILY,Everyone 10+,Role Playing,50000.0,0.0,4.3,2142.0,Free
2894,Farm Heroes Saga,FAMILY,Everyone,Casual,100000000.0,0.0,4.4,7615646.0,Free
2895,Farming Simulator 14,FAMILY,Everyone,Simulation;Action & Adventure,10000000.0,0.0,4.5,530854.0,Free
2896,Farming Simulator 14,FAMILY,Everyone,Simulation;Action & Adventure,10000000.0,0.0,4.5,530904.0,Free
2897,Farming Simulator 16,FAMILY,Everyone,Simulation;Education,500000.0,2.99,4.2,32812.0,Paid
2898,Fart sound pranks,FAMILY,Everyone 10+,Casual,50000000.0,0.0,3.8,283823.0,Free
2899,Fashion Girls Dress up Makeup,FAMILY,Everyone,Simulation,10000.0,0.0,4.4,115.0,Free
2900,Fashion Pony Girls Dress Up Makeup Game,FAMILY,Everyone,Simulation,10000.0,0.0,4.5,256.0,Free
2901,Fat No More - Be the Biggest Loser in the Gym!,FAMILY,Everyone,Casual,1000000.0,0.0,3.8,48545.0,Free
2902,FD Mobile,FAMILY,Everyone,Entertainment,5000.0,0.0,3.9,53.0,Free
2903,FD VR - Virtual 3D Web Browser,FAMILY,Everyone,Entertainment,100000.0,0.0,3.8,729.0,Free
2904,FD VR - Virtual Photo Gallery,FAMILY,Everyone,Entertainment,10000.0,0.0,3.5,179.0,Free
2905,FD VR - Virtual Reality Camera,FAMILY,Everyone,Entertainment,100000.0,0.0,4.0,1007.0,Free
2906,FD VR Cardboard Featured 360 Videos,FAMILY,Everyone,Entertainment,10000.0,0.0,4.2,76.0,Free
2907,FD VR Music Videos - MTV Pop and Rap in 360,FAMILY,Everyone,Entertainment,1000.0,0.0,4.9,15.0,Free
2908,FD VR Player - for 360 Youtube,FAMILY,Everyone,Entertainment,10000.0,0.0,3.9,100.0,Free
2909,FD VR Player - for Youtube 3D,FAMILY,Everyone,Entertainment,500000.0,0.0,4.0,2378.0,Free
2910,FD VR Store -VR Games and Apps,FAMILY,Everyone,Simulation,10000.0,0.0,4.0,105.0,Free
2911,FD VR Theater - for Youtube VR,FAMILY,Everyone,Entertainment,1000000.0,0.0,4.1,4585.0,Free
2912,FD VR Video Player - (Stored),FAMILY,Everyone,Entertainment,100000.0,0.0,3.9,751.0,Free
2913,FE Chemical Engineering Exam Prep,FAMILY,Everyone,Education,100.0,0.0,,2.0,Free
2914,FE Civil Engineering Exam Prep,FAMILY,Everyone,Education,1000.0,0.0,2.8,9.0,Free
2915,FE Electric & Comp Engineering,FAMILY,Everyone,Education,500.0,0.0,,2.0,Free
2916,FE EN ACCIÓN RADIO,FAMILY,Everyone,Entertainment,10.0,0.0,,1.0,Free
2917,FE Mechanical Engineering Prep,FAMILY,Everyone,Education,1000.0,0.0,1.0,2.0,Free
2918,FE Mix - Jokes - Status - Wallpaper,FAMILY,Everyone,Entertainment,1000.0,0.0,,3.0,Free
2919,FE Other Disciplines Engineering Exam Prep,FAMILY,Everyone,Education,100.0,0.0,,0.0,Free
2920,FeaturePoints: Free Gift Cards,FAMILY,Everyone,Entertainment,5000000.0,0.0,3.9,121321.0,Free
2921,FG Autumn Photo Puzzle,FAMILY,Everyone,Puzzle,10.0,0.0,,0.0,Free
2922,FG Mobile,FAMILY,Everyone,Education,5000.0,0.0,3.3,130.0,Free
2923,FG Radio - Radios de France,FAMILY,Everyone,Entertainment,10.0,0.0,,0.0,Free
2924,FG Rockstar,FAMILY,Everyone,Education,10.0,0.0,,1.0,Free
2925,FG. Chic - House Lounge Musique - Radios de France,FAMILY,Everyone,Entertainment,50.0,0.0,,1.0,Free
2926,FH Dortmund FB4,FAMILY,Everyone,Education,1000.0,0.0,,40.0,Free
2927,FH Kufstein App,FAMILY,Everyone,Education,500.0,0.0,,9.0,Free
2928,FH School,FAMILY,Everyone,Education,100.0,0.0,5.0,4.0,Free
2929,fi,FAMILY,Everyone,Strategy,100000.0,0.0,2.9,691.0,Free
2930,Fifth Edition DM Tools,FAMILY,Everyone,Role Playing,100000.0,0.0,4.1,942.0,Free
2931,Figment AR,FAMILY,Everyone,Entertainment,5000.0,0.0,3.7,22.0,Free
2932,Filmi Gaane,FAMILY,Everyone,Entertainment,100000.0,0.0,4.4,572.0,Free
2933,FINAL FANTASY DIMENSIONS,FAMILY,Everyone,Role Playing,100000.0,13.99,4.3,8450.0,Paid
2934,FINAL FANTASY V,FAMILY,Teen,Role Playing,100000.0,7.99,4.5,15924.0,Paid
2935,Final Fantasy XV: A New Empire,FAMILY,Everyone 10+,Strategy,10000000.0,0.0,4.0,484858.0,Free
2936,Find a Way: Addictive Puzzle,FAMILY,Everyone,Puzzle,500000.0,0.0,4.8,39480.0,Free
2937,Fire Emblem Heroes,FAMILY,Teen,Simulation,5000000.0,0.0,4.6,407694.0,Free
2938,Five Nights at Freddy's 2,FAMILY,Teen,Strategy,500000.0,2.99,4.6,73919.0,Paid
2939,Five Nights at Freddy's 2 Demo,FAMILY,Teen,Strategy,50000000.0,0.0,4.3,1503544.0,Free
2940,Five nights at Minecraft,FAMILY,Everyone,Entertainment,1000000.0,0.0,3.5,9335.0,Free
2941,Five Tries At Love Dating Sim,FAMILY,Teen,Simulation,1000000.0,0.0,4.2,37165.0,Free
2942,FJ 4x4 Cruiser Offroad Driving,FAMILY,Everyone,Simulation,500000.0,0.0,4.1,3543.0,Free
2943,FJ 4x4 Cruiser Snow Driving,FAMILY,Everyone,Simulation,500000.0,0.0,4.2,1619.0,Free
2944,FK Željezničar Izzy,FAMILY,Everyone,Entertainment,1000.0,0.0,4.9,119.0,Free
2945,FL Lottery Results,FAMILY,Teen,Entertainment,50000.0,0.0,4.6,1481.0,Free
2946,FlexBook,FAMILY,Everyone,Education;Education,10000.0,0.0,4.3,104.0,Free
2947,Flight Simulator X 2016 Free,FAMILY,Everyone,Simulation,1000000.0,0.0,3.8,44636.0,Free
2948,Flight Simulator: Fly Plane 3D,FAMILY,Everyone,Simulation,50000000.0,0.0,4.0,660613.0,Free
2949,Flim Af Somali Hindi Fanproj,FAMILY,Everyone,Entertainment,1000.0,0.0,3.9,12.0,Free
2950,Flipped Out! - Powerpuff Girls,FAMILY,Everyone 10+,Action;Action & Adventure,10000.0,2.99,4.4,412.0,Paid
2951,Florida DMV Permit Test -Fl,FAMILY,Everyone,Education,10000.0,0.0,4.3,87.0,Free
2952,Florida Driver License Test,FAMILY,Everyone,Education,5000.0,0.0,4.5,65.0,Free
2953,Florida HSMV Driver License,FAMILY,Everyone,Education,1000.0,0.0,3.9,14.0,Free
2954,Florida Tech Mobile,FAMILY,Everyone,Education,5000.0,0.0,3.8,87.0,Free
2955,Florida Wildflowers,FAMILY,Everyone,Education,1000.0,0.0,5.0,5.0,Free
2956,Flo's CH Boss Timer,FAMILY,Everyone,Role Playing,1000.0,0.0,3.5,163.0,Free
2957,Flow Free,FAMILY,Everyone,Puzzle,100000000.0,0.0,4.3,1295293.0,Free
2958,FML F*ck my life + widget,FAMILY,Everyone,Entertainment,100000.0,0.0,4.2,1415.0,Free
2959,F-O-Meter,FAMILY,Mature 17+,Entertainment,1.0,0.0,,0.0,Free
2960,Food Network,FAMILY,Teen,Entertainment,500000.0,0.0,4.1,7823.0,Free
2961,Foot Surgery Hospital Simulator: ER Doctor Games,FAMILY,Everyone,Casual,100000.0,0.0,3.9,314.0,Free
2962,Foothills CP,FAMILY,Teen,Education,100.0,0.0,5.0,4.0,Free
2963,Formula Cartoon All Stars,FAMILY,Everyone,Racing;Action & Adventure,10000.0,2.99,3.9,1213.0,Paid
2964,Fortune Quest: Savior,FAMILY,Everyone 10+,Role Playing,10000.0,0.0,3.6,135.0,Free
2965,FP BW LCD View,FAMILY,Everyone,Entertainment,500.0,0.0,3.4,16.0,Free
2966,FP Разбитый дисплей,FAMILY,Everyone,Entertainment,50000.0,0.0,4.5,922.0,Free
2967,FP Market,FAMILY,Everyone,Education,1000.0,0.0,,24.0,Free
2968,FP VoiceBot,FAMILY,Mature 17+,Entertainment,100.0,0.99,,17.0,Paid
2969,Fr Agnel Ambarnath,FAMILY,Everyone,Education,5000.0,0.0,4.2,117.0,Free
2970,Fr Agnel Pune,FAMILY,Everyone,Education,1000.0,0.0,4.1,80.0,Free
2971,FR Calculator,FAMILY,Everyone,Education,500.0,0.0,4.0,7.0,Free
2972,Fr Ignacio Outreach,FAMILY,Everyone,Education,1000.0,0.0,4.9,52.0,Free
2973,Fr. Daoud Lamei,FAMILY,Teen,Education,1000.0,0.0,5.0,22.0,Free
2974,Fr. Mike Schmitz Audio Teachings,FAMILY,Everyone,Education,100.0,0.0,5.0,4.0,Free
2975,FR: My Famous Lover,FAMILY,Teen,Entertainment,10000.0,0.0,4.0,185.0,Free
2976,FR: My Secret Pets! ,FAMILY,Teen,Entertainment,50000.0,0.0,4.0,785.0,Free
2977,Free CW TN Videos 2018,FAMILY,Everyone,Entertainment,10.0,0.0,,0.0,Free
2978,Free Florida DMV Test 2018,FAMILY,Everyone,Education,50000.0,0.0,4.1,665.0,Free
2979,Free Fur All – We Bare Bears,FAMILY,Everyone,Arcade;Action & Adventure,10000000.0,0.0,4.2,256916.0,Free
2980,Free games: Masha and the Bear,FAMILY,Everyone,Puzzle;Brain Games,5000000.0,0.0,4.3,34514.0,Free
2981,"Freeform – Stream Full Episodes, Movies, & Live TV",FAMILY,Teen,Entertainment,1000000.0,0.0,3.7,29229.0,Free
2982,French to English Speaking - Apprendre l' Anglais,FAMILY,Everyone,Education,1000000.0,0.0,4.5,4251.0,Free
2983,Frozen Free Fall,FAMILY,Everyone,Puzzle;Action & Adventure,50000000.0,0.0,4.3,1574197.0,Free
2984,Frozen Free Fall,FAMILY,Everyone,Puzzle;Action & Adventure,50000000.0,0.0,4.3,1574204.0,Free
2985,Frozen Free Fall,FAMILY,Everyone,Puzzle;Action & Adventure,50000000.0,0.0,4.3,1574546.0,Free
2986,Fruit Boom,FAMILY,Everyone,Casual;Brain Games,1000000.0,0.0,4.4,17753.0,Free
2987,Fruit Cube Blast,FAMILY,Everyone,Puzzle;Brain Games,500000.0,0.0,4.6,9199.0,Free
2988,F-Sim Space Shuttle,FAMILY,Everyone,Simulation,100000.0,4.99,4.4,5427.0,Paid
2989,Fun Kid Racing,FAMILY,Everyone,Racing;Action & Adventure,10000000.0,0.0,4.0,79667.0,Free
2990,Fun Kid Racing - Motocross,FAMILY,Everyone,Racing;Action & Adventure,10000000.0,0.0,4.1,59729.0,Free
2991,Fun Kid Racing - Motocross,FAMILY,Everyone,Racing;Action & Adventure,10000000.0,0.0,4.1,59768.0,Free
2992,Funny Jokes,FAMILY,Mature 17+,Entertainment,100000.0,0.0,3.9,2505.0,Free
2993,FunnyPixels - Color by number Sandbox,FAMILY,Everyone,Entertainment,100000.0,0.0,4.6,1977.0,Free
2994,Fuzzy Numbers: Pre-K Number Foundation,FAMILY,Everyone,Education;Education,1000.0,5.99,4.7,21.0,Paid
2995,Fuzzy Seasons: Animal Forest,FAMILY,Everyone 10+,Simulation;Pretend Play,100000.0,0.0,4.8,12137.0,Free
2996,"FXNOW: Movies, Shows & Live TV",FAMILY,Teen,Entertainment,1000000.0,0.0,3.9,31552.0,Free
2997,Galaxy at War Online,FAMILY,Everyone 10+,Strategy,1000000.0,0.0,3.9,65119.0,Free
2998,Galaxy Defense,FAMILY,Everyone,Strategy,5000000.0,0.0,4.1,78142.0,Free
2999,Game for KIDS: KIDS match'em,FAMILY,Everyone,Education,1000000.0,0.0,4.4,7006.0,Free
3000,Gangster Town: Vice District,FAMILY,Mature 17+,Simulation,10000000.0,0.0,4.3,65146.0,Free
3001,Garden Fever - Free!,FAMILY,Everyone,Puzzle,1000000.0,0.0,3.9,13253.0,Free
3002,Garden Fruit Legend,FAMILY,Everyone,Casual;Brain Games,500000.0,0.0,4.6,4289.0,Free
3003,GATE CS Engineering 2019 Exam Prep App,FAMILY,Everyone,Education,10000.0,0.0,4.2,162.0,Free
3004,GATE Syllabus for EC 2018 & Notifications,FAMILY,Everyone,Education,1000.0,0.0,4.7,23.0,Free
3005,Gaydorado,FAMILY,Teen,Role Playing,100000.0,0.0,3.9,8419.0,Free
3006,German Listening,FAMILY,Everyone,Education,500000.0,0.0,4.8,18298.0,Free
3007,German Vocabulary Trainer,FAMILY,Everyone,Education,100000.0,0.0,3.3,1218.0,Free
3008,Get Free V-bucks_fortnite Hints,FAMILY,Everyone,Entertainment,5000.0,0.0,4.7,1997.0,Free
3009,GF - BF Chat Stories - Hindi English Convesation,FAMILY,Everyone,Education,10000.0,0.0,4.1,32.0,Free
3010,Ghost Detector,FAMILY,Teen,Entertainment,5000000.0,0.0,3.5,35337.0,Free
3011,Girls Craft: Exploration,FAMILY,Everyone 10+,Simulation,5000000.0,0.0,3.8,130689.0,Free
3012,Glam Doll Salon - Chic Fashion,FAMILY,Everyone,Casual,10000000.0,0.0,4.0,93898.0,Free
3013,Glitter Color By Number - Glitter Number Coloring,FAMILY,Everyone,Entertainment,500000.0,0.0,3.5,1380.0,Free
3014,GO CP Evolution Calculator,FAMILY,Everyone,Entertainment,100.0,0.0,,5.0,Free
3015,go41cx,FAMILY,Everyone,Education,1000.0,10.0,4.8,171.0,Paid
3016,Gods Wars Ex : Vampire,FAMILY,Teen,Role Playing,100000.0,0.0,3.9,1550.0,Free
3017,Gogo Vision (Biz Av),FAMILY,Teen,Entertainment,1000.0,0.0,3.3,11.0,Free
3018,Go-Go-Goat! Free Game,FAMILY,Everyone,Arcade;Action & Adventure,1000000.0,0.0,4.5,66740.0,Free
3019,Going Abroad,FAMILY,Everyone 10+,Educational,50000.0,0.0,3.0,606.0,Free
3020,Gokarting.dk,FAMILY,Everyone,Entertainment,1000.0,0.0,,13.0,Free
3021,Goody.ba,FAMILY,Everyone,Entertainment,10000.0,0.0,4.7,303.0,Free
3022,Google Arts & Culture,FAMILY,Everyone,Education,5000000.0,0.0,3.7,24137.0,Free
3023,Google Play Games,FAMILY,Teen,Entertainment,1000000000.0,0.0,4.3,7168735.0,Free
3024,Grand Theft Auto V: The Manual,FAMILY,Teen,Entertainment,5000000.0,0.0,4.1,182103.0,Free
3025,Grenade Practice for CS:GO,FAMILY,Everyone,Entertainment,10000.0,0.0,4.4,431.0,Free
3026,"Grow Stone Online : 2d pixel RPG, MMORPG game",FAMILY,Everyone,Role Playing,1000000.0,0.0,4.7,84389.0,Free
3027,GT-R R35 Drift Simulator,FAMILY,Everyone,Simulation,100000.0,0.0,4.4,1852.0,Free
3028,Guardian Hunter: SuperBrawlRPG,FAMILY,Everyone 10+,Role Playing,1000000.0,0.0,4.5,364013.0,Free
3029,Guardians of Ancora,FAMILY,Everyone,Educational;Action & Adventure,50000.0,0.0,4.4,969.0,Free
3030,Guide for CS:GO,FAMILY,Everyone,Entertainment,500000.0,0.0,4.4,16459.0,Free
3031,Gun AK 47,FAMILY,Everyone,Entertainment,1000.0,0.0,,3.0,Free
3032,Gun Disassembly 2,FAMILY,Everyone 10+,Entertainment,1000000.0,0.0,4.1,26347.0,Free
3033,Gun Mod: Guns in Minecraft PE,FAMILY,Teen,Entertainment,5000000.0,0.0,3.6,33812.0,Free
3034,Gun Simulator - Gun Games,FAMILY,Teen,Simulation,10000.0,0.0,4.4,134.0,Free
3035,Guns - Shot Sounds,FAMILY,Everyone,Entertainment,10000000.0,0.0,3.8,29544.0,Free
3036,Gunship III Vietnam People AF,FAMILY,Everyone,Simulation,5000.0,4.99,4.3,726.0,Paid
3037,Guns'n'Glory,FAMILY,Everyone 10+,Strategy,5000000.0,0.0,4.4,89947.0,Free
3038,Guns'n'Glory Heroes Premium,FAMILY,Everyone,Strategy,10000.0,2.99,4.3,923.0,Paid
3039,Guns'n'Glory Premium,FAMILY,Everyone 10+,Strategy,100000.0,2.99,4.4,3570.0,Paid
3040,Guns'n'Glory WW2 Premium,FAMILY,Everyone 10+,Strategy,100000.0,2.99,4.5,4656.0,Paid
3041,Guns'n'Glory Zombies Premium,FAMILY,Everyone 10+,Strategy,5000.0,2.99,4.1,313.0,Paid
3042,Gymnastics Superstar - Spin your way to gold!,FAMILY,Everyone,Role Playing,10000000.0,0.0,4.6,305765.0,Free
3043,H TV,FAMILY,Everyone,Entertainment,5000000.0,0.0,4.3,103064.0,Free
3044,Habbo - Virtual World,FAMILY,Teen,Role Playing,5000000.0,0.0,3.8,159398.0,Free
3045,Hactar Go,FAMILY,Everyone,Board;Brain Games,1000.0,2.99,4.8,97.0,Paid
3046,Hadith du jour,FAMILY,Everyone,Education,50000.0,0.0,4.4,276.0,Free
3047,Hair Salon - Fun Games,FAMILY,Teen,Casual,50000000.0,0.0,3.8,484226.0,Free
3048,Hair saloon - Spa salon,FAMILY,Everyone,Casual;Pretend Play,10000000.0,0.0,4.2,38473.0,Free
3049,Hallmark Channel Everywhere,FAMILY,Everyone,Entertainment,500000.0,0.0,4.2,6784.0,Free
3050,Halloween Sandbox Number Coloring- Color By Number,FAMILY,Everyone,Entertainment,100000.0,0.0,4.4,289.0,Free
3051,Hand Doctor Games ER Surgery Simulator,FAMILY,Everyone,Casual,10000.0,0.0,4.1,120.0,Free
3052,Hands 'n Guns Simulator,FAMILY,Teen,Simulation,1000000.0,0.0,3.9,19727.0,Free
3053,Hangman,FAMILY,Everyone,Puzzle,5000000.0,0.0,4.4,23302.0,Free
3054,Happy Fruits Bomb - Cube Blast,FAMILY,Everyone,Casual;Brain Games,500000.0,0.0,4.5,2150.0,Free
3055,Happy Street,FAMILY,Everyone 10+,Casual;Action & Adventure,1000000.0,0.0,4.5,110877.0,Free
3056,Harris J Lyrics,FAMILY,Everyone,Entertainment,1000.0,0.0,4.7,36.0,Free
3057,Hay Day,FAMILY,Everyone,Casual,100000000.0,0.0,4.5,10053186.0,Free
3058,HBO GO: Stream with TV Package,FAMILY,Teen,Entertainment,10000000.0,0.0,3.8,87734.0,Free
3059,HBO NOW: Stream TV & Movies,FAMILY,Teen,Entertainment,10000000.0,0.0,3.9,61230.0,Free
3060,HD Jigsaw Volvo FH Trucks,FAMILY,Teen,Puzzle,500.0,0.0,,2.0,Free
3061,Heart Surgery Doctor - ER Emergency Game,FAMILY,Everyone 10+,Educational,500000.0,0.0,3.9,2510.0,Free
3062,Heart Surgery Emergency Doctor,FAMILY,Teen,Educational,100000.0,0.0,4.1,2248.0,Free
3063,Heavy Bus Simulator,FAMILY,Everyone,Simulation,5000000.0,0.0,4.4,252006.0,Free
3064,Hello English: Learn English,FAMILY,Everyone,Education,10000000.0,0.0,4.6,750321.0,Free
3065,Hello Kitty Lunchbox,FAMILY,Everyone,Casual;Creativity,5000000.0,0.0,4.2,51838.0,Free
3066,Hello Kitty Nail Salon,FAMILY,Everyone,Casual;Pretend Play,50000000.0,0.0,4.2,369378.0,Free
3067,Helper for Clash Royale (All-in-1),FAMILY,Everyone,Entertainment,500000.0,0.0,4.3,6078.0,Free
3068,Henry Danger Crime Warp,FAMILY,Everyone,Action;Action & Adventure,1000000.0,0.0,4.6,9626.0,Free
3069,Heroes of Order & Chaos,FAMILY,Teen,Strategy,10000000.0,0.0,4.2,690148.0,Free
3070,Hey AJ! It's Bedtime!,FAMILY,Everyone,Education,10.0,4.99,5.0,1.0,Paid
3071,Hidden Object Florida Vacation Adventure Fun Game,FAMILY,Everyone,Casual,10000.0,0.0,3.7,126.0,Free
3072,Hidden Objects Treasure Hunt Adventure Games,FAMILY,Everyone,Puzzle,10000.0,0.0,4.3,275.0,Free
3073,High School Simulator 2017,FAMILY,Mature 17+,Simulation,5000000.0,0.0,4.2,123136.0,Free
3074,Hitman GO,FAMILY,Everyone 10+,Puzzle,500000.0,0.99,4.6,84114.0,Paid
3075,Hollywood U: Rising Stars,FAMILY,Teen,Simulation,5000000.0,0.0,4.2,233588.0,Free
3076,Holy Knight EN,FAMILY,Teen,Role Playing,1000000.0,0.0,4.0,26202.0,Free
3077,Home Decoration Game,FAMILY,Everyone,Casual,5000000.0,0.0,4.0,17543.0,Free
3078,Home Pony 2,FAMILY,Everyone,Simulation,1000000.0,0.0,4.0,20977.0,Free
3079,HON. B.J. ACS COLLEGE ALE,FAMILY,Mature 17+,Education,100.0,0.0,5.0,3.0,Free
3080,Hospital ER Emergency Heart Surgery: Doctor Games,FAMILY,Everyone,Simulation,100000.0,0.0,3.8,1652.0,Free
3081,Hot Bhojpuri Video Song 2018 - Free Movies,FAMILY,Mature 17+,Entertainment,100000.0,0.0,4.4,447.0,Free
3082,Hot Bhojpuri Video songs,FAMILY,Teen,Entertainment,5000000.0,0.0,4.1,28892.0,Free
3083,Hot Wheels: Race Off,FAMILY,Everyone,Racing;Action & Adventure,10000000.0,0.0,4.5,520609.0,Free
3084,Hot Wheels: Race Off,FAMILY,Everyone,Racing;Action & Adventure,10000000.0,0.0,4.5,520654.0,Free
3085,How it works: AK-74N,FAMILY,Everyone,Entertainment,100000.0,0.0,4.4,1031.0,Free
3086,How it Works: FN SCAR assault rifle,FAMILY,Everyone,Casual,10000.0,0.0,4.6,44.0,Free
3087,How Old am I?,FAMILY,Everyone,Entertainment,1000000.0,0.0,2.8,4635.0,Free
3088,"Hulu: Stream TV, Movies & more",FAMILY,Teen,Entertainment,10000000.0,0.0,4.0,319777.0,Free
3089,Hungry Hearts Diner: A Tale of Star-Crossed Souls,FAMILY,Everyone 10+,Simulation,500000.0,0.0,4.9,46253.0,Free
3090,I am Dentist - Save my Teeth,FAMILY,Everyone,Casual,100000.0,0.0,4.3,7443.0,Free
3091,I am Nose Doctor -Save my Nose,FAMILY,Everyone,Casual,500000.0,0.0,4.2,3133.0,Free
3092,I AM RICH,FAMILY,Everyone,Entertainment,10000.0,0.0,3.9,1455.0,Free
3093,I Am Rich,FAMILY,Everyone,Entertainment,10000.0,389.99,3.6,217.0,Paid
3094,I am Rich Plus,FAMILY,Everyone,Entertainment,10000.0,399.99,4.0,856.0,Paid
3095,I Am Rich Pro,FAMILY,Everyone,Entertainment,5000.0,399.99,4.4,201.0,Paid
3096,I Am Wizard,FAMILY,Everyone,Strategy,100000.0,0.0,4.2,1493.0,Free
3097,I LOVE PASTA,FAMILY,Everyone,Simulation,1000000.0,0.0,4.0,83875.0,Free
3098,Ice Cream Jump,FAMILY,Everyone,Casual;Action & Adventure,10000000.0,0.0,4.2,141363.0,Free
3099,Ice Crush 10.000 B.C.,FAMILY,Everyone,Casual,100.0,0.99,4.4,31.0,Paid
3100,Idle Heroes,FAMILY,Everyone 10+,Role Playing,10000000.0,0.0,4.7,417197.0,Free
3101,IF YOU TO EU PEGO,FAMILY,Everyone,Entertainment,100.0,1.26,,3.0,Paid
3102,iFunny :),FAMILY,Mature 17+,Entertainment,10000000.0,0.0,4.4,503757.0,Free
3103,Igitabo cy'Indirimbo,FAMILY,Everyone,Entertainment,50000.0,0.0,4.5,93.0,Free
3104,IKORO FH App Rosenheim,FAMILY,Everyone,Education,1000.0,0.0,,22.0,Free
3105,Il Coccodrillo Come Fa,FAMILY,Everyone,Entertainment,1000.0,0.0,3.4,17.0,Free
3106,INFAMY RO,FAMILY,Everyone,Role Playing,50000.0,0.0,4.1,2167.0,Free
3107,Infinity Dungeon VIP,FAMILY,Everyone 10+,Role Playing,1000000.0,0.99,4.3,21804.0,Paid
3108,Inside Out Thought Bubbles,FAMILY,Everyone,Puzzle;Brain Games,10000000.0,0.0,4.4,623398.0,Free
3109,Inside Out Thought Bubbles,FAMILY,Everyone,Puzzle;Brain Games,10000000.0,0.0,4.4,623398.0,Free
3110,Instant Ba-dum-tss,FAMILY,Everyone,Entertainment,1000.0,0.0,4.0,13.0,Free
3111,Instant Buttons: The Best Soundboard,FAMILY,Teen,Entertainment,5000000.0,0.0,4.5,157322.0,Free
3112,Intellijoy Early Learning Academy,FAMILY,Everyone,Education;Education,50000.0,0.0,4.3,160.0,Free
3113,INTERACTIVE CALCULUS FOR MATHS AND PHYSICS,FAMILY,Everyone,Education,1000.0,0.0,4.8,53.0,Free
3114,INTERACTIVE CALCULUS PRO,FAMILY,Everyone,Education,10.0,0.99,,0.0,Paid
3115,Interactive NPC DM Tool,FAMILY,Everyone,Role Playing,50.0,0.99,2.8,5.0,Paid
3116,Invasive Alien Species Europe,FAMILY,Everyone,Education,1000.0,0.0,4.5,13.0,Free
3117,iScore5 AP Psych,FAMILY,Everyone,Educational,100.0,4.99,2.9,10.0,Paid
3118,iTooch Mathématiques CP,FAMILY,Everyone,Education;Education,100000.0,0.0,4.3,1018.0,Free
3119,J. Cole Albums (2007-2017),FAMILY,Mature 17+,Entertainment,1000.0,0.0,4.6,7.0,Free
3120,J.ME Fly,FAMILY,Everyone,Entertainment,1000.0,0.0,3.9,28.0,Free
3121,Jagobd - Bangla TV(Official),FAMILY,Everyone,Entertainment,1000000.0,0.0,4.3,39109.0,Free
3122,Jarvis artificial intelligent,FAMILY,Everyone,Entertainment,10000.0,0.0,3.9,253.0,Free
3123,Je Parle ANGLAIS - Apprendre l’anglais Audio cours,FAMILY,Everyone,Education,100000.0,0.0,4.4,499.0,Free
3124,Jenga® AR,FAMILY,Everyone,Puzzle,10000.0,0.0,2.9,53.0,Free
3125,Jewels Crush- Match 3 Puzzle,FAMILY,Everyone,Casual;Brain Games,1000000.0,0.0,4.4,14774.0,Free
3126,Jigsaw Puzzles Bus Scania BF,FAMILY,Teen,Puzzle,1000.0,0.0,,3.0,Free
3127,Jigsaw Puzzles FN FAL Light Automatic Rifle,FAMILY,Teen,Puzzle,50.0,0.0,,0.0,Free
3128,Jigsaw Puzzles Volvo FH Truck Game,FAMILY,Teen,Puzzle,100.0,0.0,,4.0,Free
3129,Jigsaw Puzzles Volvo FH Trucks,FAMILY,Teen,Puzzle,1000.0,0.0,,3.0,Free
3130,Jigsaw Volvo FH 16 Trucks,FAMILY,Teen,Puzzle,1000.0,0.0,5.0,5.0,Free
3131,J-Novel Club,FAMILY,Teen,Entertainment,10000.0,0.0,3.3,162.0,Free
3132,Job CV Maker & Portfolio Maker,FAMILY,Everyone,Education,100000.0,0.0,4.2,593.0,Free
3133,"Job CV Maker-Portfolio Maker , Resume Maker",FAMILY,Everyone,Education,50000.0,0.0,3.9,139.0,Free
3134,JONACK (D Story Teller),FAMILY,Everyone,Entertainment,10000.0,0.0,4.4,152.0,Free
3135,J-UFO,FAMILY,Everyone,Entertainment,100000.0,0.0,3.5,339.0,Free
3136,Jurassic Life: T Rex Simulator,FAMILY,Everyone 10+,Simulation,10000.0,0.99,4.2,1088.0,Paid
3137,Jurassic World™ Alive,FAMILY,Everyone 10+,Simulation,5000000.0,0.0,4.3,308944.0,Free
3138,"Just a Line - Draw Anywhere, with AR",FAMILY,Everyone,Entertainment,100000.0,0.0,4.1,1152.0,Free
3139,JW Caleb y Sofia,FAMILY,Everyone,Education,500000.0,0.0,4.6,5227.0,Free
3140,K.MOJI,FAMILY,Everyone,Entertainment,500.0,1.99,4.8,16.0,Paid
3141,Kenny e o Cupcake,FAMILY,Everyone,Arcade;Action & Adventure,1.0,0.0,,0.0,Free
3142,Kiddopia - Preschool Learning Games,FAMILY,Everyone,Educational;Education,10000.0,0.0,4.5,64.0,Free
3143,Kids Animals Jigsaw Puzzles 😄,FAMILY,Everyone,Educational;Brain Games,10000000.0,0.0,4.1,51895.0,Free
3144,Kids A-Z,FAMILY,Everyone,Education;Education,1000000.0,0.0,4.2,26426.0,Free
3145,Kids Balloon Pop Game Free 🎈,FAMILY,Everyone,Casual;Music & Video,10000000.0,0.0,4.1,38021.0,Free
3146,Kids Balloon Pop Game Free 🎈,FAMILY,Everyone,Casual;Music & Video,10000000.0,0.0,4.1,38021.0,Free
3147,Kids Corner: Interactive Tales and Games for kids,FAMILY,Everyone,Educational;Brain Games,500000.0,0.0,4.5,6404.0,Free
3148,Kids Doctor ER Emergency Rescue Kids Hospital Game,FAMILY,Everyone,Simulation,100000.0,0.0,3.8,515.0,Free
3149,Kids Educational :All in One,FAMILY,Everyone,Education;Education,500000.0,0.0,4.5,1455.0,Free
3150,Kids Educational Game 3 Free,FAMILY,Everyone,Educational;Education,5000000.0,0.0,4.3,24936.0,Free
3151,Kim Bu Youtuber?,FAMILY,Everyone,Puzzle,1000.0,0.0,,11.0,Free
3152,King Burger Dash,FAMILY,Everyone,Casual,50000.0,0.0,3.6,445.0,Free
3153,King of Avalon: Dragon Warfare,FAMILY,Everyone 10+,Strategy,10000000.0,0.0,4.2,306652.0,Free
3154,King of B.S.,FAMILY,Everyone,Education,100.0,0.0,4.0,4.0,Free
3155,King of Math,FAMILY,Everyone,Education;Education,10000.0,2.99,4.4,766.0,Paid
3156,Kingdom in Chaos,FAMILY,Everyone 10+,Role Playing,100000.0,0.0,4.3,5623.0,Free
3157,Kingdoms at War: Hardcore PVP,FAMILY,Teen,Strategy,1000000.0,0.0,4.3,34898.0,Free
3158,Kiss Me! Lip Kissing Test,FAMILY,Everyone,Entertainment,50000.0,0.0,3.5,191.0,Free
3159,KISW 99.9 FM SEATTLE,FAMILY,Everyone,Entertainment,100000.0,0.0,4.0,1469.0,Free
3160,Knightfall™ AR,FAMILY,Teen,Strategy,10000.0,0.0,4.2,254.0,Free
3161,Knights N Squires,FAMILY,Teen,Role Playing,1000000.0,0.0,4.4,148826.0,Free
3162,Korean English Translator,FAMILY,Everyone,Education,100000.0,0.0,4.4,634.0,Free
3163,K-Otic Universe,FAMILY,Everyone,Puzzle,1000.0,0.0,4.9,55.0,Free
3164,K-pop Music,FAMILY,Everyone,Entertainment,10000.0,0.0,4.0,369.0,Free
3165,Kpop Music Quiz (K-pop Game),FAMILY,Everyone,Casual,100000.0,0.0,4.2,6418.0,Free
3166,KPS CHAUHAN DY/DX,FAMILY,Everyone,Education,100.0,0.0,4.9,37.0,Free
3167,"K-Spapp, the K-Space app",FAMILY,Everyone,Education,1000.0,0.0,4.8,39.0,Free
3168,L.O.L. Surprise Ball Pop,FAMILY,Everyone,Casual;Action & Adventure,1000000.0,0.0,4.3,10088.0,Free
3169,La Poupée du Voyant,FAMILY,Everyone,Entertainment,50000.0,0.0,4.4,265.0,Free
3170,Lanterns: The Harvest Festival,FAMILY,Everyone,Board;Brain Games,1000.0,4.99,4.7,185.0,Paid
3171,Last Empire - War Z: Strategy,FAMILY,Teen,Strategy,50000000.0,0.0,4.2,853495.0,Free
3172,Latest DP and Status Pro 2018,FAMILY,Everyone,Entertainment,1000.0,0.0,4.7,19.0,Free
3173,Learn alif ba ta,FAMILY,Everyone,Educational;Education,10000.0,0.0,4.8,23.0,Free
3174,Learn Artificial Intelligence,FAMILY,Everyone,Education,10000.0,0.0,4.6,27.0,Free
3175,Learn Basic C - For Beginners,FAMILY,Everyone,Education,5000.0,0.0,4.7,27.0,Free
3176,Learn Body Parts in English,FAMILY,Everyone,Education,1000000.0,0.0,4.0,7243.0,Free
3177,Learn Bulgarian Free,FAMILY,Everyone,Education,50000.0,0.0,4.7,3049.0,Free
3178,Learn C [NEW],FAMILY,Everyone,Education,50000.0,0.0,4.5,349.0,Free
3179,learn c in hindi,FAMILY,Everyone,Education,5000.0,0.0,4.3,109.0,Free
3180,Learn C Programming (Examples) (OFFLINE),FAMILY,Everyone,Education,10000.0,0.0,4.3,43.0,Free
3181,Learn C# - .Net - C Sharp Programming Tutorial App,FAMILY,Everyone,Education,100000.0,0.0,4.0,1320.0,Free
3182,Learn C++,FAMILY,Everyone,Education,1000000.0,0.0,4.6,73404.0,Free
3183,Learn CW,FAMILY,Everyone,Education,1.0,2.49,,0.0,Paid
3184,Learn DS [BETA],FAMILY,Everyone,Education,500.0,0.0,4.3,9.0,Free
3185,Learn English Daily,FAMILY,Everyone,Education,500000.0,0.0,4.5,7881.0,Free
3186,"Learn English Vocabulary - 6,000 Words",FAMILY,Everyone,Education,10000000.0,0.0,4.5,205914.0,Free
3187,Learn English with El Chavo.,FAMILY,Everyone,Education,100000.0,0.0,4.2,6133.0,Free
3188,Learn German: Die Bienenretter,FAMILY,Everyone,Educational;Education,5000.0,0.0,4.0,25.0,Free
3189,Learn Italian with MosaLingua,FAMILY,Teen,Education,50000.0,4.99,4.7,1719.0,Paid
3190,Learn Math with el Chavo,FAMILY,Everyone,Education,100000.0,0.0,4.2,840.0,Free
3191,Learn Music Notes,FAMILY,Everyone,Music;Music & Video,1000.0,1.99,4.7,143.0,Paid
3192,Learn Quran with Elif Ba,FAMILY,Everyone,Education,100.0,1.49,,3.0,Paid
3193,Learn R - Programming Concepts,FAMILY,Everyone,Education,1000.0,0.0,3.5,6.0,Free
3194,Learn R Language Easy Way,FAMILY,Everyone,Education,10000.0,0.0,4.1,17.0,Free
3195,Learn R Programming Free EBook,FAMILY,Everyone,Education,50.0,0.0,,1.0,Free
3196,Learn to code with el Chavo,FAMILY,Everyone,Educational,1000000.0,0.0,3.9,5933.0,Free
3197,Learn To Draw Glow Flower,FAMILY,Everyone,Entertainment;Education,1000000.0,0.0,4.4,7320.0,Free
3198,Learn To Draw Glow Princess,FAMILY,Everyone,Casual;Pretend Play,1000000.0,0.0,4.5,3323.0,Free
3199,Learn to Read with Tommy Turtle,FAMILY,Everyone,Educational;Education,5000000.0,0.0,4.0,20763.0,Free
3200,Learn Top 300 English Words,FAMILY,Everyone,Education,1000000.0,0.0,4.7,61600.0,Free
3201,Learners Test Free: AU Driver Knowledge Test (DKT),FAMILY,Everyone,Education,100000.0,0.0,3.9,623.0,Free
3202,Left vs Right: Brain Training,FAMILY,Everyone,Educational,5000000.0,0.0,4.5,75719.0,Free
3203,Legion of Heroes,FAMILY,Everyone 10+,Role Playing,1000000.0,0.0,4.3,143087.0,Free
3204,LEGO ® Batman: Beyond Gotham,FAMILY,Everyone 10+,Adventure;Action & Adventure,100000.0,4.99,4.1,10758.0,Paid
3205,LEGO Batman: DC Super Heroes,FAMILY,Everyone 10+,Adventure;Action & Adventure,50000.0,4.99,4.2,2557.0,Paid
3206,LEGO® DC Mighty Micros,FAMILY,Everyone,Racing;Action & Adventure,10000000.0,0.0,4.3,139545.0,Free
3207,LEGO® Friends,FAMILY,Everyone,Casual;Pretend Play,10000.0,4.99,4.4,854.0,Paid
3208,LEGO® Friends: Heartlake Rush,FAMILY,Everyone,Arcade;Pretend Play,1000000.0,0.0,4.5,23671.0,Free
3209,LEGO® Juniors Create & Cruise,FAMILY,Everyone,Educational;Action & Adventure,50000000.0,0.0,4.1,673203.0,Free
3210,LEGO® Juniors Create & Cruise,FAMILY,Everyone,Educational;Action & Adventure,50000000.0,0.0,4.1,672089.0,Free
3211,LEGO® TV,FAMILY,Everyone 10+,Entertainment;Music & Video,1000000.0,0.0,3.7,17250.0,Free
3212,Leo and Tig,FAMILY,Everyone,Adventure;Action & Adventure,1000000.0,0.0,4.5,47644.0,Free
3213,Let us C - Example Programs,FAMILY,Everyone,Education,5000.0,0.0,4.3,36.0,Free
3214,Let's Learn Alif Ba Ta,FAMILY,Everyone,Education,10000.0,0.0,4.6,32.0,Free
3215,Lettre de motivation et CV,FAMILY,Everyone,Education,100000.0,0.0,4.3,979.0,Free
3216,Lettre et demande d'emploi,FAMILY,Everyone,Education,100000.0,0.0,4.6,302.0,Free
3217,Lie Detector,FAMILY,Everyone,Simulation,50000.0,0.0,3.1,306.0,Free
3218,Lie Detector Prank,FAMILY,Everyone,Casual,10000000.0,0.0,3.9,80313.0,Free
3219,Lie Detector Test Prank,FAMILY,Everyone,Entertainment,10000000.0,0.0,4.4,222308.0,Free
3220,Lifeguard Beach Rescue ER Emergency Hospital Games,FAMILY,Everyone,Simulation,100000.0,0.0,3.9,519.0,Free
3221,Like A Boss,FAMILY,Everyone 10+,Role Playing,500000.0,0.0,4.4,17069.0,Free
3222,Lily & Leo - Crazy Circus Day,FAMILY,Everyone,Casual;Pretend Play,1000000.0,0.0,3.6,8091.0,Free
3223,LINE I Love Coffee,FAMILY,Everyone,Simulation,5000000.0,0.0,4.0,250257.0,Free
3224,Lire avec Sami et Julie,FAMILY,Everyone,Educational;Education,100000.0,0.0,3.6,569.0,Free
3225,Little Big City 2,FAMILY,Everyone,Casual,10000000.0,0.0,4.4,344383.0,Free
3226,Little Eye Surgery Simulator - ER Doctor Game,FAMILY,Teen,Casual,1000.0,0.0,4.4,12.0,Free
3227,Little Fire Station,FAMILY,Everyone,Education;Action & Adventure,1000000.0,0.0,4.2,3762.0,Free
3228,Little Lovely Dentist,FAMILY,Everyone,Casual,1000000.0,0.0,4.2,17786.0,Free
3229,Little Panda Run,FAMILY,Everyone,Educational;Action & Adventure,1000000.0,0.0,4.2,3235.0,Free
3230,Little Pets Animal Guardians,FAMILY,Everyone,Casual;Pretend Play,100000.0,0.0,4.6,18893.0,Free
3231,Live Radio BD,FAMILY,Everyone,Entertainment,10000.0,0.0,4.2,69.0,Free
3232,Loteria BR,FAMILY,Everyone,Entertainment,50.0,0.0,,0.0,Free
3233,Lottery Driver- Florida Result,FAMILY,Teen,Entertainment,5000.0,0.0,4.4,70.0,Free
3234,Lottery Results: Florida,FAMILY,Teen,Entertainment,100000.0,0.0,4.2,582.0,Free
3235,Louis CK,FAMILY,Mature 17+,Entertainment,10000.0,0.0,4.7,244.0,Free
3236,Love Balls,FAMILY,Everyone,Puzzle,50000000.0,0.0,4.2,357049.0,Free
3237,Love Signal: D-Mate,FAMILY,Everyone,Simulation,50000.0,0.0,4.3,1895.0,Free
3238,Loved by King Bs,FAMILY,Everyone,Simulation,100000.0,0.0,4.6,5546.0,Free
3239,Ludo Family Dice Game,FAMILY,Everyone,Board;Brain Games,500000.0,0.0,4.2,3593.0,Free
3240,Lux Home Decorating Room Games,FAMILY,Everyone,Casual,100000.0,0.0,4.0,1518.0,Free
3241,Luxury Car Simulator,FAMILY,Everyone,Simulation,1000000.0,0.0,3.9,35989.0,Free
3242,Lyrics of Ek Paheli Leela,FAMILY,Everyone,Entertainment,500.0,0.0,5.0,4.0,Free
3243,Mad Libs,FAMILY,Everyone,Entertainment;Brain Games,1000000.0,0.0,4.0,8126.0,Free
3244,Madagascar Surf n' Slides Free,FAMILY,Everyone,Educational;Education,5000000.0,0.0,3.8,48929.0,Free
3245,Madden NFL Football,FAMILY,Everyone,Sports;Action & Adventure,10000000.0,0.0,4.5,1455952.0,Free
3246,MadLipz,FAMILY,Teen,Entertainment,10000000.0,0.0,4.6,171017.0,Free
3247,Magana Jari ce Littafi Na Uku : Part 3 of 3,FAMILY,Everyone,Education,5000.0,0.0,4.8,65.0,Free
3248,MagiMobile – Mighty Magiswords,FAMILY,Everyone,Entertainment;Action & Adventure,5000000.0,0.0,4.2,120035.0,Free
3249,Maher EL Mouaikly - Offline,FAMILY,Everyone,Entertainment,10000.0,0.0,4.6,166.0,Free
3250,Mahila Vashikaran(Ek rat me)-Hindi,FAMILY,Everyone,Entertainment,1000.0,0.0,,0.0,Free
3251,Mahjong,FAMILY,Everyone,Puzzle;Brain Games,5000000.0,0.0,4.5,33983.0,Free
3252,Make a burger king,FAMILY,Everyone,Casual,10000.0,0.0,3.8,125.0,Free
3253,Maleficent Free Fall,FAMILY,Everyone,Puzzle,10000000.0,0.0,4.4,450013.0,Free
3254,MapleStory M,FAMILY,Everyone 10+,Role Playing,1000000.0,0.0,3.5,31538.0,Free
3255,"Marathi DP - status and message,jokes,Video app",FAMILY,Everyone,Entertainment,100000.0,0.0,4.3,694.0,Free
3256,Marked by King Bs,FAMILY,Teen,Simulation,500000.0,0.0,4.6,70335.0,Free
3257,MARVEL Future Fight,FAMILY,Everyone 10+,Role Playing,50000000.0,0.0,4.6,2354042.0,Free
3258,MARVEL Strike Force,FAMILY,Teen,Role Playing,5000000.0,0.0,4.3,166312.0,Free
3259,Masha and Bear: Cooking Dash,FAMILY,Everyone,Role Playing;Brain Games,10000000.0,0.0,4.3,151374.0,Free
3260,Masha and The Bear,FAMILY,Everyone,Video Players & Editors;Music & Video,5000000.0,0.0,4.0,39779.0,Free
3261,Masha and the Bear,FAMILY,Everyone,Education,1000000.0,0.0,4.4,15105.0,Free
3262,Masha and the Bear - Hair Salon and MakeUp Games,FAMILY,Everyone,Role Playing;Education,100.0,2.49,,1.0,Paid
3263,Masha and the Bear Child Games,FAMILY,Everyone,Adventure;Education,10000000.0,0.0,4.1,288523.0,Free
3264,Masha and the Bear Child Games,FAMILY,Everyone,Adventure;Education,10000000.0,0.0,4.1,288606.0,Free
3265,Masha and the Bear- House Cleaning Games for Girls,FAMILY,Everyone,Educational;Pretend Play,100.0,1.99,,0.0,Paid
3266,Masha and The Bear Jam Day Match 3 games for kids,FAMILY,Everyone,Puzzle;Brain Games,1000000.0,0.0,4.6,50060.0,Free
3267,Masha and The Bear Puzzle Game,FAMILY,Everyone,Puzzle;Brain Games,1000000.0,0.0,4.3,13330.0,Free
3268,Masha and the Bear. Educational Games,FAMILY,Everyone,Educational;Brain Games,10000000.0,0.0,4.5,46369.0,Free
3269,Masha and the Bear. Games for kids,FAMILY,Everyone,Educational;Pretend Play,1000000.0,0.0,4.6,6231.0,Free
3270,Masha and the Bear: Climb Racing and Car Games,FAMILY,Everyone,Racing;Pretend Play,1000000.0,0.0,4.5,2200.0,Free
3271,Masha and the Bear: Evolution,FAMILY,Everyone,Strategy;Education,500000.0,0.0,4.5,2062.0,Free
3272,Masha and the Bear: Good Night!,FAMILY,Everyone,Educational;Pretend Play,1000000.0,0.0,4.6,29155.0,Free
3273,Masha and the Bear: House Cleaning Games for Girls,FAMILY,Everyone,Role Playing;Pretend Play,10000000.0,0.0,4.5,43852.0,Free
3274,Master E.K,FAMILY,Everyone,Education,1000.0,0.0,5.0,90.0,Free
3275,Masterchef Cooking Games: Fun Restaurant & Kitchen,FAMILY,Everyone,Casual,100000.0,0.0,3.9,1036.0,Free
3276,Math games for kids : times tables - AB Math,FAMILY,Everyone,Educational;Education,500000.0,0.0,3.9,2371.0,Free
3277,Math games for kids : times tables training,FAMILY,Everyone,Educational;Education,10000.0,1.59,4.5,630.0,Paid
3278,Math Games for Pre-K - Grade 4,FAMILY,Everyone,Education;Education,1000.0,1.99,4.6,28.0,Paid
3279,"Math Quiz Free: Grades K,1,2,3",FAMILY,Everyone,Education;Education,10000.0,0.0,4.3,159.0,Free
3280,Math Solver,FAMILY,Everyone,Education,100000.0,0.0,4.3,2250.0,Free
3281,MCQ CE IT,FAMILY,Everyone,Education,1000.0,0.0,5.0,22.0,Free
3282,Mcqueen Coloring pages,FAMILY,Everyone,Art & Design;Action & Adventure,100000.0,0.0,,65.0,Free
3283,MCRAFT AR - EDITOR,FAMILY,Everyone,Simulation,5000.0,0.0,3.4,131.0,Free
3284,Mediabox CY,FAMILY,Everyone,Entertainment,10.0,0.0,,0.0,Free
3285,Me-eh,FAMILY,Everyone,Puzzle,100.0,0.0,,13.0,Free
3286,MegaN64 (N64 Emulator),FAMILY,Everyone,Casual,10000000.0,0.0,4.6,877576.0,Free
3287,Megatramp - a Story of Success!,FAMILY,Teen,Simulation,5000000.0,0.0,4.3,322976.0,Free
3288,Mehmet Emin Ay İlahileri,FAMILY,Everyone,Entertainment,10.0,0.0,,0.0,Free
3289,Meme Generator Free,FAMILY,Mature 17+,Entertainment,10000000.0,0.0,4.4,303394.0,Free
3290,Mermaid Princess Pre K Games,FAMILY,Everyone,Educational;Education,5000.0,0.0,,19.0,Free
3291,Meslek Lisesi YGS Ek Puan,FAMILY,Everyone,Education,1000.0,0.0,,11.0,Free
3292,Messenger Kids – Safer Messaging and Video Chat,FAMILY,Everyone,Communication;Creativity,500000.0,0.0,4.2,3478.0,Free
3293,meStudying: AP English Lit,FAMILY,Everyone,Education,10.0,4.99,5.0,1.0,Paid
3294,Michael's AG Sound Board,FAMILY,Everyone,Entertainment,1.0,0.99,,0.0,Paid
3295,Micro Fi,FAMILY,Everyone,Education,5000.0,0.0,3.7,39.0,Free
3296,Millionaire Quiz Free: Be Rich,FAMILY,Everyone,Casual,10000000.0,0.0,3.8,66033.0,Free
3297,Mind Games Pro,FAMILY,Everyone,Puzzle;Brain Games,100000.0,2.99,4.6,15301.0,Paid
3298,Minecraft,FAMILY,Everyone 10+,Arcade;Action & Adventure,10000000.0,6.99,4.5,2376564.0,Paid
3299,Minecraft,FAMILY,Everyone 10+,Arcade;Action & Adventure,10000000.0,6.99,4.5,2375336.0,Paid
3300,Minion Rush: Despicable Me Official Game,FAMILY,Everyone 10+,Casual;Action & Adventure,100000000.0,0.0,4.5,10216997.0,Free
3301,Minion Rush: Despicable Me Official Game,FAMILY,Everyone 10+,Casual;Action & Adventure,100000000.0,0.0,4.5,10216997.0,Free
3302,Minion Rush: Despicable Me Official Game,FAMILY,Everyone 10+,Casual;Action & Adventure,100000000.0,0.0,4.5,10214862.0,Free
3303,MJX H,FAMILY,Everyone,Entertainment,10000.0,0.0,3.7,126.0,Free
3304,MLP Colouring Adventures,FAMILY,Everyone,Entertainment,1000000.0,0.0,3.8,7379.0,Free
3305,Moana Island Life,FAMILY,Everyone,Simulation;Action & Adventure,1000000.0,0.0,4.1,15246.0,Free
3306,Mobile C [ C/C++ Compiler ],FAMILY,Everyone,Education,100000.0,0.0,4.3,4624.0,Free
3307,Mobile Strike,FAMILY,Everyone 10+,Strategy,50000000.0,0.0,3.9,903392.0,Free
3308,Mod GTA V for MCPE,FAMILY,Everyone,Entertainment,500000.0,0.0,3.3,4288.0,Free
3309,Modern Counter 3: FPS Multiplayers battlegro 3,FAMILY,Everyone,Strategy,1000.0,0.0,4.1,17.0,Free
3310,Mom Doctor ER Emergency Family Game,FAMILY,Everyone,Educational,10000.0,0.0,3.5,173.0,Free
3311,Monica Toy TV,FAMILY,Everyone 10+,Entertainment;Music & Video,500000.0,0.0,4.7,6188.0,Free
3312,Monster High™,FAMILY,Everyone,Casual;Pretend Play,5000000.0,0.0,4.1,66661.0,Free
3313,Monster High™,FAMILY,Everyone,Casual;Pretend Play,5000000.0,0.0,4.1,66660.0,Free
3314,Monster High™ Minis Mania,FAMILY,Everyone,Strategy;Action & Adventure,1000000.0,0.0,4.6,19170.0,Free
3315,Monster Park AR - Jurassic Dinosaurs in Real World,FAMILY,Everyone,Entertainment,10000.0,0.0,3.7,128.0,Free
3316,Monster Truck Driver & Racing,FAMILY,Everyone,Education;Action & Adventure,1000000.0,0.0,4.4,765.0,Free
3317,Montessori Preschool,FAMILY,Everyone,Education;Education,100000.0,0.0,3.9,237.0,Free
3318,Morse Player,FAMILY,Everyone,Education,100.0,1.99,5.0,12.0,Paid
3319,Morse Player Free,FAMILY,Everyone,Education,50000.0,0.0,4.2,268.0,Free
3320,Mosaic puzzles,FAMILY,Everyone,Puzzle;Brain Games,500000.0,0.0,4.4,1595.0,Free
3321,most expensive app (H),FAMILY,Everyone,Entertainment,100.0,399.99,4.3,6.0,Paid
3322,Motocross Beach Jumping 3D,FAMILY,Teen,Simulation,10000000.0,0.0,4.0,105954.0,Free
3323,Motocross Fun Simulator,FAMILY,Everyone,Simulation,1000000.0,0.0,3.8,22570.0,Free
3324,Movie DB,FAMILY,Teen,Entertainment,1000.0,0.0,,10.0,Free
3325,Multi Surgery ER Emergency Hospital : Doctor Game,FAMILY,Teen,Educational,10000.0,0.0,4.1,227.0,Free
3326,Multi Surgery Hospital Pro: Virtual Doctor ER Game,FAMILY,Teen,Casual,1000.0,0.0,4.2,23.0,Free
3327,music (CG),FAMILY,Everyone,Entertainment,50.0,0.0,,0.0,Free
3328,My Android Device S/W & H/W,FAMILY,Everyone,Education,50000.0,0.0,4.5,681.0,Free
3329,My baby firework (Remove ad),FAMILY,Everyone,Entertainment,1000.0,0.99,4.1,30.0,Paid
3330,My Boo - Your Virtual Pet Game,FAMILY,Everyone,Casual,10000000.0,0.0,4.4,899748.0,Free
3331,My EF,FAMILY,Everyone,Education,100000.0,0.0,3.3,4114.0,Free
3332,My EF Center,FAMILY,Everyone,Education,10000.0,0.0,2.8,89.0,Free
3333,My Emma :),FAMILY,Everyone,Casual,10000000.0,0.0,4.1,245839.0,Free
3334,My EU,FAMILY,Everyone,Education,100.0,0.0,3.8,4.0,Free
3335,My Ex Girlfriend Comes Back,FAMILY,Everyone,Casual,500000.0,0.0,3.7,3258.0,Free
3336,"My Handbook : EE, EC, EI, E&T, EEE, EECS",FAMILY,Everyone,Education,100000.0,0.0,4.5,3776.0,Free
3337,My Horse,FAMILY,Everyone,Casual,10000000.0,0.0,4.5,1333338.0,Free
3338,My Little Pony Celebration,FAMILY,Everyone,Simulation;Pretend Play,1000000.0,0.0,4.3,63160.0,Free
3339,My Little Pony Celebration,FAMILY,Everyone,Simulation;Pretend Play,1000000.0,0.0,4.3,63192.0,Free
3340,My Little Pony Rainbow Runners,FAMILY,Everyone,Casual;Action & Adventure,5000000.0,0.0,4.3,33785.0,Free
3341,My Little Pony: Harmony Quest,FAMILY,Everyone,Casual;Action & Adventure,10000000.0,0.0,4.1,148295.0,Free
3342,My Little Pony: Harmony Quest,FAMILY,Everyone,Casual;Action & Adventure,10000000.0,0.0,4.1,148405.0,Free
3343,MY LITTLE PONY: Magic Princess,FAMILY,Everyone,Casual,50000000.0,0.0,4.4,1309728.0,Free
3344,My Little Pony: Story Creator,FAMILY,Everyone,Education;Action & Adventure,1000000.0,0.0,4.2,11002.0,Free
3345,My Little Princess : Stores,FAMILY,Everyone,Educational;Pretend Play,5000.0,2.99,4.3,169.0,Paid
3346,My Little Work – Garage,FAMILY,Everyone,Casual;Education,10000.0,3.99,4.3,560.0,Paid
3347,My Nexus for CS:S & CS:GO,FAMILY,Teen,Entertainment,50000.0,0.0,3.6,783.0,Free
3348,My Oasis - Calming and Relaxing Idle Clicker Game,FAMILY,Everyone,Simulation;Action & Adventure,1000000.0,0.0,4.6,106750.0,Free
3349,My Talking Angela,FAMILY,Everyone,Casual,100000000.0,0.0,4.5,9876369.0,Free
3350,My Talking Tom,FAMILY,Everyone,Casual,500000000.0,0.0,4.5,14885236.0,Free
3351,My Tamagotchi Forever,FAMILY,Everyone,Casual,1000000.0,0.0,4.3,28735.0,Free
3352,My Teacher - Classroom Play,FAMILY,Everyone,Role Playing;Pretend Play,10000000.0,0.0,4.0,155276.0,Free
3353,My Theme Park: RollerCoaster & Water Park Tycoon,FAMILY,Everyone 10+,Strategy,10000.0,0.0,4.2,128.0,Free
3354,My Virtual Boyfriend,FAMILY,Teen,Casual,1000.0,0.99,4.3,105.0,Paid
3355,My Wild Pet: Online Animal Sim,FAMILY,Everyone,Casual;Pretend Play,500000.0,0.0,4.5,26916.0,Free
3356,Myth Defense 2: DF,FAMILY,Everyone,Strategy,100000.0,0.0,4.2,17108.0,Free
3357,Myth Defense 2: DF Platinum,FAMILY,Everyone 10+,Strategy,10000.0,3.99,4.6,1764.0,Paid
3358,Nancy Drew Codes and Clues,FAMILY,Everyone,Educational;Education,10000.0,0.0,4.1,154.0,Free
3359,Narcos: Cartel Wars,FAMILY,Teen,Strategy,5000000.0,0.0,4.7,244797.0,Free
3360,Nasihat - Chalo ae Pyaara,FAMILY,Everyone,Education,10000.0,0.0,4.7,557.0,Free
3361,Nasty Goats,FAMILY,Everyone,Arcade;Action & Adventure,1000000.0,0.0,4.3,45579.0,Free
3362,NBA JAM by EA SPORTS™,FAMILY,Everyone,Sports;Action & Adventure,500000.0,4.99,4.3,56444.0,Paid
3363,N-Back,FAMILY,Everyone,Puzzle,10000.0,0.0,4.1,413.0,Free
3364,Netflix,FAMILY,Teen,Entertainment,100000000.0,0.0,4.4,5453997.0,Free
3365,New: CL-150,FAMILY,Everyone,Education,500.0,0.0,2.8,4.0,Free
3366,Next Island: Dino Village,FAMILY,Everyone 10+,Casual,1000.0,0.0,3.9,29.0,Free
3367,Nick,FAMILY,Everyone 10+,Entertainment;Music & Video,10000000.0,0.0,4.2,123322.0,Free
3368,Nick,FAMILY,Everyone 10+,Entertainment;Music & Video,10000000.0,0.0,4.2,123309.0,Free
3369,Nights at Cube Pizzeria 3D – 3,FAMILY,Teen,Simulation,1000000.0,0.0,4.0,15875.0,Free
3370,Nighty Night Circus,FAMILY,Everyone,Education;Action & Adventure,10000.0,2.99,4.3,382.0,Paid
3371,Nighty Night Circus,FAMILY,Everyone,Education;Action & Adventure,10000.0,2.99,4.3,382.0,Paid
3372,Ninja Dash - Ronin Jump RPG,FAMILY,Everyone 10+,Arcade;Action & Adventure,500000.0,0.0,4.7,8508.0,Free
3373,Ninja FN Button,FAMILY,Teen,Entertainment,1000.0,0.0,4.8,12.0,Free
3374,Ninja Turtles: Legends,FAMILY,Teen,Role Playing,10000000.0,0.0,4.3,344283.0,Free
3375,No Pimple - Fun games,FAMILY,Teen,Casual,5000000.0,0.0,3.3,24091.0,Free
3376,"No. Color - Color by Number, Number Coloring",FAMILY,Everyone,Entertainment;Brain Games,10000000.0,0.0,4.8,269194.0,Free
3377,No.Color – Color by Number,FAMILY,Everyone,Casual;Creativity,5000000.0,0.0,4.4,23474.0,Free
3378,No.Diamond – Colors by Number,FAMILY,Everyone,Entertainment;Creativity,1000000.0,0.0,4.6,9016.0,Free
3379,No.Draw - Colors by Number 2018,FAMILY,Everyone,Entertainment;Brain Games,10000000.0,0.0,4.5,235906.0,Free
3380,Noot-Noot-er!,FAMILY,Everyone,Entertainment,5000.0,0.0,4.5,74.0,Free
3381,Norwegian For Kids & Babies F,FAMILY,Everyone,Education,5.0,39.99,,0.0,Paid
3382,Nose Doctor X: Booger Mania,FAMILY,Everyone,Casual;Pretend Play,5000000.0,0.0,3.2,37584.0,Free
3383,Nose Surgery ER Simulator Lite,FAMILY,Teen,Educational,50000.0,0.0,3.1,269.0,Free
3384,Nuke Em All,FAMILY,Mature 17+,Casual,500000.0,0.0,3.4,2714.0,Free
3385,Number Counting games for toddler preschool kids,FAMILY,Everyone,Educational;Education,1000000.0,0.0,4.3,1024.0,Free
3386,الفاتحون Conquerors,FAMILY,Teen,Strategy,5000000.0,0.0,4.5,108130.0,Free
3387,Office Bike Racing Simulator,FAMILY,Everyone,Simulation,1000000.0,0.0,3.8,21149.0,Free
3388,Offroad 4x4 Car Driving,FAMILY,Everyone,Simulation,1000000.0,0.0,4.3,26224.0,Free
3389,Offroad Car G,FAMILY,Everyone,Simulation,5000000.0,0.0,4.3,64884.0,Free
3390,Offroad Car H,FAMILY,Everyone,Simulation,100000.0,0.0,4.2,1960.0,Free
3391,Offroad Car Q,FAMILY,Everyone,Simulation,1000000.0,0.0,4.1,24668.0,Free
3392,Offroad Cruiser,FAMILY,Everyone,Simulation,1000000.0,0.0,4.3,42432.0,Free
3393,Offroad G-Class 2018,FAMILY,Everyone,Simulation,500000.0,0.0,4.4,7715.0,Free
3394,Offroad Pickup Truck F,FAMILY,Everyone,Simulation,500000.0,0.0,4.3,4551.0,Free
3395,Offroad Pickup Truck R,FAMILY,Everyone,Simulation,1000000.0,0.0,4.4,6367.0,Free
3396,Offroad Pickup Truck S,FAMILY,Everyone,Simulation,1000000.0,0.0,4.2,5178.0,Free
3397,Offroad Police Car DE,FAMILY,Everyone,Simulation,1000000.0,0.0,4.3,9149.0,Free
3398,OFF-ROAD SIMULATOR 4x4 : REAL,FAMILY,Everyone,Simulation,10000.0,0.0,4.2,109.0,Free
3399,OffRoad US Army Train Driving Simulator,FAMILY,Everyone 10+,Simulation,500000.0,0.0,4.3,1216.0,Free
3400,Ohio State Fair 4-H,FAMILY,Everyone,Entertainment,1000.0,0.0,3.0,4.0,Free
3401,OK K.O.! Lakewood Plaza Turbo,FAMILY,Everyone 10+,Action;Action & Adventure,1000000.0,0.0,4.5,76608.0,Free
3402,Old: CL-150,FAMILY,Everyone,Education,10000.0,0.0,3.8,120.0,Free
3403,O-Level Past Papers & Solution (up to 2017),FAMILY,Everyone,Education,100000.0,0.0,3.8,589.0,Free
3404,OMG Gross Zit - Date Nightmare,FAMILY,Everyone,Casual,10000000.0,0.0,3.7,70105.0,Free
3405,ONEC DZ,FAMILY,Everyone,Education,1000.0,0.0,,40.0,Free
3406,Open Heart Surgery Hospital ER: Crazy Doctor Sim,FAMILY,Teen,Casual,1000.0,0.0,4.7,7.0,Free
3407,Operate Now: Hospital,FAMILY,Teen,Simulation,10000000.0,0.0,4.3,254861.0,Free
3408,Orbita AI — Exciting mobile puzzles & riddles,FAMILY,Everyone,Puzzle,1000000.0,0.0,4.6,116973.0,Free
3409,Order & Chaos 2: 3D MMO RPG,FAMILY,Teen,Role Playing,10000000.0,0.0,4.1,242722.0,Free
3410,OST),FAMILY,Everyone,Entertainment,500000.0,0.0,3.7,4444.0,Free
3411,OTOME of Ikemen cafe,FAMILY,Teen,Simulation,50000.0,0.0,4.5,1318.0,Free
3412,"OurHome – chores, rewards, groceries and calendar",FAMILY,Everyone,Lifestyle;Education,100000.0,0.0,4.3,3146.0,Free
3413,Out There Chronicles - Ep. 1,FAMILY,Everyone,Role Playing,50000.0,2.99,4.4,1516.0,Paid
3414,Out There Chronicles - Ep. 2,FAMILY,Teen,Role Playing,1000.0,2.99,4.5,144.0,Paid
3415,OWLIE BOO,FAMILY,Everyone,Puzzle;Education,100000.0,0.0,4.6,834.0,Free
3416,P Icon Pack,FAMILY,Everyone,Entertainment,10.0,0.99,,0.0,Paid
3417,På sporet ABC (BM),FAMILY,Everyone,Educational,1000.0,0.0,,2.0,Free
3418,PAC-MAN Pop,FAMILY,Everyone,Puzzle;Action & Adventure,5000000.0,0.0,4.3,24877.0,Free
3419,Paint By Number,FAMILY,Everyone,Casual,500000.0,0.0,3.5,807.0,Free
3420,Paint Space AR,FAMILY,Everyone,Entertainment,1000.0,0.0,3.0,17.0,Free
3421,Painting By Numbers,FAMILY,Everyone,Puzzle;Brain Games,50000.0,0.0,4.1,213.0,Free
3422,Palace Pets in Whisker Haven,FAMILY,Everyone,Entertainment;Pretend Play,5000000.0,0.0,4.1,47213.0,Free
3423,Papumba Academy - Fun Learning For Kids,FAMILY,Everyone,Education;Education,100000.0,0.0,4.4,496.0,Free
3424,Papumba Academy - Fun Learning For Kids,FAMILY,Everyone,Education;Education,100000.0,0.0,4.4,496.0,Free
3425,Papumba Academy - Fun Learning For Kids,FAMILY,Everyone,Education;Education,100000.0,0.0,4.4,496.0,Free
3426,Park Limousine: Realistic Limo Parking Simulator,FAMILY,Everyone,Simulation,1000.0,0.0,4.8,4.0,Free
3427,Paw Patrol by ShuffleCards,FAMILY,Everyone,Entertainment;Action & Adventure,1000000.0,0.0,4.3,3484.0,Free
3428,PBS KIDS Games,FAMILY,Everyone,Educational;Education,1000000.0,0.0,4.3,12919.0,Free
3429,PBS KIDS Video,FAMILY,Everyone,Education;Music & Video,5000000.0,0.0,4.2,36214.0,Free
3430,Peak – Brain Games & Training,FAMILY,Everyone,Education;Brain Games,10000000.0,0.0,4.4,272321.0,Free
3431,PeopleTV - Watch Celebrity News,FAMILY,Teen,Entertainment,100000.0,0.0,4.3,2223.0,Free
3432,Peppa Pig: Party Time,FAMILY,Everyone,Educational;Pretend Play,10000.0,2.99,3.8,52.0,Paid
3433,Permit Test AZ Arizona MVD DOT,FAMILY,Everyone,Education,10000.0,0.0,4.6,227.0,Free
3434,Permit Test CO Colorado DMV,FAMILY,Everyone,Education,1000.0,0.0,4.5,41.0,Free
3435,Permit Test Connecticut CT DMV,FAMILY,Everyone,Education,10000.0,0.0,4.6,186.0,Free
3436,Permit Test FL Florida DHSMV,FAMILY,Everyone,Education,10000.0,0.0,4.7,246.0,Free
3437,Pet Beauty Salon,FAMILY,Everyone,Educational;Creativity,1000000.0,0.0,3.8,20292.0,Free
3438,Pet Vet Dr - Animals Hospital,FAMILY,Teen,Casual,1000000.0,0.0,3.7,11748.0,Free
3439,PewDiePie's Tuber Simulator,FAMILY,Teen,Casual,10000000.0,0.0,4.8,1499466.0,Free
3440,Phonics Puzzles,FAMILY,Everyone,Educational,100.0,2.99,3.8,4.0,Paid
3441,Photo Warp,FAMILY,Everyone,Entertainment,50000000.0,0.0,3.7,353342.0,Free
3442,Piano Kids - Music & Songs,FAMILY,Everyone,Music;Music & Video,10000000.0,0.0,4.6,46741.0,Free
3443,Piczle Lines DX,FAMILY,Everyone,Puzzle,5000.0,0.0,4.6,281.0,Free
3444,Pin-fo,FAMILY,Everyone,Entertainment,500.0,0.0,4.6,19.0,Free
3445,Pink Guy - Ey B0ss,FAMILY,Everyone,Entertainment,500.0,0.0,4.7,13.0,Free
3446,Pinkalicious Party,FAMILY,Everyone,Educational;Creativity,500.0,2.99,3.0,2.0,Paid
3447,Pino chess,FAMILY,Everyone,Casual;Brain Games,1000.0,0.0,4.8,61.0,Free
3448,Pinoy Kid Song Ako ay may Lobo,FAMILY,Everyone,Education,10000.0,0.0,4.6,23.0,Free
3449,PixBox Coloring - Color by number Sandbox,FAMILY,Everyone,Entertainment,1000000.0,0.0,4.5,12293.0,Free
3450,"Pixel art pro-Sand box,paint by number,number draw",FAMILY,Everyone,Casual;Brain Games,100000.0,0.0,4.5,2442.0,Free
3451,PixelDot - Color by Number Sandbox Pixel Art,FAMILY,Everyone,Entertainment,1000000.0,0.0,4.6,16041.0,Free
3452,Pixelmania - Color by number & create pixel art,FAMILY,Everyone,Entertainment,500000.0,0.0,4.4,3588.0,Free
3453,PixPanda - Color by Number Pixel Art Coloring Book,FAMILY,Everyone,Entertainment,1000000.0,0.0,4.9,55723.0,Free
3454,Pixyfy: coloring by number coloring book,FAMILY,Everyone,Puzzle,500000.0,0.0,4.8,22290.0,Free
3455,PJ Masks: HQ,FAMILY,Everyone,Entertainment;Action & Adventure,1000000.0,0.0,4.1,13731.0,Free
3456,PJ Masks: Moonlight Heroes,FAMILY,Everyone,Casual;Action & Adventure,10000000.0,0.0,4.4,86961.0,Free
3457,PJ Masks: Moonlight Heroes,FAMILY,Everyone,Casual;Action & Adventure,10000000.0,0.0,4.4,86961.0,Free
3458,PJ Masks: Moonlight Heroes,FAMILY,Everyone,Casual;Action & Adventure,10000000.0,0.0,4.4,87045.0,Free
3459,PK and DK Audio App,FAMILY,Everyone,Entertainment,100.0,0.0,5.0,2.0,Free
3460,Placement Tips for BE (CE/IT),FAMILY,Everyone,Education,500.0,0.0,4.4,7.0,Free
3461,Planet of Cubes Survival Craft,FAMILY,Everyone,Simulation,10000000.0,0.0,3.9,475944.0,Free
3462,Plants vs. Zombies FREE,FAMILY,Everyone 10+,Strategy,100000000.0,0.0,4.4,4064868.0,Free
3463,Plants vs. Zombies™ 2,FAMILY,Everyone 10+,Casual,10000000.0,0.0,4.4,567632.0,Free
3464,Plants vs. Zombies™ Heroes,FAMILY,Everyone,Casual;Action & Adventure,10000000.0,0.0,4.4,379415.0,Free
3465,Plants vs. Zombies™ Heroes,FAMILY,Everyone,Casual;Action & Adventure,10000000.0,0.0,4.4,379245.0,Free
3466,Plants vs. Zombies™ Watch Face,FAMILY,Everyone,Casual,1000000.0,0.0,3.5,33178.0,Free
3467,Plastic Surgery Surgeon Simulator Er Doctor Games,FAMILY,Everyone,Casual,500000.0,0.0,3.7,3482.0,Free
3468,PlayKids - Educational cartoons and games for kids,FAMILY,Everyone,Entertainment;Music & Video,10000000.0,0.0,4.1,182173.0,Free
3469,PLAYzone.cz,FAMILY,Everyone,Entertainment,500.0,0.0,4.4,14.0,Free
3470,Please Don't Touch Anything 3D,FAMILY,Teen,Puzzle,5000.0,5.99,4.2,146.0,Paid
3471,"Please, Don't Touch Anything",FAMILY,Teen,Puzzle,10000.0,4.99,4.4,1771.0,Paid
3472,Pocket Heroes,FAMILY,Everyone 10+,Role Playing,1000000.0,0.0,4.5,96658.0,Free
3473,Pocket Little Pony,FAMILY,Everyone 10+,Simulation,1000000.0,0.0,4.1,47576.0,Free
3474,Pocket Mortys,FAMILY,Everyone,Simulation,10000000.0,0.0,4.5,174215.0,Free
3475,Pocket U ASW,FAMILY,Everyone,Education,10000.0,0.0,3.9,93.0,Free
3476,POGO Games,FAMILY,Everyone,Casual,1000000.0,0.0,3.8,32600.0,Free
3477,Pokémon TV,FAMILY,Everyone,Entertainment;Music & Video,5000000.0,0.0,4.2,117461.0,Free
3478,PokeType - Dex,FAMILY,Everyone,Entertainment,500000.0,0.0,4.6,36813.0,Free
3479,POLARIS 2MFG,FAMILY,Everyone,Education,10000.0,0.0,4.8,1228.0,Free
3480,Police Car Driving Sim,FAMILY,Everyone,Simulation,10000000.0,0.0,4.1,72522.0,Free
3481,Police VAZ LADA Simulator,FAMILY,Teen,Simulation,500000.0,0.0,3.6,3502.0,Free
3482,"Poly Art: Paint by Sticker, Color by Number Puzzle",FAMILY,Everyone,Entertainment;Brain Games,100000.0,0.0,4.4,2100.0,Free
3483,Pony Friends 🦄 - Beepzz racing game for kids,FAMILY,Everyone,Racing;Action & Adventure,50000.0,0.0,4.5,114.0,Free
3484,Poop FR,FAMILY,Everyone,Entertainment,50.0,0.0,,6.0,Free
3485,PopStar,FAMILY,Everyone,Casual,1000.0,0.0,,13.0,Free
3486,Poteau BA,FAMILY,Everyone,Education,500.0,0.0,,3.0,Free
3487,Pou,FAMILY,Everyone,Casual,500000000.0,0.0,4.3,10483141.0,Free
3488,Power BI Ultimate Orientation,FAMILY,Everyone,Education,5000.0,0.0,4.3,12.0,Free
3489,Power Spheres by BoBoiBoy,FAMILY,Everyone,Puzzle;Brain Games,5000000.0,0.0,4.3,70903.0,Free
3490,Pregnant Emergency Surgery,FAMILY,Everyone,Casual,10000000.0,0.0,3.8,127229.0,Free
3491,Pregnant Mom ER Emergency Doctor Hospital Games,FAMILY,Everyone,Educational,50000.0,0.0,4.0,325.0,Free
3492,Pregnant Mom Surgery Newborn Twins Baby Birth Care,FAMILY,Teen,Educational,10000.0,0.0,4.3,95.0,Free
3493,Preschool All-In-One,FAMILY,Everyone,Casual;Education,1000000.0,0.0,4.1,9019.0,Free
3494,Princess Adventures Puzzles,FAMILY,Everyone,Education;Creativity,500000.0,0.0,4.4,382.0,Free
3495,Princess Closet : Otome games free dating sim,FAMILY,Teen,Simulation,1000000.0,0.0,4.5,29495.0,Free
3496,Princess Coloring Book,FAMILY,Everyone,Education;Creativity,5000000.0,0.0,4.5,9779.0,Free
3497,Princess Palace: Royal Pony,FAMILY,Everyone,Educational;Creativity,1000000.0,0.0,4.4,11442.0,Free
3498,Professor Online SEDUC-CE,FAMILY,Everyone,Education,10000.0,0.0,4.1,188.0,Free
3499,Profile Pictures - Best DP Status,FAMILY,Everyone,Entertainment,50000.0,0.0,4.3,131.0,Free
3500,Proverbes du monde,FAMILY,Everyone,Entertainment,10000.0,0.0,,38.0,Free
3501,PS4 Second Screen,FAMILY,Everyone,Entertainment,1000000.0,0.0,2.4,11773.0,Free
3502,"Pu - Cute giant panda bear, baby pet care game",FAMILY,Everyone,Educational,1000000.0,0.0,4.5,22167.0,Free
3503,Puzzle Kids - Animals Shapes and Jigsaw Puzzles,FAMILY,Everyone,Educational;Brain Games,1000000.0,0.0,4.6,1109.0,Free
3504,Puzzles Volvo FH 16 Trucks,FAMILY,Teen,Puzzle,1000.0,0.0,4.8,10.0,Free
3505,Pyaar Ek Dhoka,FAMILY,Everyone,Casual,50.0,0.0,5.0,18.0,Free
3506,Pyaar Ek Dhoka hai Game - Anti Valentines,FAMILY,Everyone,Casual,100.0,0.0,,8.0,Free
3507,Q,FAMILY,Everyone,Puzzle,1000000.0,0.0,4.2,69126.0,Free
3508,Q Avatar Pro,FAMILY,Teen,Entertainment,100.0,1.49,4.8,4.0,Paid
3509,Q downloader : download your social media videos,FAMILY,Everyone,Entertainment,1000.0,0.0,4.1,41.0,Free
3510,Q Quiz SK,FAMILY,Everyone,Education,5000.0,0.0,3.9,159.0,Free
3511,Q Wunder,FAMILY,Everyone,Education;Education,10000.0,0.0,3.8,156.0,Free
3512,QC,FAMILY,Everyone,Puzzle,100.0,0.0,,4.0,Free
3513,QST,FAMILY,Everyone,Education,10000.0,0.0,2.5,706.0,Free
3514,Quadratic Equation Solver with Steps and Graphs,FAMILY,Everyone,Education,50000.0,0.0,4.7,513.0,Free
3515,Qu'est ce qui est jaune et qui attend ?,FAMILY,Everyone,Entertainment,500.0,0.0,,10.0,Free
3516,Questland: Turn Based RPG,FAMILY,Everyone 10+,Role Playing,1000000.0,0.0,4.6,31134.0,Free
3517,QUI EST CE ?,FAMILY,Everyone,Puzzle,1000.0,0.0,,7.0,Free
3518,Quiz for Clash Royale™,FAMILY,Everyone,Entertainment,100000.0,0.0,4.0,3788.0,Free
3519,Quran for All (Al-Huda Int.),FAMILY,Everyone,Education,100000.0,0.0,4.8,6696.0,Free
3520,Quran Juz-30 - Mahad al Zahra,FAMILY,Everyone,Education,100000.0,0.0,4.6,2654.0,Free
3521,Quran Khmer Offline AY,FAMILY,Everyone,Education,1000.0,0.0,5.0,41.0,Free
3522,R Instructor,FAMILY,Everyone,Education,1000.0,4.84,4.1,135.0,Paid
3523,R Programming,FAMILY,Everyone,Education,1000.0,0.0,,2.0,Free
3524,R Programming Language,FAMILY,Everyone,Education,1000.0,0.0,3.8,39.0,Free
3525,R Programming Language (Paperset 1) MCQ Quiz,FAMILY,Everyone,Education,10.0,0.0,,1.0,Free
3526,R Programming Language (Paperset 2) MCQ Quiz,FAMILY,Everyone,Education,10.0,0.0,,0.0,Free
3527,R Programming Solution,FAMILY,Everyone,Education,10000.0,0.0,3.9,169.0,Free
3528,R Programming Tutorial,FAMILY,Everyone,Education,1000.0,0.0,,5.0,Free
3529,R. Lee Ermey's Official Sound,FAMILY,Mature 17+,Entertainment,100000.0,0.0,4.2,1696.0,Free
3530,R. Physics Puzzle Game,FAMILY,Everyone,Puzzle,500000.0,0.0,4.2,5369.0,Free
3531,Rádio DF FM,FAMILY,Everyone,Entertainment,1000.0,0.0,,24.0,Free
3532,Rabbithole,FAMILY,Everyone,Entertainment,100000.0,0.0,3.5,3347.0,Free
3533,Radio Belo Horizonte,FAMILY,Mature 17+,Entertainment,10.0,0.0,,0.0,Free
3534,Radio BN,FAMILY,Everyone,Entertainment,5000.0,0.0,,53.0,Free
3535,Radio FG Paris Underground,FAMILY,Teen,Entertainment,100.0,0.0,,3.0,Free
3536,Radio K - KUOM,FAMILY,Everyone,Entertainment,1000.0,0.0,4.5,39.0,Free
3537,Railroad Radio Vancouver BC,FAMILY,Teen,Entertainment,100.0,0.0,5.0,4.0,Free
3538,Random Love (BF),FAMILY,Everyone,Entertainment,50.0,0.0,3.7,3.0,Free
3539,Raytheon F-16 EW 360 VR,FAMILY,Everyone,Entertainment,500.0,0.0,4.5,6.0,Free
3540,Read Unlimitedly! Kids'n Books,FAMILY,Everyone,Education;Music & Video,1000000.0,0.0,3.8,7462.0,Free
3541,"Reading Race 1b: sh, ch words",FAMILY,Everyone,Educational;Education,50.0,3.99,,2.0,Paid
3542,Real AI,FAMILY,Everyone,Entertainment,50000.0,0.0,3.8,949.0,Free
3543,Real Airplane Flight Simulator: Pilot Games,FAMILY,Everyone,Simulation,1000000.0,0.0,3.3,21735.0,Free
3544,Real Car Dr Parking Master: Parking Games 2018,FAMILY,Everyone,Simulation,1000000.0,0.0,4.2,3345.0,Free
3545,Real DJ Simulator,FAMILY,Everyone,Simulation,10000000.0,0.0,4.0,68664.0,Free
3546,Real Racing 3,FAMILY,Everyone,Racing;Action & Adventure,10000000.0,0.0,4.5,354384.0,Free
3547,Real Racing 3,FAMILY,Everyone,Racing;Action & Adventure,10000000.0,0.0,4.5,354454.0,Free
3548,Real Sheet ∞: Pathfinder + DT,FAMILY,Everyone,Role Playing,50.0,2.99,3.5,2.0,Paid
3549,"Red Bull TV: Live Sports, Music & Entertainment",FAMILY,Teen,Entertainment,1000000.0,0.0,4.4,42069.0,Free
3550,Red Embrace (BL/Yaoi Game),FAMILY,Teen,Casual,10000.0,0.0,4.3,616.0,Free
3551,Replika,FAMILY,Mature 17+,Entertainment,1000000.0,0.0,4.5,45458.0,Free
3552,Resources For Virtual DJ,FAMILY,Everyone,Entertainment,1000000.0,0.0,3.6,21095.0,Free
3553,Results for CT Lottery,FAMILY,Teen,Entertainment,5000.0,0.0,4.5,86.0,Free
3554,Results for DC Lottery,FAMILY,Everyone,Entertainment,5000.0,0.0,4.4,160.0,Free
3555,Results for FL Lottery (Florida),FAMILY,Mature 17+,Entertainment,100.0,0.0,,1.0,Free
3556,REV Robotic Enhance Vehicles,FAMILY,Everyone,Entertainment,100000.0,0.0,4.4,2558.0,Free
3557,Rhythm Patrol,FAMILY,Everyone,Music;Music & Video,100000.0,0.0,4.3,4207.0,Free
3558,RightNow English Conversation,FAMILY,Everyone,Education,1000000.0,0.0,4.0,5118.0,Free
3559,Ringtones Of Ek Onkar,FAMILY,Everyone,Entertainment,1000.0,0.0,4.5,6.0,Free
3560,RISK: Global Domination,FAMILY,Everyone,Board;Action & Adventure,5000000.0,0.0,4.0,68559.0,Free
3561,Rivals at War: 2084,FAMILY,Teen,Simulation,5000000.0,0.0,4.0,174127.0,Free
3562,RIV-BM FPV,FAMILY,Everyone,Entertainment,10.0,0.0,,0.0,Free
3563,Rized ‼️ Color By Number & Pixel Coloring Book,FAMILY,Everyone,Casual,100000.0,0.0,3.0,1279.0,Free
3564,RMEduS - 음성인식을 활용한 R 프로그래밍 실습 시스템,FAMILY,Everyone,Education,1.0,0.0,,4.0,Free
3565,Robin - DC Movie Collection,FAMILY,Everyone,Entertainment,500.0,0.0,,1.0,Free
3566,ROBLOX,FAMILY,Everyone 10+,Adventure;Action & Adventure,100000000.0,0.0,4.5,4449910.0,Free
3567,ROBLOX,FAMILY,Everyone 10+,Adventure;Action & Adventure,100000000.0,0.0,4.5,4450855.0,Free
3568,ROBLOX,FAMILY,Everyone 10+,Adventure;Action & Adventure,100000000.0,0.0,4.5,4450890.0,Free
3569,ROBLOX,FAMILY,Everyone 10+,Adventure;Action & Adventure,100000000.0,0.0,4.5,4443407.0,Free
3570,RoboPad,FAMILY,Everyone,Education,1000.0,0.0,4.6,41.0,Free
3571,RoboPad++,FAMILY,Everyone,Education,10000.0,0.0,4.4,77.0,Free
3572,Robots Vs Zombies: Transform To Race And Fight,FAMILY,Everyone,Racing;Action & Adventure,100000.0,0.0,4.5,278.0,Free
3573,Rockstars of Ooo,FAMILY,Everyone 10+,Arcade;Action & Adventure,10000.0,1.99,3.4,642.0,Paid
3574,Romance et Mystères au Lycée,FAMILY,Teen,Entertainment,10000.0,0.0,,350.0,Free
3575,Royale Tournaments,FAMILY,Teen,Entertainment,50000.0,0.0,4.4,2420.0,Free
3576,RPG ブレイジング ソウルズ アクセレイト,FAMILY,Teen,Role Playing,1000.0,10.99,3.4,159.0,Paid
3577,RPG Dragon Lapis,FAMILY,Teen,Role Playing,100000.0,0.0,4.6,13492.0,Free
3578,RPG End of Aspiration F,FAMILY,Teen,Role Playing,500000.0,0.0,4.4,20368.0,Free
3579,Run R Script - Online Statistical Data Analysis,FAMILY,Everyone,Education,1000.0,0.0,3.9,8.0,Free
3580,S.O.L : Stone of Life EX,FAMILY,Everyone 10+,Role Playing,5000000.0,0.0,4.3,171220.0,Free
3581,Sabbath School 4,FAMILY,Everyone,Education,100000.0,0.0,4.3,2871.0,Free
3582,Safe Santa Fe,FAMILY,Everyone,Education,1000.0,0.0,5.0,2.0,Free
3583,Sago Mini Babies,FAMILY,Everyone,Education;Pretend Play,10000.0,3.99,4.5,253.0,Paid
3584,Sago Mini Babies,FAMILY,Everyone,Education;Pretend Play,10000.0,3.99,4.5,253.0,Paid
3585,Sago Mini Big City,FAMILY,Everyone,Education;Pretend Play,1000.0,3.99,4.2,8.0,Paid
3586,Sago Mini Friends,FAMILY,Everyone,Education;Pretend Play,1000000.0,0.0,4.4,13155.0,Free
3587,Sago Mini Friends,FAMILY,Everyone,Education;Pretend Play,1000000.0,0.0,4.4,13155.0,Free
3588,Sago Mini Friends,FAMILY,Everyone,Education;Pretend Play,1000000.0,0.0,4.4,13155.0,Free
3589,Saiyan Of CW,FAMILY,Everyone,Role Playing,500.0,0.0,3.8,5.0,Free
3590,San Andreas Crime City Gangster 3D,FAMILY,Teen,Simulation,1000000.0,0.0,4.2,9403.0,Free
3591,Sandbox - Color by Number Coloring Pages,FAMILY,Everyone,Entertainment;Creativity,10000000.0,0.0,4.7,412744.0,Free
3592,Sandbox Art-Sandbox Color by Number Coloring Pages,FAMILY,Everyone,Entertainment,1000000.0,0.0,4.7,12784.0,Free
3593,Sandbox Number Coloring Book Art - Color By Number,FAMILY,Everyone,Entertainment;Brain Games,1000000.0,0.0,4.2,14356.0,Free
3594,Santa Fe Indian Market,FAMILY,Everyone,Entertainment,500.0,0.0,3.8,4.0,Free
3595,Sanu Ek Pal Chain Song Videos - RAID Movie Songs,FAMILY,Everyone,Entertainment,5000.0,0.0,4.9,11.0,Free
3596,SAP BW Tutorial,FAMILY,Everyone,Education,1000.0,0.0,4.0,11.0,Free
3597,SAY-U,FAMILY,Teen,Entertainment,100000.0,0.0,3.2,1011.0,Free
3598,Scanner Radio - Fire and Police Scanner,FAMILY,Everyone,Entertainment,10000000.0,0.0,4.4,175509.0,Free
3599,Scanning body and undressing people,FAMILY,Teen,Entertainment,100000.0,0.0,3.4,1012.0,Free
3600,Scanning under clothes (prank),FAMILY,Mature 17+,Entertainment,100000.0,0.0,3.7,1443.0,Free
3601,Scary Video Maker,FAMILY,Teen,Entertainment,500000.0,0.0,3.7,9296.0,Free
3602,School of Dragons,FAMILY,Everyone,Role Playing;Action & Adventure,10000000.0,0.0,4.1,530792.0,Free
3603,School of Dragons,FAMILY,Everyone,Role Playing;Action & Adventure,10000000.0,0.0,4.1,530792.0,Free
3604,School scientific calculator fx 500 es plus 500 ms,FAMILY,Everyone,Education,100000.0,0.0,4.6,1553.0,Free
3605,Sci Fi Sounds,FAMILY,Everyone,Entertainment,1000.0,0.0,3.2,4.0,Free
3606,SCI-FI UI,FAMILY,Everyone,Entertainment,100.0,1.99,4.7,15.0,Paid
3607,Scratch-Off Guide for FL Lotto,FAMILY,Everyone,Entertainment,5000.0,0.0,4.6,25.0,Free
3608,Seen,FAMILY,Teen,Simulation,1000000.0,0.0,4.5,118285.0,Free
3609,SegPlay Mobile Paint by Number,FAMILY,Everyone,Casual,100000.0,0.0,3.7,1478.0,Free
3610,Servidor Privado de CR y CoC - Light Royale,FAMILY,Everyone,Entertainment,10000.0,0.0,4.6,3106.0,Free
3611,Sexy Hot Detector Prank,FAMILY,Everyone,Casual,5000000.0,0.0,3.9,17067.0,Free
3612,Shabad Gurubani Punjabi mp3 free - Ek Onkar Satnam,FAMILY,Everyone,Entertainment,100.0,0.0,5.0,5.0,Free
3613,She Will Be Loved Lyrics,FAMILY,Everyone,Entertainment,100.0,0.0,,2.0,Free
3614,Shiver: Moonlit Grove CE,FAMILY,Everyone 10+,Casual,50000.0,0.0,4.1,3433.0,Free
3615,Shoot Em Down Free,FAMILY,Everyone,Puzzle,500000.0,0.0,3.7,2850.0,Free
3616,Shoot M-16 vs AK-47 : realistic weapon simulator,FAMILY,Everyone,Simulation,100.0,0.0,3.0,2.0,Free
3617,Shopkins World!,FAMILY,Everyone,Arcade;Action & Adventure,10000000.0,0.0,4.3,169609.0,Free
3618,Shopkins World!,FAMILY,Everyone,Arcade;Action & Adventure,10000000.0,0.0,4.3,169609.0,Free
3619,Shortcuts for After Effects,FAMILY,Everyone,Education,50000.0,0.0,3.7,464.0,Free
3620,Shoulder Surgery ER Emergency Doctor Game,FAMILY,Teen,Educational,10000.0,0.0,3.9,55.0,Free
3621,Showtime Anytime,FAMILY,Teen,Entertainment,1000000.0,0.0,3.7,18522.0,Free
3622,Sight Words Pre-K to Grade-3,FAMILY,Everyone,Educational;Education,100000.0,0.0,4.4,1185.0,Free
3623,SimCity BuildIt,FAMILY,Everyone 10+,Simulation,50000000.0,0.0,4.5,4218587.0,Free
3624,Simulator Brawl Box for BS,FAMILY,Everyone,Simulation,5000.0,0.0,3.9,168.0,Free
3625,Sir C J New Primary School,FAMILY,Everyone,Education,100.0,0.0,5.0,3.0,Free
3626,Sirens Fashion Style Game,FAMILY,Everyone,Simulation,500000.0,0.0,4.3,2282.0,Free
3627,Sketchfab,FAMILY,Mature 17+,Entertainment,50000.0,0.0,4.3,906.0,Free
3628,Ski Safari: Adventure Time,FAMILY,Everyone,Arcade;Action & Adventure,100000.0,0.99,4.5,48754.0,Paid
3629,Skill Tree - BL Pre Sequel,FAMILY,Teen,Entertainment,10000.0,0.0,4.3,855.0,Free
3630,Skylink Live TV CZ,FAMILY,Teen,Entertainment,100000.0,0.0,3.3,2802.0,Free
3631,Sleeping Delivery,FAMILY,Teen,Simulation,100000.0,0.0,4.6,19640.0,Free
3632,Smart-AC Universal Remote Free,FAMILY,Everyone,Entertainment,500000.0,0.0,1.8,3270.0,Free
3633,Smokes for CS:GO,FAMILY,Everyone,Entertainment,100000.0,0.0,3.9,3253.0,Free
3634,Smokes Guide for CS:GO,FAMILY,Everyone,Entertainment,50000.0,0.0,4.3,445.0,Free
3635,SMS Au revoir,FAMILY,Everyone,Entertainment,5000.0,0.0,,17.0,Free
3636,Snoopy's Town Tale - City Building Simulator,FAMILY,Everyone,Simulation;Action & Adventure,1000000.0,0.0,4.2,47031.0,Free
3637,Sokoban Land DX,FAMILY,Everyone,Puzzle,10000.0,2.99,3.9,46.0,Paid
3638,Solar System AR ( ARCore ),FAMILY,Everyone,Entertainment,10000.0,0.0,4.0,211.0,Free
3639,Soldiers of Glory: Modern War,FAMILY,Teen,Strategy,5000000.0,0.0,4.2,64815.0,Free
3640,Solitaire,FAMILY,Everyone,Card;Brain Games,100000.0,0.0,4.4,685.0,Free
3641,Sounds for Toddlers FREE,FAMILY,Everyone,Educational;Education,1000000.0,0.0,4.4,6190.0,Free
3642,Sounds for Toddlers FREE,FAMILY,Everyone,Educational;Education,1000000.0,0.0,4.4,6190.0,Free
3643,Soundtrack Attack,FAMILY,Everyone,Action;Action & Adventure,5000000.0,0.0,4.3,96045.0,Free
3644,South Park: Phone Destroyer™,FAMILY,Mature 17+,Strategy,5000000.0,0.0,4.4,288835.0,Free
3645,Spacecraft AR,FAMILY,Everyone,Education,10000.0,0.0,4.4,83.0,Free
3646,Speech Therapy: CH,FAMILY,Everyone,Education,10.0,1.99,,0.0,Paid
3647,Speech Therapy: F,FAMILY,Everyone,Education,10.0,2.99,1.0,1.0,Paid
3648,Speech Therapy: K,FAMILY,Everyone,Education,1000.0,0.0,,2.0,Free
3649,Spider grinder in screen funny,FAMILY,Teen,Entertainment,100000.0,0.0,4.1,956.0,Free
3650,Spinal Cord Surgery Doctor: Operation ER surgery,FAMILY,Everyone 10+,Role Playing,10000.0,0.0,3.7,52.0,Free
3651,SpongeBob Diner Dash,FAMILY,Everyone,Casual,50000000.0,0.0,4.0,576210.0,Free
3652,Sport Car Simulator,FAMILY,Everyone,Simulation,5000000.0,0.0,4.0,48731.0,Free
3653,Stand O’Food® (Full),FAMILY,Everyone,Casual,10000.0,1.99,4.4,925.0,Paid
3654,Star Chart,FAMILY,Everyone,Education;Education,10000000.0,0.0,4.3,128808.0,Free
3655,"Star Girl - Fashion, Makeup & Dress Up",FAMILY,Teen,Casual,10000000.0,0.0,4.3,556929.0,Free
3656,Star Wars™: Force Arena,FAMILY,Everyone 10+,Strategy,5000000.0,0.0,4.4,228130.0,Free
3657,Star Wars™: Galaxy of Heroes,FAMILY,Everyone 10+,Role Playing,10000000.0,0.0,4.5,1461698.0,Free
3658,Starfall Free & Member,FAMILY,Everyone,Education;Education,1000000.0,0.0,4.2,19720.0,Free
3659,Start the Hunt for the Lost Treasure,FAMILY,Everyone,Puzzle;Brain Games,10000.0,0.0,3.8,302.0,Free
3660,Stats CR Clan for Clash Royale,FAMILY,Everyone,Entertainment,100.0,0.0,3.8,16.0,Free
3661,Steam: Rails to Riches,FAMILY,Everyone,Board;Brain Games,5000.0,4.99,4.2,214.0,Paid
3662,Story Time FD,FAMILY,Everyone 10+,Simulation,10.0,0.0,5.0,2.0,Free
3663,Strawberry Shortcake BerryRush,FAMILY,Everyone,Action;Action & Adventure,10000000.0,0.0,4.3,525552.0,Free
3664,Strawberry Shortcake BerryRush,FAMILY,Everyone,Action;Action & Adventure,10000000.0,0.0,4.3,525552.0,Free
3665,Strawberry Shortcake Ice Cream Island,FAMILY,Everyone,Casual;Pretend Play,5000000.0,0.0,4.2,32029.0,Free
3666,Strawberry Shortcake Ice Cream Island,FAMILY,Everyone,Casual;Pretend Play,5000000.0,0.0,4.2,32200.0,Free
3667,STUCOR - AU,FAMILY,Everyone,Education,100000.0,0.0,4.5,1827.0,Free
3668,studentsLife by FH Kärnten,FAMILY,Everyone,Education,5000.0,0.0,4.4,108.0,Free
3669,Study AP World History,FAMILY,Everyone,Education,10000.0,0.0,4.6,513.0,Free
3670,Subway Simulator 3D,FAMILY,Everyone,Simulation,1000000.0,0.0,4.0,25489.0,Free
3671,Sufara.ba,FAMILY,Everyone,Education,10000.0,0.0,4.9,285.0,Free
3672,"sugar, sugar",FAMILY,Everyone,Puzzle,10000.0,1.2,4.2,1405.0,Paid
3673,Summer Camp Island AR,FAMILY,Everyone,Simulation,50000.0,0.0,3.6,740.0,Free
3674,Super ABC! Learning games for kids! Preschool apps,FAMILY,Everyone,Educational;Education,1000000.0,0.0,4.6,20267.0,Free
3675,Super ABC! Learning games for kids! Preschool apps,FAMILY,Everyone,Educational;Education,1000000.0,0.0,4.6,20267.0,Free
3676,Super AR,FAMILY,Teen,Entertainment,10000.0,0.0,3.8,410.0,Free
3677,Super Doctor 1-Pregnant Mom ER Surgery Simulator,FAMILY,Teen,Role Playing,10000.0,0.0,4.1,290.0,Free
3678,Super Doctor 2 - My Newborn Baby ER Injection,FAMILY,Teen,Role Playing,1000.0,0.0,4.7,54.0,Free
3679,Super Dr. Parking 3D,FAMILY,Everyone,Simulation,1000000.0,0.0,4.0,4518.0,Free
3680,Super School: Educational Kids Games & Rhymes,FAMILY,Everyone,Education;Education,500000.0,0.0,4.5,1791.0,Free
3681,Super Slime Blitz - Gumball,FAMILY,Everyone,Arcade;Action & Adventure,500000.0,0.0,4.6,5395.0,Free
3682,Super Sport Car Simulator,FAMILY,Everyone,Simulation,1000000.0,0.0,4.2,58553.0,Free
3683,SuperCity: Build a Story,FAMILY,Everyone,Simulation,1000000.0,0.0,4.4,98324.0,Free
3684,Superhero Doctor 2 -ER Surgery,FAMILY,Everyone 10+,Casual,10000000.0,0.0,4.0,39647.0,Free
3685,Superhero Doctor 3 ER Surgery,FAMILY,Everyone,Casual,500000.0,0.0,4.2,2801.0,Free
3686,Supermarket – Game for Kids,FAMILY,Everyone,Casual;Pretend Play,10000000.0,0.0,4.4,112080.0,Free
3687,Supermarket Cashier Kids Games,FAMILY,Everyone,Educational,1000000.0,0.0,3.6,32416.0,Free
3688,Supermarket Manager: Cashier Simulator Kids Games,FAMILY,Everyone,Casual;Pretend Play,1000000.0,0.0,4.0,15489.0,Free
3689,Surely You Quest - Magiswords,FAMILY,Everyone 10+,Role Playing;Action & Adventure,1000000.0,0.0,4.6,43314.0,Free
3690,Surprise Eggs,FAMILY,Everyone,Casual;Pretend Play,10000000.0,0.0,3.9,81543.0,Free
3691,Survival Forest : Survivor Home Builder,FAMILY,Teen,Simulation,1000000.0,0.0,3.6,9389.0,Free
3692,"Survival Mobile:10,000 BC",FAMILY,Everyone 10+,Strategy,500000.0,0.0,4.3,7441.0,Free
3693,Survival Prison Escape v2: Free Action Game,FAMILY,Mature 17+,Strategy,5000000.0,0.0,4.1,44027.0,Free
3694,SW Battlefront Companion,FAMILY,Everyone,Strategy,1000000.0,0.0,4.4,93870.0,Free
3695,Sweet Baby Girl - Dream House and Play Time,FAMILY,Everyone,Educational;Education,10000000.0,0.0,3.9,95537.0,Free
3696,Sweet Baby Girl Newborn Baby,FAMILY,Everyone,Educational;Education,5000000.0,0.0,3.8,36028.0,Free
3697,SweetLand — Family Board Game,FAMILY,Everyone,Casual;Pretend Play,1000.0,0.99,4.2,38.0,Paid
3698,Sword Art Online: Integral Factor,FAMILY,Everyone 10+,Role Playing,1000000.0,0.0,4.0,45359.0,Free
3699,Sworkit Kids - Fitness Meets Fun,FAMILY,Everyone,Health & Fitness;Education,100000.0,0.0,4.7,9856.0,Free
3700,Sya9a Maroc - FR,FAMILY,Everyone,Education,5000.0,0.0,4.5,38.0,Free
3701,SYFY,FAMILY,Teen,Entertainment,500000.0,0.0,3.2,3069.0,Free
3702,T Uploader,FAMILY,Everyone,Education,10000.0,0.0,4.1,75.0,Free
3703,Talking Ben the Dog,FAMILY,Everyone,Entertainment,100000000.0,0.0,4.3,1633565.0,Free
3704,Talking Boyfriend,FAMILY,Everyone,Entertainment,100000.0,0.0,2.9,1073.0,Free
3705,Talking Ginger,FAMILY,Everyone,Entertainment,100000000.0,0.0,4.2,1752017.0,Free
3706,Talking Husky Dog,FAMILY,Everyone,Casual,1000000.0,0.0,4.4,26545.0,Free
3707,Talking Tom & Ben News,FAMILY,Everyone,Entertainment,100000000.0,0.0,4.4,1131937.0,Free
3708,Talking Tom Bubble Shooter,FAMILY,Everyone,Casual,50000000.0,0.0,4.4,687136.0,Free
3709,Talking Tom Cat,FAMILY,Everyone 10+,Casual,100000000.0,0.0,4.3,1838090.0,Free
3710,Talking Tom Cat 2,FAMILY,Everyone 10+,Entertainment,100000000.0,0.0,4.3,3213548.0,Free
3711,TAMAGO,FAMILY,Everyone,Casual,5000000.0,0.0,3.0,42515.0,Free
3712,Tamago Tap Clicker Egg,FAMILY,Everyone,Casual,50000.0,0.0,3.6,209.0,Free
3713,Tap The Easter Egg!,FAMILY,Everyone,Casual,5000.0,0.0,3.2,111.0,Free
3714,Tattoo Color By Number Draw Book Page Pixel Art,FAMILY,Everyone,Entertainment,100000.0,0.0,4.0,309.0,Free
3715,TAXI DRIVER,FAMILY,Everyone,Simulation,1000000.0,0.0,3.7,7203.0,Free
3716,TAXLANDIA,FAMILY,Everyone,Educational,1000.0,0.0,1.9,141.0,Free
3717,TeamWard – live help for LoL,FAMILY,Everyone,Entertainment,100000.0,0.0,4.8,3136.0,Free
3718,TED,FAMILY,Everyone 10+,Education,10000000.0,0.0,4.6,181961.0,Free
3719,Tee and Mo Bath Time Free,FAMILY,Everyone,Educational;Education,100000.0,0.0,3.6,418.0,Free
3720,Tee and Mo Bath Time Free,FAMILY,Everyone,Educational;Education,100000.0,0.0,3.6,418.0,Free
3721,Teen Titans GO Figure!,FAMILY,Everyone 10+,Action;Action & Adventure,10000.0,3.99,4.5,1985.0,Paid
3722,Teeny Titans - Teen Titans Go!,FAMILY,Everyone 10+,Strategy;Action & Adventure,100000.0,3.99,4.6,20463.0,Paid
3723,Test de Inteligencia CI,FAMILY,Everyone,Education,5000.0,0.0,2.9,21.0,Free
3724,TETRIS,FAMILY,Everyone,Puzzle,10000000.0,0.0,4.0,199808.0,Free
3725,TETRIS Blitz,FAMILY,Everyone,Puzzle,5000000.0,0.0,4.4,201631.0,Free
3726,Tetrobot and Co.,FAMILY,Everyone,Puzzle,5000.0,2.99,4.5,709.0,Paid
3727,TFO BZ Lessons,FAMILY,Everyone,Education,500.0,0.0,4.4,75.0,Free
3728,The Aether: Life as a God,FAMILY,Everyone 10+,Role Playing,100000.0,0.0,4.1,1407.0,Free
3729,The Ah Yeah! Button,FAMILY,Everyone,Entertainment,5000.0,0.0,3.0,30.0,Free
3730,THE aMAZEing Labyrinth,FAMILY,Everyone,Board;Brain Games,10000.0,4.99,3.9,1615.0,Paid
3731,The Artificial Intelligence Project (A.I. Chat),FAMILY,Everyone,Simulation,5000.0,1.99,3.0,76.0,Paid
3732,The CW,FAMILY,Teen,Entertainment,5000000.0,0.0,4.4,288209.0,Free
3733,The CW TN app 2018,FAMILY,Everyone,Entertainment,10000.0,0.0,2.2,54.0,Free
3734,The CW TV app,FAMILY,Everyone,Entertainment,5000.0,0.0,3.2,24.0,Free
3735,The DL Hughley Show,FAMILY,Everyone,Entertainment,5000.0,0.0,4.3,23.0,Free
3736,the Egg - crack the egg,FAMILY,Everyone,Casual,10000.0,0.0,4.1,211.0,Free
3737,The EU Relocation Programme,FAMILY,Everyone,Education,1000.0,0.0,,27.0,Free
3738,The Grand Bike V,FAMILY,Everyone,Simulation,1000000.0,0.0,3.8,3478.0,Free
3739,The Great Wobo Escape Ep.1,FAMILY,Everyone 10+,Action;Action & Adventure,500.0,1.99,4.3,11.0,Paid
3740,The House of Da Vinci,FAMILY,Everyone,Puzzle,100000.0,4.99,4.8,12400.0,Paid
3741,The Hunt for the Lost Treasure,FAMILY,Everyone,Adventure;Brain Games,100000.0,2.99,4.6,7148.0,Paid
3742,The Lost Lands:DH Lite,FAMILY,Teen,Simulation,50000.0,0.0,4.3,1130.0,Free
3743,The NBC App - Watch Live TV and Full Episodes,FAMILY,Teen,Entertainment,5000000.0,0.0,4.1,58104.0,Free
3744,The Noise-O-Meter,FAMILY,Everyone,Entertainment;Music & Video,100000.0,0.0,4.0,1699.0,Free
3745,The Simpsons™: Tapped Out,FAMILY,Teen,Casual,10000000.0,0.0,4.3,636995.0,Free
3746,The Sims™ FreePlay,FAMILY,Teen,Simulation,10000000.0,0.0,4.3,931503.0,Free
3747,The Sims™ Mobile,FAMILY,Teen,Simulation,10000000.0,0.0,4.5,559597.0,Free
3748,The Tribez: Build a Village,FAMILY,Everyone,Simulation,10000000.0,0.0,4.4,1852384.0,Free
3749,"The Voice, sing and connect",FAMILY,Everyone,Entertainment,10000000.0,0.0,4.1,405824.0,Free
3750,The X-Files: Deep State - Hidden Object Adventure,FAMILY,Teen,Casual,500000.0,0.0,4.5,22018.0,Free
3751,Theatre of the Absurd CE(Full),FAMILY,Everyone 10+,Casual,10000.0,2.99,4.1,1143.0,Paid
3752,Thomas & Friends: Delivery,FAMILY,Everyone,Casual;Action & Adventure,1000000.0,0.0,4.2,28737.0,Free
3753,Thomas & Friends: Go Go Thomas,FAMILY,Everyone,Racing;Action & Adventure,10000000.0,0.0,4.1,175625.0,Free
3754,Thomas & Friends: Race On!,FAMILY,Everyone,Casual;Action & Adventure,5000000.0,0.0,4.1,29319.0,Free
3755,Thomas & Friends: Race On!,FAMILY,Everyone,Casual;Action & Adventure,5000000.0,0.0,4.1,29319.0,Free
3756,Throw Knife,FAMILY,Everyone,Simulation,100000.0,0.0,3.7,291.0,Free
3757,Thuglife Video Maker,FAMILY,Mature 17+,Entertainment,1000000.0,0.0,3.5,38824.0,Free
3758,TI-84 CE Graphing Calculator Manual TI 84,FAMILY,Everyone,Education,100.0,4.99,5.0,1.0,Paid
3759,Tic Tac CK,FAMILY,Everyone,Puzzle,10.0,0.0,5.0,3.0,Free
3760,Tic Tac Toe,FAMILY,Everyone,Board;Action & Adventure,1000000.0,0.0,4.1,6007.0,Free
3761,TI-Nspire CX Calculator Manual,FAMILY,Everyone,Education,500.0,4.99,3.9,11.0,Paid
3762,Tiny Defense,FAMILY,Everyone,Strategy,1000000.0,0.0,4.1,29387.0,Free
3763,Toca Builders,FAMILY,Everyone,Education;Creativity,100000.0,3.99,4.2,3328.0,Paid
3764,Toca Kitchen 2,FAMILY,Everyone,Educational;Pretend Play,50000000.0,0.0,4.5,1014822.0,Free
3765,Toca Kitchen 2,FAMILY,Everyone,Educational;Pretend Play,50000000.0,0.0,4.5,1014846.0,Free
3766,Toca Kitchen 2,FAMILY,Everyone,Educational;Pretend Play,50000000.0,0.0,4.5,1013465.0,Free
3767,Toca Life: City,FAMILY,Everyone,Education;Pretend Play,500000.0,3.99,4.7,31100.0,Paid
3768,Toca Mystery House,FAMILY,Everyone,Educational;Creativity,5000.0,3.99,4.2,96.0,Paid
3769,Toddler Kids Puzzles PUZZINGO,FAMILY,Everyone,Education;Education,1000000.0,0.0,4.6,14014.0,Free
3770,Toddler Learning Games - Little Kids Games,FAMILY,Everyone,Educational;Education,100000.0,0.0,4.2,731.0,Free
3771,TO-FU Oh!SUSHI,FAMILY,Everyone,Education;Pretend Play,5000000.0,0.0,4.1,59917.0,Free
3772,TO-FU Oh!SUSHI,FAMILY,Everyone,Education;Pretend Play,5000000.0,0.0,4.1,59917.0,Free
3773,Toilet Ek Prem Katha Songs Lyrics in Hindi,FAMILY,Everyone,Entertainment,1000.0,0.0,4.7,3.0,Free
3774,Tom Loves Angela,FAMILY,Everyone,Entertainment,100000000.0,0.0,4.1,1111915.0,Free
3775,Tomo A.i. Pet Chat Bot,FAMILY,Everyone,Entertainment,1000.0,0.0,3.3,40.0,Free
3776,Tom's Love Letters,FAMILY,Everyone,Entertainment,50000000.0,0.0,4.1,705805.0,Free
3777,Top BR Chaya Songs,FAMILY,Everyone,Entertainment,10.0,0.0,,0.0,Free
3778,Top Puzzles Volvo FH Trucks,FAMILY,Teen,Puzzle,500.0,0.0,,4.0,Free
3779,Touch Racing 2 - Mini RC Race,FAMILY,Everyone,Racing;Action & Adventure,1000000.0,0.0,4.1,41867.0,Free
3780,Township,FAMILY,Everyone,Casual,50000000.0,0.0,4.6,4451317.0,Free
3781,Toy Battle Z,FAMILY,Everyone,Casual,10000.0,0.0,4.1,133.0,Free
3782,Toy Guitar with songs for kids,FAMILY,Everyone,Music & Audio;Music & Video,500000.0,0.0,4.3,1369.0,Free
3783,Toy Pop Cubes,FAMILY,Everyone,Casual;Brain Games,1000000.0,0.0,4.5,5761.0,Free
3784,Toys Defense: Horror Land,FAMILY,Everyone,Strategy,10000.0,0.0,3.8,168.0,Free
3785,Train driving simulator,FAMILY,Teen,Simulation,10000000.0,0.0,3.8,91645.0,Free
3786,Train Sim Pro,FAMILY,Everyone,Simulation;Pretend Play,10000.0,1.49,4.0,1763.0,Paid
3787,Transformers Rescue Bots: Disaster Dash,FAMILY,Everyone,Casual;Action & Adventure,1000000.0,0.0,4.4,19245.0,Free
3788,Transformers Rescue Bots: Hero Adventures,FAMILY,Everyone,Adventure;Action & Adventure,5000000.0,0.0,4.2,41273.0,Free
3789,TRANSFORMERS: Earth Wars,FAMILY,Everyone,Strategy,10000000.0,0.0,4.5,256219.0,Free
3790,Travelmoji,FAMILY,Everyone,Education,500.0,0.0,3.9,13.0,Free
3791,Treasure Defense,FAMILY,Teen,Strategy,100000.0,0.0,4.1,3527.0,Free
3792,Treasure Hunt Hidden Objects Adventure Game,FAMILY,Everyone,Puzzle,100000.0,0.0,4.3,1231.0,Free
3793,Triceratops - Dino Robot,FAMILY,Everyone,Casual,1000000.0,0.0,4.4,3032.0,Free
3794,Tricky Bike Stunt Rider DX,FAMILY,Everyone,Simulation;Education,500.0,0.0,4.4,16.0,Free
3795,Truck Driving Test Class 3 BC,FAMILY,Everyone,Education,50.0,1.49,1.0,1.0,Paid
3796,Truck Simulator DT 3D,FAMILY,Everyone,Simulation,5000.0,0.0,3.8,110.0,Free
3797,Truck Transport Raw Material,FAMILY,Everyone,Simulation,100000.0,0.0,4.2,632.0,Free
3798,Tsuro - The Game of the Path,FAMILY,Everyone,Board;Brain Games,10000.0,2.99,4.7,2195.0,Paid
3799,Tunnel Town,FAMILY,Everyone,Strategy,1000000.0,0.0,4.4,74744.0,Free
3800,Turbo FAST,FAMILY,Everyone,Racing;Action & Adventure,50000000.0,0.0,4.3,1329192.0,Free
3801,Turbo FAST,FAMILY,Everyone,Racing;Action & Adventure,50000000.0,0.0,4.3,1329008.0,Free
3802,Tutorials for R Programming Offline,FAMILY,Everyone,Education,500.0,0.0,,2.0,Free
3803,Tutorials for SAP BW Offline,FAMILY,Everyone,Education,100.0,0.0,,1.0,Free
3804,Tv Br News,FAMILY,Everyone,Entertainment,100.0,0.0,,4.0,Free
3805,TV Guide BR Gold,FAMILY,Everyone,Entertainment,5000.0,1.49,4.4,544.0,Paid
3806,TV Local El Salvador,FAMILY,Everyone,Entertainment,10000.0,0.0,4.3,323.0,Free
3807,TV.AE,FAMILY,Everyone,Entertainment,10000.0,0.0,3.9,109.0,Free
3808,tv-ec,FAMILY,Everyone,Entertainment,50.0,0.0,,1.0,Free
3809,Twitch: Livestream Multiplayer Games & Esports,FAMILY,Teen,Entertainment,50000000.0,0.0,4.6,2133047.0,Free
3810,Typical EA Game,FAMILY,Everyone,Casual,100.0,0.0,4.6,33.0,Free
3811,U.S.A DV Lottery Process,FAMILY,Everyone,Education,1000.0,0.0,4.5,8.0,Free
3812,لعبة تقدر تربح DZ,FAMILY,Everyone,Education,10000.0,0.0,4.2,238.0,Free
3813,U-Craft Mobile,FAMILY,Everyone,Strategy,100000.0,0.0,4.2,11404.0,Free
3814,U-Dictionary: Best English Learning Dictionary,FAMILY,Everyone 10+,Education,10000000.0,0.0,4.5,166886.0,Free
3815,U-Disco,FAMILY,Everyone,Entertainment,100000.0,0.0,3.6,906.0,Free
3816,Ultimate Clash Royale Tracker,FAMILY,Everyone,Strategy,1000000.0,0.0,4.7,92010.0,Free
3817,Ultimate DM,FAMILY,Everyone,Role Playing,10.0,0.0,,0.0,Free
3818,Ultrasound A-Z,FAMILY,Everyone,Education,10000.0,0.0,4.5,112.0,Free
3819,UNICORN - Color By Number & Pixel Art Coloring,FAMILY,Everyone,Art & Design;Creativity,500000.0,0.0,4.7,8264.0,Free
3820,Union League,FAMILY,Everyone,Role Playing,10000.0,0.0,4.0,939.0,Free
3821,Universal AC Remote Control Simulator,FAMILY,Everyone,Entertainment,50000.0,0.0,3.0,119.0,Free
3822,University of Alabama,FAMILY,Everyone,Education,50000.0,0.0,4.5,302.0,Free
3823,University of Florida,FAMILY,Everyone,Education,10000.0,0.0,4.0,168.0,Free
3824,Unstoppaball DX,FAMILY,Everyone,Puzzle,50.0,1.49,4.2,5.0,Paid
3825,Urban Car Simulator,FAMILY,Everyone,Simulation,1000000.0,0.0,4.2,23292.0,Free
3826,US Army Training Courses Game,FAMILY,Everyone,Simulation,5000000.0,0.0,4.1,27130.0,Free
3827,USMLE CK Clinical Knowledge Flashcards 2018 Ed,FAMILY,Everyone,Education,5.0,0.0,,0.0,Free
3828,USMLE Step 2 CK Cards Lite,FAMILY,Everyone,Education,5000.0,0.0,4.0,28.0,Free
3829,USMLE Step 2 CK Flashcards,FAMILY,Everyone,Education,10.0,19.99,5.0,1.0,Paid
3830,V for Vampire - Free,FAMILY,Teen,Puzzle,500000.0,0.0,4.3,2772.0,Free
3831,V LIVE - Star Live App,FAMILY,Teen,Entertainment,10000000.0,0.0,4.4,397147.0,Free
3832,Valentines love color by number-Pixel art coloring,FAMILY,Everyone,Entertainment,100000.0,0.0,4.4,767.0,Free
3833,Vegas Crime Simulator,FAMILY,Teen,Simulation,50000000.0,0.0,4.2,721646.0,Free
3834,Video Editor,FAMILY,Everyone,Video Players & Editors;Creativity,5000000.0,0.0,4.1,159619.0,Free
3835,Villains vs Superheroes,FAMILY,Everyone,Puzzle,10000.0,0.0,4.3,128.0,Free
3836,Vimeo,FAMILY,Teen,Entertainment,10000000.0,0.0,3.9,85578.0,Free
3837,Virtual Assistant DataBot: Artificial Intelligence,FAMILY,Everyone,Entertainment,1000000.0,0.0,4.4,80927.0,Free
3838,Virtual Boyfriend Chat,FAMILY,Mature 17+,Entertainment,50000.0,0.0,2.4,407.0,Free
3839,Virtual Brain Surgery Simulator : Kid ER Emergency,FAMILY,Teen,Educational,5000.0,0.0,3.8,20.0,Free
3840,Virtual Cigarette Smoking (prank),FAMILY,Mature 17+,Entertainment,5000000.0,0.0,3.7,29838.0,Free
3841,Virtual Families 2,FAMILY,Everyone,Casual,10000000.0,0.0,4.2,636228.0,Free
3842,Virtual lover,FAMILY,Mature 17+,Entertainment,1000000.0,0.0,4.6,45771.0,Free
3843,virtual lover 3D,FAMILY,Mature 17+,Entertainment,100000.0,0.0,4.6,5195.0,Free
3844,Virtual Mom Surgery Doctor : ER Emergency Hospital,FAMILY,Teen,Educational,100000.0,0.0,4.0,1130.0,Free
3845,Virtual Mother Surgery Doctor : Emergency Hospital,FAMILY,Teen,Educational,10000.0,0.0,3.9,70.0,Free
3846,Visuelles Wörterbuch Audio-App,FAMILY,Everyone,Education,10000.0,0.0,3.1,192.0,Free
3847,Vlogger Go Viral - Tuber Game,FAMILY,Everyone,Strategy,10000000.0,0.0,4.8,1304467.0,Free
3848,Voice Changer,FAMILY,Everyone,Entertainment;Music & Video,10000000.0,0.0,4.1,138050.0,Free
3849,Voice changer with effects,FAMILY,Everyone,Entertainment,50000000.0,0.0,4.2,1260903.0,Free
3850,Voyance du pyromancien,FAMILY,Everyone,Entertainment,5000.0,0.0,,22.0,Free
3851,v-view,FAMILY,Everyone,Entertainment,10000.0,0.0,3.6,309.0,Free
3852,War Z 2,FAMILY,Teen,Strategy,5000000.0,0.0,4.5,97071.0,Free
3853,Water Surfer Floating BMX Bicycle Rider Racing,FAMILY,Everyone,Simulation,100000.0,0.0,4.4,551.0,Free
3854,waut.ch!,FAMILY,Everyone,Educational,100.0,0.0,4.5,10.0,Free
3855,We Bare Bears Match3 Repairs,FAMILY,Everyone,Puzzle,1000000.0,0.0,4.7,39153.0,Free
3856,Weaphones™ Gun Sim Free Vol 1,FAMILY,Everyone,Simulation,10000000.0,0.0,4.3,598975.0,Free
3857,Weapon stripping 3D,FAMILY,Everyone,Simulation,1000000.0,0.0,4.6,23971.0,Free
3858,Weapons simulator AK-47,FAMILY,Everyone,Simulation,5000.0,0.0,4.1,21.0,Free
3859,What was I in my Past Life,FAMILY,Everyone,Entertainment,1000000.0,0.0,3.7,7453.0,Free
3860,"What's Up, Snoopy? - Peanuts",FAMILY,Everyone,Arcade;Action & Adventure,100000.0,0.0,4.5,773.0,Free
3861,What's Your Story?™ ft Charmed,FAMILY,Teen,Role Playing,1000000.0,0.0,4.1,39661.0,Free
3862,Where's My Water?,FAMILY,Everyone,Puzzle;Brain Games,1000000.0,1.99,4.7,188740.0,Paid
3863,Where's My Water? Free,FAMILY,Everyone,Puzzle;Brain Games,100000000.0,0.0,4.4,1372013.0,Free
3864,Who Viewed My FB Profile,FAMILY,Everyone,Entertainment,10000.0,0.0,3.4,121.0,Free
3865,Who viewed my fb profile pro★★,FAMILY,Everyone,Entertainment,100000.0,0.0,4.5,6396.0,Free
3866,Whoowasit? - Best kids game!,FAMILY,Everyone,Board;Action & Adventure,5000.0,2.99,4.0,248.0,Paid
3867,Wi u Emulator,FAMILY,Everyone,Entertainment,10000.0,0.0,2.4,468.0,Free
3868,Wifi BT Scanner,FAMILY,Everyone,Education,500.0,0.0,5.0,2.0,Free
3869,WiFi FPV,FAMILY,Everyone,Entertainment,100000.0,0.0,3.8,316.0,Free
3870,Wii U Simulator,FAMILY,Everyone 10+,Simulation,100000.0,0.0,3.4,1178.0,Free
3871,Wolfify - Be a Werewolf,FAMILY,Everyone,Entertainment,500000.0,0.0,3.8,6760.0,Free
3872,Wonder5 Masters R,FAMILY,Everyone,Role Playing,100000.0,0.0,4.1,1655.0,Free
3873,Word Search Games in english,FAMILY,Everyone,Puzzle;Brain Games,10000000.0,0.0,4.3,63186.0,Free
3874,Word Search Tab 1 FR,FAMILY,Everyone,Puzzle,50.0,1.04,,0.0,Paid
3875,World at War: WW2 Strategy MMO,FAMILY,Everyone 10+,Strategy,5000000.0,0.0,4.3,107765.0,Free
3876,World History Quick e-Book,FAMILY,Everyone,Education;Education,100000.0,0.0,4.4,1657.0,Free
3877,World Racers family board game,FAMILY,Everyone,Board;Pretend Play,100.0,0.99,4.8,4.0,Paid
3878,Wowkwis aq Ka'qaquj,FAMILY,Everyone,Education;Education,10.0,0.0,5.0,1.0,Free
3879,WPBS-DT,FAMILY,Everyone,Entertainment,500.0,0.0,5.0,3.0,Free
3880,Wrecker's Revenge - Gumball,FAMILY,Everyone,Puzzle;Action & Adventure,100000.0,0.0,4.3,2263.0,Free
3881,Writing Wizard Premium - Handwriting,FAMILY,Everyone,Education;Education,5000.0,4.49,4.1,89.0,Paid
3882,WRLP CB Repeater,FAMILY,Teen,Entertainment,1000.0,0.0,,14.0,Free
3883,Wuwu & Co.,FAMILY,Everyone,Books & Reference;Creativity,100.0,2.99,,9.0,Paid
3884,WWE,FAMILY,Teen,Entertainment,10000000.0,0.0,4.5,736824.0,Free
3885,X Construction,FAMILY,Everyone,Puzzle,100000.0,1.49,4.5,18612.0,Paid
3886,Xbox,FAMILY,Everyone,Entertainment,10000000.0,0.0,4.3,556659.0,Free
3887,XCOM: TBG,FAMILY,Everyone,Entertainment,100000.0,0.0,4.0,2294.0,Free
3888,XCOM®: Enemy Within,FAMILY,Mature 17+,Strategy,100000.0,9.99,4.2,13752.0,Paid
3889,X-Plane 10 Flight Simulator,FAMILY,Everyone,Simulation,1000000.0,0.0,4.2,63197.0,Free
3890,Xray Scanner Prank,FAMILY,Everyone,Entertainment,10000000.0,0.0,3.3,355837.0,Free
3891,X-ray scanner simulator,FAMILY,Everyone,Casual,500000.0,0.0,2.7,1616.0,Free
3892,Xtreme Racing 2018 - Jeep & 4x4 off road simulator,FAMILY,Everyone,Racing;Action & Adventure,500000.0,0.0,4.2,2178.0,Free
3893,X-Wing Squadron Builder,FAMILY,Everyone,Entertainment,100000.0,0.0,4.6,5898.0,Free
3894,Yaoi Novels - Shounen ai Book&fiction,FAMILY,Teen,Entertainment,10000.0,0.0,3.2,304.0,Free
3895,Yaoi Ooku: Distorted Love,FAMILY,Mature 17+,Simulation,100000.0,0.0,4.0,2614.0,Free
3896,Yazdani Cd Center EllahAbad Official App,FAMILY,Everyone,Entertainment,500.0,0.0,5.0,8.0,Free
3897,YEBIS OpenGL ES 3.0 Tech Demo,FAMILY,Everyone,Entertainment,10000.0,0.0,4.6,380.0,Free
3898,Yeled EI,FAMILY,Everyone,Education,100.0,0.0,,0.0,Free
3899,yHomework - Math Solver,FAMILY,Everyone,Education,1000000.0,0.0,4.2,50771.0,Free
3900,YouTube Gaming,FAMILY,Teen,Entertainment,5000000.0,0.0,4.2,130549.0,Free
3901,YouTube Kids,FAMILY,Everyone,Entertainment;Music & Video,50000000.0,0.0,4.5,470694.0,Free
3902,YouTube Kids,FAMILY,Everyone,Entertainment;Music & Video,50000000.0,0.0,4.5,470713.0,Free
3903,YouTube Kids,FAMILY,Everyone,Entertainment;Music & Video,50000000.0,0.0,4.5,469851.0,Free
3904,YouTube TV - Watch & Record Live TV,FAMILY,Teen,Entertainment,1000000.0,0.0,4.4,38517.0,Free
3905,Yuzu eReader,FAMILY,Everyone,Education,50000.0,0.0,1.9,250.0,Free
3906,Z City,FAMILY,Teen,Strategy,100000.0,0.0,4.3,3976.0,Free
3907,Z Day: Hearts of Heroes,FAMILY,Everyone 10+,Strategy,1000000.0,0.0,3.9,5894.0,Free
3908,Z Origins - (Z The Game),FAMILY,Teen,Strategy,50000.0,2.99,4.6,4421.0,Paid
3909,Z War-Zombie Modern Combat,FAMILY,Teen,Strategy,5000000.0,0.0,4.2,62301.0,Free
3910,Zapzapmath: K-6 Math Games,FAMILY,Everyone,Educational;Education,100000.0,0.0,4.3,1065.0,Free
3911,Z-Empire: Dead Strike,FAMILY,Teen,Strategy,10000.0,0.0,4.6,99.0,Free
3912,Zombie Defense,FAMILY,Teen,Strategy,10000000.0,0.0,4.3,275048.0,Free
3913,ZombieVital DG,FAMILY,Everyone,Simulation,100.0,12.99,4.3,10.0,Paid
3914,ZOOKEEPER DX TouchEdition,FAMILY,Everyone,Puzzle,100000.0,0.99,4.2,3195.0,Paid
3915,Zowi App,FAMILY,Everyone,Education;Education,50000.0,0.0,4.5,516.0,Free
3916,1st Fed CI Mobile Banking,FINANCE,Everyone,Finance,500.0,0.0,,0.0,Free
3917,A+ Mobile,FINANCE,Everyone,Finance,10000.0,0.0,3.9,730.0,Free
3918,İşCep,FINANCE,Everyone,Finance,10000000.0,0.0,4.5,381788.0,Free
3919,AB Anywhere Mobile Banking,FINANCE,Everyone,Finance,500.0,0.0,,3.0,Free
3920,ACE Elite,FINANCE,Everyone,Finance,100000.0,0.0,4.1,2898.0,Free
3921,Acorns - Invest Spare Change,FINANCE,Everyone,Finance,1000000.0,0.0,4.3,45957.0,Free
3922,Acorns - Invest Spare Change,FINANCE,Everyone,Finance,1000000.0,0.0,4.3,45962.0,Free
3923,AJ Bell Youinvest,FINANCE,Everyone,Finance,10000.0,0.0,2.8,135.0,Free
3924,Alabama Ag Credit Ag Banking,FINANCE,Everyone,Finance,100.0,0.0,,0.0,Free
3925,Alfa-Bank (Alfa-Bank),FINANCE,Everyone,Finance,1000000.0,0.0,4.0,44545.0,Free
3926,Alipay,FINANCE,Teen,Finance,1000000.0,0.0,3.4,42497.0,Free
3927,Alpha Bank CY,FINANCE,Everyone,Finance,1000.0,0.0,4.7,39.0,Free
3928,Amex Mobile,FINANCE,Everyone,Finance,1000000.0,0.0,4.3,24729.0,Free
3929,amm dz,FINANCE,Everyone,Finance,1.0,5.99,,0.0,Paid
3930,AND CO,FINANCE,Everyone,Finance,10000.0,0.0,4.5,175.0,Free
3931,App Seguridad AV Villas,FINANCE,Everyone,Finance,50000.0,0.0,2.3,251.0,Free
3932,Associated Credit Union Mobile,FINANCE,Everyone,Finance,50000.0,0.0,4.7,3290.0,Free
3933,AX Battery Saver,FINANCE,Everyone,Finance,100000.0,0.0,4.6,4546.0,Free
3934,B,FINANCE,Everyone,Finance,50000.0,0.0,3.7,800.0,Free
3935,B L Enterprises,FINANCE,Everyone,Finance,10.0,0.0,,2.0,Free
3936,B R Telco FCU Mobile Banking,FINANCE,Everyone,Finance,10000.0,0.0,4.7,413.0,Free
3937,Ba Financial Calculator plus,FINANCE,Everyone,Finance,1000.0,3.99,4.4,31.0,Paid
3938,BA Pro Financial Calculator,FINANCE,Everyone,Finance,1000.0,1.99,2.4,36.0,Paid
3939,Banco Sabadell App. Your mobile bank,FINANCE,Everyone,Finance,1000000.0,0.0,3.9,25205.0,Free
3940,Bank FD Interest Calculator,FINANCE,Everyone,Finance,10000.0,0.0,4.5,166.0,Free
3941,Bank of America Mobile Banking,FINANCE,Everyone,Finance,10000000.0,0.0,4.4,341090.0,Free
3942,Bank of Brazil,FINANCE,Everyone,Finance,10000000.0,0.0,4.5,1336246.0,Free
3943,Bank Of Cyprus,FINANCE,Everyone,Finance,100000.0,0.0,4.1,1514.0,Free
3944,Banking Calculator,FINANCE,Everyone,Finance,100000.0,0.0,4.5,3704.0,Free
3945,BankMobile Vibe App,FINANCE,Everyone,Finance,1000000.0,0.0,4.3,14627.0,Free
3946,BankNordik,FINANCE,Everyone,Finance,5000.0,0.0,3.9,28.0,Free
3947,Banorte Movil,FINANCE,Everyone,Finance,1000000.0,0.0,4.1,111632.0,Free
3948,Barclays US for Android,FINANCE,Everyone,Finance,1000000.0,0.0,4.1,6998.0,Free
3949,BayPort CU Mobile Banking,FINANCE,Everyone,Finance,10000.0,0.0,4.7,2374.0,Free
3950,BBVA Compass Banking,FINANCE,Everyone,Finance,500000.0,0.0,4.3,5905.0,Free
3951,BBVA Spain,FINANCE,Everyone,Finance,5000000.0,0.0,4.2,36746.0,Free
3952,BD Bank Interest,FINANCE,Everyone,Finance,5000.0,0.0,4.7,289.0,Free
3953,be Produbanco,FINANCE,Everyone,Finance,100000.0,0.0,4.0,967.0,Free
3954,Bee Mobile EG,FINANCE,Everyone,Finance,100000.0,0.0,4.2,883.0,Free
3955,Betterment,FINANCE,Everyone,Finance,100000.0,0.0,4.4,3780.0,Free
3956,BH INVEST,FINANCE,Everyone,Finance,500.0,0.0,,7.0,Free
3957,BH Online,FINANCE,Everyone,Finance,10.0,0.0,,0.0,Free
3958,BI APP,FINANCE,Everyone,Finance,100.0,0.0,5.0,2.0,Free
3959,Bi en Línea,FINANCE,Everyone,Finance,100000.0,0.0,4.0,5055.0,Free
3960,BI Mobile,FINANCE,Everyone,Finance,10000.0,0.0,4.4,337.0,Free
3961,BI Mobile Banking,FINANCE,Everyone,Finance,10000.0,0.0,4.0,180.0,Free
3962,Bitcoin & Cryptocurrency - Bx,FINANCE,Everyone,Finance,1000.0,0.0,4.8,11.0,Free
3963,Bitcoin Bx (Thailand),FINANCE,Everyone,Finance,10000.0,0.0,4.5,101.0,Free
3964,Bitcoin BX Thailand,FINANCE,Everyone,Finance,10000.0,0.0,3.7,120.0,Free
3965,Bitcoin BX Thailand PRO,FINANCE,Everyone,Finance,100.0,4.99,1.7,21.0,Paid
3966,bitcoin exchange bx thailand,FINANCE,Everyone,Finance,5000.0,0.0,2.9,19.0,Free
3967,Bitcoin Ticker Widget,FINANCE,Everyone,Finance,500000.0,0.0,4.6,25744.0,Free
3968,BK Gold App,FINANCE,Everyone,Finance,50.0,0.0,5.0,4.0,Free
3969,BL Banking DES,FINANCE,Everyone,Finance,100.0,0.0,,3.0,Free
3970,BL Mobile Banking,FINANCE,Everyone,Finance,1000.0,0.0,4.3,23.0,Free
3971,Bloomberg Professional,FINANCE,Everyone,Finance,500000.0,0.0,4.1,3334.0,Free
3972,Bluebird by American Express,FINANCE,Everyone,Finance,1000000.0,0.0,4.2,15703.0,Free
3973,BM Assets,FINANCE,Everyone,Finance,500.0,0.0,,6.0,Free
3974,BM Wallet,FINANCE,Everyone,Finance,50000.0,0.0,4.2,798.0,Free
3975,bm Wallet,FINANCE,Everyone,Finance,10000.0,0.0,3.5,196.0,Free
3976,BN Bank Mobilbank,FINANCE,Everyone,Finance,10000.0,0.0,3.1,72.0,Free
3977,BN Más Cerca de Usted,FINANCE,Everyone,Finance,500000.0,0.0,3.9,8185.0,Free
3978,BNCR Token Celular,FINANCE,Everyone,Finance,100000.0,0.0,3.7,913.0,Free
3979,Branch,FINANCE,Everyone,Finance,1000000.0,0.0,4.6,69973.0,Free
3980,BT Panorama,FINANCE,Everyone,Finance,5000.0,0.0,4.3,34.0,Free
3981,Bualuang mBanking,FINANCE,Everyone,Finance,5000000.0,0.0,4.0,48445.0,Free
3982,BW Mobilbanking für Smartphone und Tablet,FINANCE,Everyone,Finance,100000.0,0.0,4.1,2048.0,Free
3983,BX Diff - Crypto Coins Checker,FINANCE,Everyone,Finance,5000.0,0.0,4.6,83.0,Free
3984,BX Thailand - Crypto Tracking & Analyse Bitcoin,FINANCE,Everyone,Finance,100.0,0.0,,2.0,Free
3985,Bx Thailand Alert (Bitcoin),FINANCE,Everyone,Finance,100.0,0.0,4.7,3.0,Free
3986,bX Thailand Simple Market Price and Alert,FINANCE,Everyone,Finance,1000.0,0.0,,8.0,Free
3987,BxPort - Bitcoin Bx (Thailand),FINANCE,Everyone,Finance,50.0,0.0,5.0,4.0,Free
3988,BZWBK24 mobile,FINANCE,Everyone,Finance,1000000.0,0.0,4.5,64959.0,Free
3989,BZWBK24 mobile,FINANCE,Everyone,Finance,1000000.0,0.0,4.5,64983.0,Free
3990,Capital Bk Mobile Business Dep,FINANCE,Everyone,Finance,100.0,0.0,,1.0,Free
3991,Capital One® Mobile,FINANCE,Everyone,Finance,10000000.0,0.0,4.6,510392.0,Free
3992,Capital One® Mobile,FINANCE,Everyone,Finance,10000000.0,0.0,4.6,510401.0,Free
3993,Capitec Remote Banking,FINANCE,Everyone,Finance,1000000.0,0.0,4.3,20672.0,Free
3994,Caprock Santa Fe Credit Union,FINANCE,Everyone,Finance,100.0,0.0,,0.0,Free
3995,Casa de Bolsa Bx+ Móvil,FINANCE,Everyone,Finance,500.0,0.0,3.4,5.0,Free
3996,Cash App,FINANCE,Everyone,Finance,10000000.0,0.0,4.0,34428.0,Free
3997,CASHIER,FINANCE,Everyone,Finance,10000000.0,0.0,3.3,335738.0,Free
3998,CB Bank Mobile Banking,FINANCE,Everyone,Finance,100000.0,0.0,4.5,1308.0,Free
3999,CB Mobile Access,FINANCE,Everyone,Finance,1000.0,0.0,1.5,57.0,Free
4000,CB Mobile Biz,FINANCE,Everyone,Finance,500.0,0.0,1.0,3.0,Free
4001,CB Mobile GA,FINANCE,Everyone,Finance,100.0,0.0,,1.0,Free
4002,CB Pay,FINANCE,Everyone,Finance,10000.0,0.0,4.5,198.0,Free
4003,CB Trader,FINANCE,Everyone,Finance,1000.0,0.0,4.7,11.0,Free
4004,CB-Mobile Banking,FINANCE,Everyone,Finance,10000.0,0.0,4.5,96.0,Free
4005,CCP DZ : Fill out a check | Number in letters DZD,FINANCE,Everyone,Finance,10000.0,0.0,4.7,642.0,Free
4006,C-E Federal Credit Union,FINANCE,Everyone,Finance,500.0,0.0,,1.0,Free
4007,Central Bank and Trust Co.,FINANCE,Everyone,Finance,5000.0,0.0,4.7,65.0,Free
4008,CF,FINANCE,Everyone,Finance,100.0,0.0,5.0,2.0,Free
4009,CF Invest,FINANCE,Everyone,Finance,500.0,0.0,4.4,11.0,Free
4010,CF PD,FINANCE,Everyone,Finance,100.0,0.0,,4.0,Free
4011,ChangeDA - Cours du DZD sur le marché parallèle,FINANCE,Everyone,Finance,10000.0,0.0,4.4,188.0,Free
4012,Chase Mobile,FINANCE,Everyone,Finance,10000000.0,0.0,4.6,1374549.0,Free
4013,Chime - Mobile Banking,FINANCE,Everyone,Finance,500000.0,0.0,4.3,5928.0,Free
4014,CI Capital - Dynamic,FINANCE,Everyone,Finance,50.0,0.0,4.8,4.0,Free
4015,Citi Mobile®,FINANCE,Everyone,Finance,5000000.0,0.0,4.0,78306.0,Free
4016,Citibanamex Movil,FINANCE,Everyone,Finance,5000000.0,0.0,3.6,52306.0,Free
4017,Citizens Bank - CB Mobile,FINANCE,Everyone,Finance,1000.0,0.0,4.8,6.0,Free
4018,Citizens Bank Mobile Banking,FINANCE,Everyone,Finance,1000000.0,0.0,4.1,15192.0,Free
4019,CL e-bank,FINANCE,Everyone,Finance,10000.0,0.0,4.0,210.0,Free
4020,CNBC: Breaking Business News & Live Market Data,FINANCE,Everyone,Finance,1000000.0,0.0,4.2,24647.0,Free
4021,CNBC: Breaking Business News & Live Market Data,FINANCE,Everyone,Finance,1000000.0,0.0,4.2,24666.0,Free
4022,"CoinMarketApp - CryptoCurrency Portfolio, News,ICO",FINANCE,Everyone,Finance,500000.0,0.0,4.7,20535.0,Free
4023,Commonwealth CU Go Mobile,FINANCE,Everyone,Finance,10000.0,0.0,4.3,231.0,Free
4024,Co-op Credit Union on the Go,FINANCE,Everyone,Finance,1000.0,0.0,4.4,5.0,Free
4025,Co-Optima Mobile,FINANCE,Everyone,Finance,10000.0,0.0,4.4,218.0,Free
4026,CP Federal Mobile,FINANCE,Everyone,Finance,10000.0,0.0,3.6,180.0,Free
4027,CQ Mobile,FINANCE,Everyone,Finance,1000.0,0.0,2.7,36.0,Free
4028,CQ SIGNAL PRO 5,FINANCE,Everyone,Finance,10.0,0.0,,0.0,Free
4029,Credit Karma,FINANCE,Everyone,Finance,10000000.0,0.0,4.7,706301.0,Free
4030,Credit Karma,FINANCE,Everyone,Finance,10000000.0,0.0,4.7,706302.0,Free
4031,Credit Karma,FINANCE,Everyone,Finance,10000000.0,0.0,4.7,706618.0,Free
4032,Credit Sesame,FINANCE,Everyone,Finance,1000000.0,0.0,4.3,25166.0,Free
4033,CreditWise from Capital One,FINANCE,Everyone,Finance,1000000.0,0.0,4.6,26587.0,Free
4034,Crypto Tracker by BitScreener,FINANCE,Everyone,Finance,10000.0,0.0,4.7,396.0,Free
4035,Cryptocurrency Trading - How To Trade Crypto,FINANCE,Everyone,Finance,100.0,0.0,,1.0,Free
4036,CT Checkout,FINANCE,Everyone,Finance,50.0,0.0,5.0,1.0,Free
4037,CU of Colorado Mobile Banking,FINANCE,Everyone,Finance,10000.0,0.0,4.0,347.0,Free
4038,CU SoCal Mobile Banking,FINANCE,Everyone,Finance,10000.0,0.0,4.0,253.0,Free
4039,"CU: UPI Payments, Chat & Call",FINANCE,Teen,Finance,100000.0,0.0,4.3,693.0,Free
4040,Currency Exchange DZ,FINANCE,Everyone,Finance,1000.0,0.0,,4.0,Free
4041,Current debit card and app made for teens,FINANCE,Everyone,Finance,50000.0,0.0,4.3,685.0,Free
4042,CY.SEND Online Top Up,FINANCE,Everyone,Finance,10000.0,0.0,3.2,191.0,Free
4043,Cy-Fair FCU Mobile Banking,FINANCE,Everyone,Finance,5000.0,0.0,4.7,439.0,Free
4044,Cyprus CU Mobile Banking,FINANCE,Everyone,Finance,10000.0,0.0,3.4,295.0,Free
4045,D.L. Evans Bank Mobile Banking,FINANCE,Everyone,Finance,10000.0,0.0,4.3,85.0,Free
4046,Deposit Calculator FD & RD,FINANCE,Everyone,Finance,10000.0,0.0,4.4,18.0,Free
4047,Devise Dz,FINANCE,Everyone,Finance,1000.0,0.0,4.0,26.0,Free
4048,Diario Financiero,FINANCE,Everyone,Finance,10000.0,0.0,,30.0,Free
4049,Digit Save Money Automatically,FINANCE,Everyone,Finance,100000.0,0.0,4.5,8188.0,Free
4050,Digit Save Money Automatically,FINANCE,Everyone,Finance,100000.0,0.0,4.5,8188.0,Free
4051,Direct Express®,FINANCE,Everyone,Finance,500000.0,0.0,4.5,6156.0,Free
4052,Discover Mobile,FINANCE,Everyone,Finance,5000000.0,0.0,4.6,87951.0,Free
4053,DM Accounting and Payroll,FINANCE,Everyone,Finance,100.0,0.0,,0.0,Free
4054,DN Calculators,FINANCE,Everyone,Finance,100.0,0.0,5.0,12.0,Free
4055,DN Prasad,FINANCE,Everyone,Finance,100.0,0.0,,0.0,Free
4056,dt Pro,FINANCE,Everyone,Finance,1000.0,0.0,4.8,4.0,Free
4057,Dz kayas,FINANCE,Everyone,Finance,1.0,28.99,,0.0,Paid
4058,E W Bookkeeping & Accountancy,FINANCE,Everyone,Finance,100.0,0.0,,1.0,Free
4059,E*TRADE Mobile,FINANCE,Everyone,Finance,1000000.0,0.0,3.9,10658.0,Free
4060,E*TRADE Mobile,FINANCE,Everyone,Finance,1000000.0,0.0,3.9,10657.0,Free
4061,Earn Money BD,FINANCE,Everyone,Finance,5000.0,0.0,3.8,103.0,Free
4062,EB-Banking (ersetzt),FINANCE,Everyone,Finance,1000.0,0.0,,24.0,Free
4063,EC Tax,FINANCE,Everyone,Finance,500.0,0.0,4.9,8.0,Free
4064,Ecobank Mobile Banking,FINANCE,Everyone,Finance,1000000.0,0.0,4.0,12073.0,Free
4065,Education First FCU Mobile,FINANCE,Everyone,Finance,10000.0,0.0,2.9,204.0,Free
4066,Educators CU Mobile Banking,FINANCE,Everyone,Finance,50000.0,0.0,4.6,1992.0,Free
4067,EF Financial Control Free,FINANCE,Everyone,Finance,10000.0,0.0,4.4,58.0,Free
4068,EF-myHR,FINANCE,Everyone,Finance,1000.0,0.0,2.9,26.0,Free
4069,EG Tax Service,FINANCE,Everyone,Finance,100.0,0.0,,1.0,Free
4070,EH National Mobile Banking,FINANCE,Everyone,Finance,50.0,0.0,,0.0,Free
4071,EI Mobile,FINANCE,Everyone,Finance,100000.0,0.0,3.8,4231.0,Free
4072,EI SmartMiles,FINANCE,Everyone,Finance,1000.0,0.0,2.4,9.0,Free
4073,EMI Calculator | FD Calculator | RD calculator,FINANCE,Everyone,Finance,10000.0,0.0,4.6,106.0,Free
4074,"EMI, FD, RD - Bank Calculator",FINANCE,Everyone,Finance,5000.0,0.0,4.7,42.0,Free
4075,EMI/FD/RD/PV/IRR/BEP/EOQ Calc,FINANCE,Everyone,Finance,10000.0,0.0,4.5,58.0,Free
4076,E-NUM,FINANCE,Everyone,Finance,500000.0,0.0,4.0,10374.0,Free
4077,EO.TRADE - Coin sale,FINANCE,Everyone,Finance,10000.0,0.0,4.3,95.0,Free
4078,EP FCU,FINANCE,Everyone,Finance,100.0,0.0,,2.0,Free
4079,ePay.bg,FINANCE,Everyone,Finance,100000.0,0.0,4.4,2017.0,Free
4080,ET Markets : NSE & BSE India,FINANCE,Everyone,Finance,1000000.0,0.0,4.2,24980.0,Free
4081,EU Mobile Money,FINANCE,Everyone,Finance,100000.0,0.0,3.9,460.0,Free
4082,EU Mobile Money Partenaire Commercial,FINANCE,Everyone,Finance,10000.0,0.0,4.3,70.0,Free
4083,Eu sou Rico,FINANCE,Everyone,Finance,0.0,30.99,,0.0,Paid
4084,Eu Sou Rico,FINANCE,Everyone,Finance,0.0,394.99,,0.0,Paid
4085,EUROBANK CY,FINANCE,Everyone,Finance,100.0,0.0,,30.0,Free
4086,"Even - organize your money, get paid early",FINANCE,Everyone,Finance,100000.0,0.0,4.8,12304.0,Free
4087,Everlance: Free Mileage Log,FINANCE,Everyone,Finance,100000.0,0.0,4.7,7514.0,Free
4088,Exchange Bank - EB Mobile,FINANCE,Everyone,Finance,1000.0,0.0,4.6,8.0,Free
4089,Expense IQ Money Manager,FINANCE,Everyone,Finance,1000000.0,0.0,4.4,21570.0,Free
4090,Experian - Free Credit Report,FINANCE,Everyone,Finance,1000000.0,0.0,4.6,23130.0,Free
4091,EY Expenses,FINANCE,Everyone,Finance,1000.0,0.0,,0.0,Free
4092,EY Forensics,FINANCE,Everyone,Finance,1000.0,0.0,4.9,7.0,Free
4093,EY TaxChat,FINANCE,Everyone,Finance,1000.0,0.0,1.2,44.0,Free
4094,EZ Ag Mobile,FINANCE,Everyone,Finance,5000.0,0.0,3.4,19.0,Free
4095,EZ Financial Calculator,FINANCE,Everyone,Finance,1000.0,0.0,4.4,32.0,Free
4096,EZ Receipts,FINANCE,Everyone,Finance,100000.0,0.0,4.0,2187.0,Free
4097,F & M Mobile Banking,FINANCE,Everyone,Finance,5000.0,0.0,4.0,43.0,Free
4098,F&M Bank - EZ Banking,FINANCE,Everyone,Finance,10000.0,0.0,3.9,49.0,Free
4099,Family Savings CU Mobile,FINANCE,Everyone,Finance,10000.0,0.0,4.3,323.0,Free
4100,"FD Calculator (EMI, SIP, RD & Loan Eligilibility)",FINANCE,Everyone,Finance,1000.0,0.0,5.0,104.0,Free
4101,FD Calculator | Term Deposit | Fixed Deposit,FINANCE,Everyone,Finance,1000.0,0.0,4.8,12.0,Free
4102,FD Community FCU Mobile,FINANCE,Everyone,Finance,1000.0,0.0,4.7,175.0,Free
4103,FD Interest Calculator,FINANCE,Everyone,Finance,5000.0,0.0,4.2,17.0,Free
4104,FE CPS,FINANCE,Everyone,Finance,10000.0,0.0,3.0,62.0,Free
4105,FE CREDIT - TET VUI,FINANCE,Everyone,Finance,50000.0,0.0,4.1,125.0,Free
4106,FG Wallet,FINANCE,Everyone,Finance,1000.0,0.0,,9.0,Free
4107,FH Wallet,FINANCE,Everyone,Finance,1.0,0.0,,0.0,Free
4108,FI CFL,FINANCE,Everyone,Finance,10000.0,0.0,3.7,112.0,Free
4109,Financial Calculator BA Chien.,FINANCE,Everyone,Finance,500.0,3.99,4.2,23.0,Paid
4110,Financial Calculator India,FINANCE,Everyone,Finance,1000000.0,0.0,4.6,13819.0,Free
4111,Financial Calculator Pro EF,FINANCE,Everyone,Finance,50000.0,0.0,4.3,634.0,Free
4112,Firefighters First CU,FINANCE,Everyone,Finance,5000.0,0.0,4.8,495.0,Free
4113,First Credit Union (AZ) Mobile,FINANCE,Everyone,Finance,10000.0,0.0,3.5,100.0,Free
4114,First Federal Bank of Florida,FINANCE,Everyone,Finance,10000.0,0.0,4.3,133.0,Free
4115,First Hawaiian Bank Mobile,FINANCE,Everyone,Finance,10000.0,0.0,2.1,232.0,Free
4116,First Tech Federal CU,FINANCE,Everyone,Finance,50000.0,0.0,4.3,4290.0,Free
4117,Fix Deposit Calculator (FD),FINANCE,Everyone,Finance,1000.0,0.0,4.1,7.0,Free
4118,FO BOULANGER,FINANCE,Everyone,Finance,50.0,0.0,,10.0,Free
4119,Fortune City - A Finance App,FINANCE,Everyone,Finance,500000.0,0.0,4.6,49275.0,Free
4120,FORUM Credit Union CU Online,FINANCE,Everyone,Finance,10000.0,0.0,4.1,196.0,Free
4121,Fox Business,FINANCE,Everyone,Finance,500000.0,0.0,3.7,2594.0,Free
4122,FP Boss,FINANCE,Everyone,Finance,1.0,0.0,,1.0,Free
4123,FP FCU,FINANCE,Everyone,Finance,5000.0,0.0,3.6,48.0,Free
4124,FP Markets,FINANCE,Everyone,Finance,100.0,0.0,,1.0,Free
4125,Free coupons and vouchers,FINANCE,Everyone,Finance,100.0,0.0,5.0,4.0,Free
4126,FREE Stock Market Trading Tips,FINANCE,Everyone,Finance,50000.0,0.0,3.9,714.0,Free
4127,Freedom CU,FINANCE,Everyone,Finance,10000.0,0.0,3.6,117.0,Free
4128,Fresh EBT - Food Stamp Balance,FINANCE,Everyone,Finance,1000000.0,0.0,4.5,19870.0,Free
4129,FX LITE BO,FINANCE,Everyone,Finance,10000.0,0.0,3.6,73.0,Free
4130,"GCash - Buy Load, Pay Bills, Send Money",FINANCE,Everyone,Finance,1000000.0,0.0,4.0,25508.0,Free
4131,GoBank,FINANCE,Everyone,Finance,500000.0,0.0,4.4,5950.0,Free
4132,Gold Quote - Gold.fr,FINANCE,Everyone,Finance,10000.0,0.0,,96.0,Free
4133,Google Pay,FINANCE,Everyone,Finance,100000000.0,0.0,4.2,347838.0,Free
4134,Google Pay,FINANCE,Everyone,Finance,100000000.0,0.0,4.2,347838.0,Free
4135,Google Pay,FINANCE,Everyone,Finance,100000000.0,0.0,4.2,347874.0,Free
4136,Google Pay,FINANCE,Everyone,Finance,100000000.0,0.0,4.2,348132.0,Free
4137,Grenada Co-operative Bank,FINANCE,Everyone,Finance,10000.0,0.0,4.4,137.0,Free
4138,HDFC Bank MobileBanking,FINANCE,Everyone,Finance,10000000.0,0.0,4.2,208463.0,Free
4139,Hesab.af - Send money in Afghanistan,FINANCE,Everyone,Finance,1000.0,0.0,4.7,51.0,Free
4140,Huntington Mobile,FINANCE,Everyone,Finance,1000000.0,0.0,4.2,11264.0,Free
4141,"Hurdlr: Track Mileage, Expenses, and Log Receipts",FINANCE,Everyone,Finance,100000.0,0.0,4.6,3596.0,Free
4142,I am Rich,FINANCE,Everyone,Finance,5000.0,399.99,4.3,180.0,Paid
4143,I am rich (Most expensive app),FINANCE,Teen,Finance,1000.0,399.99,4.1,129.0,Paid
4144,I Am Rich Premium,FINANCE,Everyone,Finance,50000.0,399.99,4.1,1867.0,Paid
4145,I am Rich Premium Plus,FINANCE,Everyone,Finance,10000.0,18.99,4.6,459.0,Paid
4146,I AM RICH PRO PLUS,FINANCE,Everyone,Finance,1000.0,399.99,4.0,36.0,Paid
4147,I am Rich!,FINANCE,Everyone,Finance,1000.0,399.99,3.8,93.0,Paid
4148,I am rich(premium),FINANCE,Everyone,Finance,5000.0,399.99,3.5,472.0,Paid
4149,iBiznes24 mobile,FINANCE,Everyone,Finance,5000.0,0.0,,38.0,Free
4150,IKO,FINANCE,Everyone,Finance,1000000.0,0.0,4.7,167168.0,Free
4151,ING Banking,FINANCE,Everyone,Finance,1000000.0,0.0,4.4,39041.0,Free
4152,Intesa Sanpaolo Mobile,FINANCE,Everyone,Finance,1000000.0,0.0,3.6,35518.0,Free
4153,Intra- and extra-EU trade data,FINANCE,Everyone,Finance,100.0,0.0,,1.0,Free
4154,Inwestor mobile,FINANCE,Everyone,Finance,10000.0,0.0,3.2,124.0,Free
4155,Itau bank,FINANCE,Everyone,Finance,10000000.0,0.0,4.2,957973.0,Free
4156,"JStock - Stock Market, Portfolio & News",FINANCE,Everyone,Finance,500000.0,0.0,4.6,11066.0,Free
4157,K PLUS,FINANCE,Everyone,Finance,10000000.0,0.0,4.4,124424.0,Free
4158,K PLUS,FINANCE,Everyone,Finance,10000000.0,0.0,4.4,124324.0,Free
4159,KTB Netbank,FINANCE,Everyone,Finance,5000000.0,0.0,3.8,42644.0,Free
4160,Lake Michigan CU Mobile,FINANCE,Everyone,Finance,50000.0,0.0,4.0,732.0,Free
4161,Lead'er,FINANCE,Everyone,Finance,5000.0,0.0,4.1,54.0,Free
4162,LEADS FA,FINANCE,Everyone,Finance,1000.0,0.0,,31.0,Free
4163,loans.com.au Smart Money,FINANCE,Everyone,Finance,1000.0,0.0,3.5,30.0,Free
4164,Maps CU,FINANCE,Everyone,Finance,10000.0,0.0,3.5,256.0,Free
4165,Meritrust CU Mobile Banking,FINANCE,Everyone,Finance,50000.0,0.0,4.7,3661.0,Free
4166,MetaTrader 4,FINANCE,Everyone,Finance,5000000.0,0.0,4.6,260547.0,Free
4167,MetaTrader 5,FINANCE,Everyone,Finance,1000000.0,0.0,4.5,42410.0,Free
4168,Meu Cartão BV,FINANCE,Everyone,Finance,500000.0,0.0,4.1,15057.0,Free
4169,m-Faisaa,FINANCE,Everyone,Finance,10000.0,0.0,4.0,142.0,Free
4170,MileIQ - Free Mileage Tracker for Business,FINANCE,Everyone,Finance,1000000.0,0.0,4.5,46106.0,Free
4171,"Mint: Budget, Bills, Finance",FINANCE,Everyone,Finance,5000000.0,0.0,4.3,129304.0,Free
4172,"Mint: Budget, Bills, Finance",FINANCE,Everyone,Finance,5000000.0,0.0,4.3,129304.0,Free
4173,"Mint: Budget, Bills, Finance",FINANCE,Everyone,Finance,5000000.0,0.0,4.3,129305.0,Free
4174,Mobile Bancomer,FINANCE,Everyone,Finance,10000000.0,0.0,4.2,278082.0,Free
4175,Mobilight-BM,FINANCE,Everyone,Finance,500.0,0.0,4.8,6.0,Free
4176,Mobills: Budget Planner,FINANCE,Everyone,Finance,1000000.0,0.0,4.6,161440.0,Free
4177,mon guide au bank populaire -infos et instructions,FINANCE,Teen,Finance,1000.0,0.0,,4.0,Free
4178,Monefy - Money Manager,FINANCE,Everyone,Finance,1000000.0,0.0,4.6,111254.0,Free
4179,"Money Lover: Expense Tracker, Budget Planner",FINANCE,Everyone,Finance,1000000.0,0.0,4.4,126431.0,Free
4180,"Money Lover: Expense Tracker, Budget Planner",FINANCE,Everyone,Finance,1000000.0,0.0,4.4,126447.0,Free
4181,Money Manager Ex for Android,FINANCE,Everyone,Finance,100000.0,0.0,4.2,2695.0,Free
4182,Money Manager Expense & Budget,FINANCE,Everyone,Finance,5000000.0,0.0,4.6,134564.0,Free
4183,"Moneycontrol – Stocks, Sensex, Mutual Funds, IPO",FINANCE,Everyone,Finance,5000000.0,0.0,4.4,281485.0,Free
4184,"Moneycontrol – Stocks, Sensex, Mutual Funds, IPO",FINANCE,Everyone,Finance,5000000.0,0.0,4.4,281635.0,Free
4185,Moven - Smart Finances,FINANCE,Everyone,Finance,100000.0,0.0,3.8,861.0,Free
4186,MSN Money- Stock Quotes & News,FINANCE,Everyone,Finance,1000000.0,0.0,4.5,78361.0,Free
4187,My Budget Book,FINANCE,Everyone,Finance,100000.0,2.99,4.7,19784.0,Paid
4188,my face,FINANCE,Everyone,Finance,100000.0,0.0,3.8,1054.0,Free
4189,MYCU TX Mobile Banking,FINANCE,Everyone,Finance,100.0,0.0,3.0,4.0,Free
4190,MyMo by GSB,FINANCE,Everyone,Finance,1000000.0,0.0,4.2,21996.0,Free
4191,Navy Federal Credit Union,FINANCE,Everyone,Finance,1000000.0,0.0,4.4,43313.0,Free
4192,NB|AZ Business Mobile Banking,FINANCE,Everyone,Finance,1000.0,0.0,4.1,44.0,Free
4193,NB|AZ Mobile Banking,FINANCE,Everyone,Finance,10000.0,0.0,4.0,463.0,Free
4194,Nedbank Money,FINANCE,Everyone,Finance,500000.0,0.0,4.2,6076.0,Free
4195,"NerdWallet: Personal Finance, Credit Score & Cash",FINANCE,Everyone,Finance,100000.0,0.0,4.6,2417.0,Free
4196,NetSpend Prepaid,FINANCE,Everyone,Finance,1000000.0,0.0,4.2,15993.0,Free
4197,Netspend Skylight ONE,FINANCE,Everyone,Finance,100000.0,0.0,3.9,1098.0,Free
4198,NSE Mobile Trading,FINANCE,Everyone,Finance,1000000.0,0.0,4.1,13868.0,Free
4199,Nubank,FINANCE,Everyone,Finance,5000000.0,0.0,4.7,130582.0,Free
4200,Numerica CU,FINANCE,Everyone,Finance,50000.0,0.0,3.8,472.0,Free
4201,Nusenda CU– Mobile Banking,FINANCE,Everyone,Finance,50000.0,0.0,3.5,805.0,Free
4202,NY mobilbank DK - Danske Bank,FINANCE,Everyone,Finance,100000.0,0.0,2.8,851.0,Free
4203,Online Kerala EB Bill Pay,FINANCE,Everyone,Finance,5000.0,0.0,4.0,37.0,Free
4204,PayPal,FINANCE,Everyone,Finance,50000000.0,0.0,4.3,659741.0,Free
4205,PayPal,FINANCE,Everyone,Finance,50000000.0,0.0,4.3,659760.0,Free
4206,People's Bank,FINANCE,Everyone,Finance,1000000.0,0.0,3.6,10697.0,Free
4207,Policy And FD Manager,FINANCE,Everyone,Finance,500.0,0.0,4.3,20.0,Free
4208,Post Bank,FINANCE,Everyone,Finance,1000000.0,0.0,4.5,60449.0,Free
4209,PriorityONE Credit Union of Fl,FINANCE,Everyone,Finance,1000.0,0.0,4.7,178.0,Free
4210,"Prism Pay Bills, Track Money, Personal Finance",FINANCE,Everyone,Finance,500000.0,0.0,4.6,16961.0,Free
4211,Public Service CU Mobile,FINANCE,Everyone,Finance,10000.0,0.0,2.0,314.0,Free
4212,Q Mobile Banking,FINANCE,Everyone,Finance,10000.0,0.0,4.7,460.0,Free
4213,Qapital - Save Small. Live Large,FINANCE,Everyone,Finance,100000.0,0.0,4.5,8662.0,Free
4214,QuickBooks Self-Employed:Mileage Tracker and Taxes,FINANCE,Everyone,Finance,1000000.0,0.0,4.4,15141.0,Free
4215,R Bank,FINANCE,Everyone,Finance,5000.0,0.0,4.3,90.0,Free
4216,Rabo Banking,FINANCE,Everyone,Finance,1000000.0,0.0,3.4,31906.0,Free
4217,Ray Financial Calculator Pro,FINANCE,Everyone,Finance,10000.0,2.99,4.0,67.0,Paid
4218,RD/FD Calculator,FINANCE,Everyone,Finance,10000.0,0.0,4.4,92.0,Free
4219,Red River CU,FINANCE,Everyone,Finance,10000.0,0.0,3.3,343.0,Free
4220,Redwood CU v3.1.0,FINANCE,Everyone,Finance,50000.0,0.0,3.8,480.0,Free
4221,REI Co-op Mastercard,FINANCE,Everyone,Finance,10000.0,0.0,2.9,320.0,Free
4222,Rewards,FINANCE,Everyone,Finance,5000.0,0.0,3.8,57.0,Free
4223,"Robinhood - Investing, No Fees",FINANCE,Everyone,Finance,1000000.0,0.0,4.6,57493.0,Free
4224,"Robinhood - Investing, No Fees",FINANCE,Everyone,Finance,1000000.0,0.0,4.6,57493.0,Free
4225,Santa Fe FCU Mobile Banking,FINANCE,Everyone,Finance,1000.0,0.0,4.3,12.0,Free
4226,SB · FN 1870 Mobile Banking,FINANCE,Everyone,Finance,10000.0,0.0,2.9,139.0,Free
4227,SCB EASY,FINANCE,Everyone,Finance,5000000.0,0.0,4.2,112656.0,Free
4228,Seeking Alpha,FINANCE,Everyone,Finance,1000000.0,0.0,4.5,22808.0,Free
4229,Service CU Mobile Banking,FINANCE,Everyone,Finance,100000.0,0.0,4.7,6208.0,Free
4230,Simple - Better Banking,FINANCE,Everyone,Finance,100000.0,0.0,4.4,7731.0,Free
4231,Simple - Better Banking,FINANCE,Everyone,Finance,100000.0,0.0,4.4,7731.0,Free
4232,Soo Co-op Mobile Banking,FINANCE,Everyone,Finance,1000.0,0.0,4.5,159.0,Free
4233,Southland CU,FINANCE,Everyone,Finance,10000.0,0.0,3.8,109.0,Free
4234,Space Coast CU Mobile,FINANCE,Everyone,Finance,100000.0,0.0,3.8,922.0,Free
4235,Sprig by CO-OP,FINANCE,Everyone,Finance,10000.0,0.0,2.9,252.0,Free
4236,Standard Bank / Stanbic Bank,FINANCE,Everyone,Finance,1000000.0,0.0,3.6,15247.0,Free
4237,Standard Chartered Mobile (BW),FINANCE,Everyone,Finance,10000.0,0.0,4.4,96.0,Free
4238,Stash: Invest. Learn. Save.,FINANCE,Everyone,Finance,1000000.0,0.0,4.2,11919.0,Free
4239,Stock Quote,FINANCE,Everyone,Finance,500000.0,0.0,4.1,4344.0,Free
4240,Stock Trainer: Virtual Trading (Stock Markets),FINANCE,Everyone,Finance,1000000.0,0.0,4.4,42809.0,Free
4241,"Stocks, Forex, Bitcoin, Ethereum: Portfolio & News",FINANCE,Everyone,Finance,5000000.0,0.0,4.6,157505.0,Free
4242,Stocks: Realtime Quotes Charts,FINANCE,Everyone,Finance,1000000.0,0.0,4.5,16808.0,Free
4243,Synd e-Passbook,FINANCE,Everyone,Finance,1000000.0,0.0,4.3,9400.0,Free
4244,T. Rowe Price Personal® App,FINANCE,Everyone,Finance,50000.0,0.0,4.5,1057.0,Free
4245,Tamilnadu EB Online Payment,FINANCE,Everyone,Finance,100000.0,0.0,3.7,155.0,Free
4246,Tech CU Card Manager,FINANCE,Everyone,Finance,1000.0,0.0,1.0,2.0,Free
4247,Tech CU Mobile Banking,FINANCE,Everyone,Finance,10000.0,0.0,4.5,853.0,Free
4248,The dollar in mexico,FINANCE,Everyone,Finance,100000.0,0.0,4.5,4254.0,Free
4249,The postal bank,FINANCE,Everyone,Finance,5000000.0,0.0,3.7,36718.0,Free
4250,The Societe Generale App,FINANCE,Everyone,Finance,1000000.0,0.0,4.1,31218.0,Free
4251,Tigo Money El Salvador,FINANCE,Everyone,Finance,100000.0,0.0,4.3,4642.0,Free
4252,T-Mobile in,FINANCE,Everyone,Finance,1000000.0,0.0,3.5,3856.0,Free
4253,TNEB Bill Checker / TNEB Bill Status,FINANCE,Everyone,Finance,1000.0,0.0,2.5,2.0,Free
4254,TNEB Quick Pay Easy,FINANCE,Teen,Finance,10000.0,0.0,4.5,28.0,Free
4255,"Trading 212 - Forex, Stocks, CFDs",FINANCE,Everyone,Finance,5000000.0,0.0,4.3,37580.0,Free
4256,Transfer,FINANCE,Everyone,Finance,5000000.0,0.0,4.1,31804.0,Free
4257,Travis CU,FINANCE,Everyone,Finance,10000.0,0.0,2.0,207.0,Free
4258,Tri-Ag (WV) FCU,FINANCE,Everyone,Finance,100.0,0.0,,0.0,Free
4259,Tropical Financial CU,FINANCE,Everyone,Finance,10000.0,0.0,4.6,1231.0,Free
4260,TrueMoney Wallet,FINANCE,Everyone,Finance,5000000.0,0.0,4.4,199684.0,Free
4261,Tunisian Dinar: Exchange rate,FINANCE,Everyone,Finance,10000.0,0.0,4.5,625.0,Free
4262,U by BB&T,FINANCE,Everyone,Finance,1000000.0,0.0,4.3,16600.0,Free
4263,U of I Community Credit Union,FINANCE,Everyone,Finance,5000.0,0.0,3.7,52.0,Free
4264,U.S. Bank,FINANCE,Everyone,Finance,1000000.0,0.0,4.1,70782.0,Free
4265,UBA Mobile Banking,FINANCE,Everyone,Finance,1000000.0,0.0,4.3,12185.0,Free
4266,US Stock Market,FINANCE,Everyone,Finance,100000.0,0.0,4.4,1922.0,Free
4267,USAA Mobile,FINANCE,Everyone,Finance,5000000.0,0.0,4.5,100997.0,Free
4268,USE Credit Union Mobile,FINANCE,Everyone,Finance,10000.0,0.0,4.6,964.0,Free
4269,VTB-Online,FINANCE,Everyone,Finance,5000000.0,0.0,4.1,138371.0,Free
4270,"WalletHub - Free Credit Score, Report & Monitoring",FINANCE,Everyone,Finance,50000.0,0.0,4.7,1311.0,Free
4271,Walmart MoneyCard,FINANCE,Everyone,Finance,1000000.0,0.0,4.2,6148.0,Free
4272,Webull - Stock Quotes & Free Stock Trading,FINANCE,Everyone,Finance,1000000.0,0.0,4.3,34861.0,Free
4273,Wells Fargo Daily Change,FINANCE,Everyone,Finance,100000.0,0.0,4.2,283.0,Free
4274,Wells Fargo Daily Change,FINANCE,Everyone,Finance,100000.0,0.0,4.2,283.0,Free
4275,Wells Fargo Mobile,FINANCE,Everyone,Finance,10000000.0,0.0,4.4,250706.0,Free
4276,Wells Fargo Mobile,FINANCE,Everyone,Finance,10000000.0,0.0,4.4,250719.0,Free
4277,Western Union US - Send Money Transfers Quickly,FINANCE,Everyone,Finance,5000000.0,0.0,4.5,80904.0,Free
4278,WiseBanyan - Invest For Free,FINANCE,Everyone,Finance,10000.0,0.0,4.2,257.0,Free
4279,Yahoo Finance,FINANCE,Everyone,Finance,5000000.0,0.0,4.4,135952.0,Free
4280,Zenith Bank Mobile App,FINANCE,Everyone,Finance,1000000.0,0.0,4.3,7215.0,Free
4281,ZiraatBank BH,FINANCE,Everyone,Finance,10000.0,0.0,4.1,58.0,Free
4282,3D Metal Piano Keys Keyboard Theme,FOOD_AND_DRINK,Everyone,Food & Drink,100000.0,0.0,4.4,467.0,Free
4283,50 Healthy Slow Cooker Recipes,FOOD_AND_DRINK,Everyone 10+,Food & Drink,10000.0,0.0,4.0,196.0,Free
4284,9th stage,FOOD_AND_DRINK,Everyone,Food & Drink,100000.0,0.0,4.5,454.0,Free
4285,A&W Restaurants,FOOD_AND_DRINK,Everyone,Food & Drink,1000.0,0.0,1.7,14.0,Free
4286,¿Es Vegan?,FOOD_AND_DRINK,Everyone,Food & Drink,10000.0,0.0,4.6,438.0,Free
4287,AJ-COMICS,FOOD_AND_DRINK,Everyone,Food & Drink,5.0,0.0,,0.0,Free
4288,Allrecipes Dinner Spinner,FOOD_AND_DRINK,Everyone,Food & Drink,5000000.0,0.0,4.5,61881.0,Free
4289,Arby's,FOOD_AND_DRINK,Everyone,Food & Drink,100000.0,0.0,3.1,194.0,Free
4290,Au Bon Pain,FOOD_AND_DRINK,Everyone,Food & Drink,10000.0,0.0,3.7,70.0,Free
4291,AV Anthony's,FOOD_AND_DRINK,Everyone,Food & Drink,50.0,0.0,,0.0,Free
4292,B.GOOD,FOOD_AND_DRINK,Everyone,Food & Drink,10000.0,0.0,2.9,155.0,Free
4293,Bar-B-Q Recipes,FOOD_AND_DRINK,Everyone,Food & Drink,5000.0,0.0,4.8,18.0,Free
4294,BAR-B-Q Recipes,FOOD_AND_DRINK,Everyone,Food & Drink,100.0,0.0,,0.0,Free
4295,Bar-B-Q Rib House,FOOD_AND_DRINK,Everyone,Food & Drink,50.0,0.0,5.0,2.0,Free
4296,Baskin-Robbins,FOOD_AND_DRINK,Everyone,Food & Drink,100000.0,0.0,3.8,1103.0,Free
4297,BeyondMenu Food Delivery,FOOD_AND_DRINK,Everyone,Food & Drink,1000000.0,0.0,4.7,51517.0,Free
4298,BeyondMenu Food Delivery,FOOD_AND_DRINK,Everyone,Food & Drink,1000000.0,0.0,4.7,51543.0,Free
4299,BG Burger,FOOD_AND_DRINK,Everyone,Food & Drink,10.0,0.0,,1.0,Free
4300,BH Açaí,FOOD_AND_DRINK,Everyone,Food & Drink,100.0,0.0,,3.0,Free
4301,BH Recepti,FOOD_AND_DRINK,Everyone,Food & Drink,500.0,0.0,,3.0,Free
4302,"BigOven Recipes, Meal Planner, Grocery List & More",FOOD_AND_DRINK,Teen,Food & Drink,1000000.0,0.0,4.3,31986.0,Free
4303,BQ Wings,FOOD_AND_DRINK,Everyone,Food & Drink,50.0,0.0,,1.0,Free
4304,BURGER KING® Puerto Rico,FOOD_AND_DRINK,Everyone,Food & Drink,100000.0,0.0,4.5,2448.0,Free
4305,Caviar - Food Delivery,FOOD_AND_DRINK,Everyone,Food & Drink,100000.0,0.0,4.2,3755.0,Free
4306,Chef - Recipes & Cooking,FOOD_AND_DRINK,Everyone,Food & Drink,5000000.0,0.0,4.1,32405.0,Free
4307,ChefTap Recipes & Grocery List,FOOD_AND_DRINK,Everyone,Food & Drink,500000.0,0.0,4.5,9066.0,Free
4308,Chick-fil-A,FOOD_AND_DRINK,Everyone,Food & Drink,5000000.0,0.0,4.3,28008.0,Free
4309,Chick-fil-A,FOOD_AND_DRINK,Everyone,Food & Drink,5000000.0,0.0,4.3,28009.0,Free
4310,Chick-fil-A,FOOD_AND_DRINK,Everyone,Food & Drink,5000000.0,0.0,4.3,27931.0,Free
4311,CJ Infinity,FOOD_AND_DRINK,Everyone,Food & Drink,10.0,0.0,,0.0,Free
4312,Cookbook Recipes,FOOD_AND_DRINK,Teen,Food & Drink,5000000.0,0.0,4.1,46539.0,Free
4313,Cookpad,FOOD_AND_DRINK,Everyone,Food & Drink,10000000.0,0.0,4.5,131569.0,Free
4314,Cookpad - FREE recipe search makes fun cooking · musical making!,FOOD_AND_DRINK,Everyone,Food & Drink,10000000.0,0.0,4.1,64784.0,Free
4315,Coupons for Burger King,FOOD_AND_DRINK,Teen,Food & Drink,500.0,0.0,4.5,41.0,Free
4316,Coupons for Dairy Queen,FOOD_AND_DRINK,Teen,Food & Drink,100.0,0.0,4.6,42.0,Free
4317,Dairy Queen,FOOD_AND_DRINK,Everyone,Food & Drink,100000.0,0.0,3.7,731.0,Free
4318,Dairy Queen,FOOD_AND_DRINK,Everyone,Food & Drink,100000.0,0.0,3.6,742.0,Free
4319,Debonairs Pizza,FOOD_AND_DRINK,Everyone,Food & Drink,500000.0,0.0,3.8,3320.0,Free
4320,Delicious Recipes,FOOD_AND_DRINK,Teen,Food & Drink,1000000.0,0.0,4.7,129737.0,Free
4321,DELISH KITCHEN - FREE recipe movies make food fun and easy!,FOOD_AND_DRINK,Everyone,Food & Drink,1000000.0,0.0,4.6,32997.0,Free
4322,"Delivery Club-food delivery: pizza, sushi, burger, salad",FOOD_AND_DRINK,Everyone,Food & Drink,5000000.0,0.0,4.3,151080.0,Free
4323,Delivery trough - delivery trough delivery trough,FOOD_AND_DRINK,Everyone,Food & Drink,5000000.0,0.0,4.3,58316.0,Free
4324,Delivery yogi.,FOOD_AND_DRINK,Everyone,Food & Drink,10000000.0,0.0,4.4,90042.0,Free
4325,"delivery.com: Order Food, Alcohol & Laundry",FOOD_AND_DRINK,Everyone,Food & Drink,100000.0,0.0,4.1,1920.0,Free
4326,Domino's Pizza USA,FOOD_AND_DRINK,Everyone,Food & Drink,10000000.0,0.0,4.7,1032935.0,Free
4327,Domino's Pizza USA,FOOD_AND_DRINK,Everyone,Food & Drink,10000000.0,0.0,4.7,1032935.0,Free
4328,DoorDash - Food Delivery,FOOD_AND_DRINK,Everyone,Food & Drink,1000000.0,0.0,4.5,104504.0,Free
4329,DQ Texas,FOOD_AND_DRINK,Everyone,Food & Drink,100000.0,0.0,4.1,336.0,Free
4330,Dr. Oetker recipe ideas,FOOD_AND_DRINK,Everyone,Food & Drink,1000000.0,0.0,4.2,8509.0,Free
4331,Dunkin' Donuts,FOOD_AND_DRINK,Everyone,Food & Drink,1000000.0,0.0,4.2,68103.0,Free
4332,Dunkin' Donuts,FOOD_AND_DRINK,Everyone,Food & Drink,1000000.0,0.0,4.2,68270.0,Free
4333,Easy and Fast Recipes,FOOD_AND_DRINK,Everyone,Food & Drink,50000.0,0.0,,95.0,Free
4334,Easy and quick desserts,FOOD_AND_DRINK,Everyone 10+,Food & Drink,100000.0,0.0,4.6,1398.0,Free
4335,Easy Healthy Recipes,FOOD_AND_DRINK,Everyone,Food & Drink,50000.0,0.0,4.1,278.0,Free
4336,Easy Recipes,FOOD_AND_DRINK,Everyone,Food & Drink,100000.0,0.0,4.7,2707.0,Free
4337,"Eat Fast Prepare ""Without Internet""",FOOD_AND_DRINK,Everyone,Food & Drink,1000000.0,0.0,4.6,4925.0,Free
4338,Eat24 Food Delivery & Takeout,FOOD_AND_DRINK,Everyone,Food & Drink,1000000.0,0.0,4.3,40116.0,Free
4339,EatStreet Food Delivery App,FOOD_AND_DRINK,Everyone,Food & Drink,100000.0,0.0,4.6,7690.0,Free
4340,El Pollo Loco - Loco Rewards,FOOD_AND_DRINK,Everyone,Food & Drink,100000.0,0.0,4.0,848.0,Free
4341,Food-Aw - Order Food Online in Aruba,FOOD_AND_DRINK,Everyone,Food & Drink,100.0,0.0,5.0,1.0,Free
4342,foodpanda - Local Food Delivery,FOOD_AND_DRINK,Everyone,Food & Drink,10000000.0,0.0,4.0,292969.0,Free
4343,Foursquare City Guide,FOOD_AND_DRINK,Teen,Food & Drink,10000000.0,0.0,4.1,483960.0,Free
4344,Frigo Magic: Easy recipe idea and anti-waste,FOOD_AND_DRINK,Everyone,Food & Drink,500000.0,0.0,4.1,2473.0,Free
4345,Gâteau au yaourt,FOOD_AND_DRINK,Everyone,Food & Drink,10000.0,0.0,,38.0,Free
4346,GialloZafferano: Recipes,FOOD_AND_DRINK,Everyone,Food & Drink,1000000.0,0.0,4.3,30224.0,Free
4347,Grubhub: Food Delivery,FOOD_AND_DRINK,Everyone,Food & Drink,5000000.0,0.0,4.5,155944.0,Free
4348,Grubhub: Food Delivery,FOOD_AND_DRINK,Everyone,Food & Drink,5000000.0,0.0,4.5,155944.0,Free
4349,Healthy Recipes Free,FOOD_AND_DRINK,Everyone,Food & Drink,100000.0,0.0,4.0,1077.0,Free
4350,hellofood - Food Delivery,FOOD_AND_DRINK,Everyone,Food & Drink,1000000.0,0.0,4.0,43614.0,Free
4351,HungerStation,FOOD_AND_DRINK,Everyone,Food & Drink,1000000.0,0.0,3.8,22513.0,Free
4352,IHOP®,FOOD_AND_DRINK,Everyone,Food & Drink,100000.0,0.0,4.2,441.0,Free
4353,Instacart: Grocery Delivery,FOOD_AND_DRINK,Everyone,Food & Drink,1000000.0,0.0,4.4,17071.0,Free
4354,Jimbo's Pit Bar B-Q,FOOD_AND_DRINK,Everyone,Food & Drink,100.0,0.0,,3.0,Free
4355,Kitchen Stories - Recipes & Cooking,FOOD_AND_DRINK,Everyone,Food & Drink,1000000.0,0.0,4.6,22015.0,Free
4356,Little Caesars,FOOD_AND_DRINK,Everyone,Food & Drink,500000.0,0.0,3.3,1726.0,Free
4357,McDelivery Cyprus,FOOD_AND_DRINK,Everyone,Food & Drink,10000.0,0.0,3.3,60.0,Free
4358,McDonald's,FOOD_AND_DRINK,Everyone,Food & Drink,10000000.0,0.0,3.6,145323.0,Free
4359,McDonald's,FOOD_AND_DRINK,Everyone,Food & Drink,10000000.0,0.0,3.6,145646.0,Free
4360,McDonald's - McDonald's Japan,FOOD_AND_DRINK,Everyone,Food & Drink,10000000.0,0.0,3.4,109784.0,Free
4361,Miller's Bar B-Q,FOOD_AND_DRINK,Everyone,Food & Drink,50.0,0.0,,0.0,Free
4362,Munchery: Chef Crafted Fresh Food Delivered,FOOD_AND_DRINK,Everyone,Food & Drink,50000.0,0.0,3.9,464.0,Free
4363,My CookBook (Recipe Manager),FOOD_AND_DRINK,Everyone,Food & Drink,1000000.0,0.0,4.5,22071.0,Free
4364,My CookBook Pro (Ad Free),FOOD_AND_DRINK,Everyone,Food & Drink,10000.0,3.49,4.6,2129.0,Paid
4365,My Recipes Cookbook : RecetteTek,FOOD_AND_DRINK,Everyone,Food & Drink,100000.0,0.0,4.6,11707.0,Free
4366,Om Waleed Sweets,FOOD_AND_DRINK,Teen,Food & Drink,100000.0,0.0,4.6,556.0,Free
4367,OpenRice,FOOD_AND_DRINK,Everyone,Food & Drink,1000000.0,0.0,3.6,14952.0,Free
4368,OpenTable: Restaurants Near Me,FOOD_AND_DRINK,Everyone,Food & Drink,5000000.0,0.0,4.6,90242.0,Free
4369,orderin.bm,FOOD_AND_DRINK,Everyone,Food & Drink,1.0,0.0,,0.0,Free
4370,Panera Bread,FOOD_AND_DRINK,Everyone,Food & Drink,1000000.0,0.0,4.2,10159.0,Free
4371,Panera Bread,FOOD_AND_DRINK,Everyone,Food & Drink,1000000.0,0.0,4.2,10225.0,Free
4372,Paprika Recipe Manager,FOOD_AND_DRINK,Everyone,Food & Drink,50000.0,4.99,4.1,1268.0,Paid
4373,Pastry & Cooking (Without Net),FOOD_AND_DRINK,Everyone,Food & Drink,1000000.0,0.0,4.7,6118.0,Free
4374,Pizza Hut,FOOD_AND_DRINK,Everyone,Food & Drink,10000000.0,0.0,4.4,321134.0,Free
4375,Popeyes® App,FOOD_AND_DRINK,Everyone,Food & Drink,50000.0,0.0,3.7,61.0,Free
4376,Postmates Food Delivery: Order Eats & Alcohol,FOOD_AND_DRINK,Everyone,Food & Drink,1000000.0,0.0,3.6,22875.0,Free
4377,Postmates Food Delivery: Order Eats & Alcohol,FOOD_AND_DRINK,Everyone,Food & Drink,1000000.0,0.0,3.6,22875.0,Free
4378,Pyaterochka,FOOD_AND_DRINK,Everyone,Food & Drink,1000000.0,0.0,3.1,8412.0,Free
4379,Q-Tech Companion App,FOOD_AND_DRINK,Everyone,Food & Drink,10000.0,0.0,1.8,17.0,Free
4380,Recettes Faciles et Rapides,FOOD_AND_DRINK,Everyone,Food & Drink,50000.0,0.0,,95.0,Free
4381,Recipe Keeper,FOOD_AND_DRINK,Everyone,Food & Drink,100000.0,0.0,4.4,1962.0,Free
4382,Recipes Pastries and homemade pies More than 500 recipes for pastries,FOOD_AND_DRINK,Everyone,Food & Drink,500000.0,0.0,4.7,14065.0,Free
4383,Refreshing app Free application that can use deal coupons,FOOD_AND_DRINK,Everyone,Food & Drink,1000000.0,0.0,3.5,10741.0,Free
4384,Santa Fe Espresso & News,FOOD_AND_DRINK,Everyone,Food & Drink,10.0,0.0,,0.0,Free
4385,SarashpazPapion (Cooking with Chef Bowls),FOOD_AND_DRINK,Everyone,Food & Drink,50000.0,0.0,4.8,1250.0,Free
4386,Seamless Food Delivery/Takeout,FOOD_AND_DRINK,Everyone,Food & Drink,1000000.0,0.0,4.5,35218.0,Free
4387,Simple Recipes,FOOD_AND_DRINK,Everyone,Food & Drink,500000.0,0.0,4.7,3803.0,Free
4388,Sommelier.BG,FOOD_AND_DRINK,Teen,Food & Drink,10.0,0.0,,0.0,Free
4389,SONIC Drive-In,FOOD_AND_DRINK,Everyone,Food & Drink,1000000.0,0.0,4.3,19314.0,Free
4390,SONIC Drive-In,FOOD_AND_DRINK,Everyone,Food & Drink,1000000.0,0.0,4.3,19373.0,Free
4391,Starbucks,FOOD_AND_DRINK,Everyone,Food & Drink,10000000.0,0.0,4.5,455377.0,Free
4392,Starbucks,FOOD_AND_DRINK,Everyone,Food & Drink,10000000.0,0.0,4.5,455496.0,Free
4393,SUBWAY®,FOOD_AND_DRINK,Everyone,Food & Drink,1000000.0,0.0,3.8,21314.0,Free
4394,SUBWAY®,FOOD_AND_DRINK,Everyone,Food & Drink,1000000.0,0.0,3.8,21381.0,Free
4395,Sumine side dish - dish recipe side dish,FOOD_AND_DRINK,Everyone,Food & Drink,10000.0,0.0,,82.0,Free
4396,Talabat: Food Delivery,FOOD_AND_DRINK,Everyone,Food & Drink,5000000.0,0.0,4.5,116403.0,Free
4397,Tastely,FOOD_AND_DRINK,Everyone,Food & Drink,10000000.0,0.0,4.7,611136.0,Free
4398,Texas Bar-B-Q Rewards,FOOD_AND_DRINK,Everyone,Food & Drink,5.0,0.0,,0.0,Free
4399,TheFork - Restaurants booking and special offers,FOOD_AND_DRINK,Everyone,Food & Drink,5000000.0,0.0,4.3,37517.0,Free
4400,Uber Eats: Local Food Delivery,FOOD_AND_DRINK,Everyone,Food & Drink,10000000.0,0.0,4.2,333208.0,Free
4401,Wendy’s – Food and Offers,FOOD_AND_DRINK,Everyone,Food & Drink,1000000.0,0.0,3.4,6507.0,Free
4402,Wendy’s – Food and Offers,FOOD_AND_DRINK,Everyone,Food & Drink,1000000.0,0.0,3.4,6512.0,Free
4403,Whataburger,FOOD_AND_DRINK,Everyone,Food & Drink,500000.0,0.0,4.5,5093.0,Free
4404,Woody's Bar-B-Q,FOOD_AND_DRINK,Everyone,Food & Drink,1000.0,0.0,3.7,3.0,Free
4405,Yummly Recipes & Shopping List,FOOD_AND_DRINK,Everyone,Food & Drink,1000000.0,0.0,4.5,91359.0,Free
4406,Zaatar w Zeit,FOOD_AND_DRINK,Everyone,Food & Drink,50000.0,0.0,4.4,205.0,Free
4407,Zomato - Restaurant Finder and Food Delivery App,FOOD_AND_DRINK,Everyone,Food & Drink,10000000.0,0.0,4.3,511228.0,Free
4408,Zomato - Restaurant Finder and Food Delivery App,FOOD_AND_DRINK,Everyone,Food & Drink,10000000.0,0.0,4.3,511420.0,Free
4409,1LINE – One Line with One Touch,GAME,Everyone,Board,10000000.0,0.0,4.6,214878.0,Free
4410,211:CK,GAME,Teen,Arcade,10.0,0.99,5.0,8.0,Paid
4411,211:CK Lite,GAME,Mature 17+,Action,10.0,0.0,4.3,3.0,Free
4412,2-Player Co-op Zombie Shoot,GAME,Teen,Action,1000.0,0.0,4.2,33.0,Free
4413,4 in a Row,GAME,Everyone,Board,500000.0,0.0,3.8,4257.0,Free
4414,4 in a row,GAME,Everyone,Board,5000000.0,0.0,4.3,47698.0,Free
4415,4x4 Jeep Racer,GAME,Everyone,Racing,1000000.0,0.0,4.1,7279.0,Free
4416,5 Nights at Cube Pizzeria City,GAME,Teen,Adventure,100000.0,0.0,3.8,2691.0,Free
4417,7 Nights at Pixel Pizzeria - 2,GAME,Teen,Adventure,1000000.0,0.0,4.0,23168.0,Free
4418,8 Ball Pool,GAME,Everyone,Sports,100000000.0,0.0,4.5,14198297.0,Free
4419,8 Ball Pool,GAME,Everyone,Sports,100000000.0,0.0,4.5,14198602.0,Free
4420,8 Ball Pool,GAME,Everyone,Sports,100000000.0,0.0,4.5,14200344.0,Free
4421,8 Ball Pool,GAME,Everyone,Sports,100000000.0,0.0,4.5,14200550.0,Free
4422,8 Ball Pool,GAME,Everyone,Sports,100000000.0,0.0,4.5,14201891.0,Free
4423,8 Ball Pool,GAME,Everyone,Sports,100000000.0,0.0,4.5,14201604.0,Free
4424,¡Ay Metro!,GAME,Everyone 10+,Arcade,10000.0,0.0,3.8,489.0,Free
4425,Adivina el cantante de Trap y Reggaeton,GAME,Everyone,Trivia,100000.0,0.0,4.5,1914.0,Free
4426,Adivina el Emoji,GAME,Everyone,Trivia,100000.0,0.0,,2536.0,Free
4427,Adventure Time Game Wizard,GAME,Everyone,Adventure,50000.0,4.99,4.1,4107.0,Paid
4428,Adventure Time Run,GAME,Everyone,Action,1000000.0,0.0,4.3,24628.0,Free
4429,AE 3D Moto 3,GAME,Everyone 10+,Racing,100000.0,0.0,3.9,2588.0,Free
4430,AE 3D MOTOR :Racing Games Free,GAME,Everyone,Racing,5000000.0,0.0,4.2,74902.0,Free
4431,AE Angry Chef,GAME,Everyone 10+,Action,10000.0,0.0,4.1,533.0,Free
4432,AE Bingo: Offline Bingo Games,GAME,Teen,Casino,500000.0,0.0,4.4,61746.0,Free
4433,AE Blackjack,GAME,Teen,Card,100000.0,0.0,4.0,1417.0,Free
4434,AE City Jump,GAME,Everyone,Action,10000.0,0.0,4.5,804.0,Free
4435,AE Coin Mania : Arcade Fun,GAME,Teen,Casino,1000000.0,0.0,4.3,30002.0,Free
4436,AE Fishing Hunter,GAME,Everyone,Adventure,1000.0,0.0,4.4,14.0,Free
4437,AE FreeCell,GAME,Everyone,Card,10000.0,0.0,4.2,358.0,Free
4438,AE GTO Racing,GAME,Everyone 10+,Racing,100000.0,0.0,3.9,6988.0,Free
4439,AE Gun Ball: arcade ball games,GAME,Everyone,Arcade,1000000.0,0.0,3.7,8581.0,Free
4440,AE Jewels,GAME,Everyone,Action,50000.0,0.0,4.2,960.0,Free
4441,AE Jewels 2: Island Adventures,GAME,Everyone,Action,10000.0,0.0,4.2,652.0,Free
4442,AE Lucky Fishing,GAME,Teen,Arcade,1000000.0,0.0,4.3,18277.0,Free
4443,AE Master Moto,GAME,Everyone,Racing,1000000.0,0.0,4.0,17876.0,Free
4444,AE Solitaire,GAME,Everyone,Card,50000.0,0.0,4.3,1776.0,Free
4445,AE Spider Solitaire,GAME,Everyone,Card,500000.0,0.0,4.5,17263.0,Free
4446,AE Video Poker,GAME,Teen,Casino,50000.0,0.0,4.0,721.0,Free
4447,AG Drive 3D,GAME,Everyone,Adventure,10000.0,0.0,3.8,164.0,Free
4448,Agar.io,GAME,Everyone,Action,100000000.0,0.0,4.2,3816799.0,Free
4449,Agar.io,GAME,Everyone,Action,100000000.0,0.0,4.2,3815614.0,Free
4450,Ah! Coins,GAME,Everyone,Action,50000.0,0.0,3.4,256.0,Free
4451,AH-1 Viper Cobra Ops - helicopter flight simulator,GAME,Teen,Action,100000.0,0.0,3.8,1088.0,Free
4452,AJ Jump: Animal Jam Kangaroos!,GAME,Everyone,Arcade,50000.0,1.99,4.4,2975.0,Paid
4453,AK Blackjack,GAME,Teen,Card,1000.0,0.0,,4.0,Free
4454,AK-47 3D,GAME,Everyone,Action,10000.0,0.0,3.7,91.0,Free
4455,AK-47 Assult Rifle: Gun Shooting Simulator Game,GAME,Everyone,Action,500.0,0.0,,1.0,Free
4456,Alex & Co Quiz,GAME,Everyone,Trivia,1000.0,0.0,,9.0,Free
4457,Alto's Adventure,GAME,Everyone,Action,10000000.0,0.0,4.6,515657.0,Free
4458,Alto's Adventure,GAME,Everyone,Action,10000000.0,0.0,4.6,515240.0,Free
4459,American Sniper City Fight Shooting Assassin,GAME,Teen,Action,50000.0,0.0,4.1,395.0,Free
4460,An Elite Warrior Ex,GAME,Everyone,Adventure,100.0,0.99,4.7,15.0,Paid
4461,Angelo Rules - Crazy day,GAME,Everyone,Adventure,1000000.0,0.0,3.9,108336.0,Free
4462,Anger of stick 5 : zombie,GAME,Teen,Action,50000000.0,0.0,4.5,549039.0,Free
4463,Anger of stick 5 : zombie,GAME,Teen,Action,50000000.0,0.0,4.5,547644.0,Free
4464,Angry Birds 2,GAME,Everyone,Casual,100000000.0,0.0,4.6,3883589.0,Free
4465,Angry Birds Classic,GAME,Everyone,Arcade,100000000.0,0.0,4.4,5566669.0,Free
4466,Angry Birds Classic,GAME,Everyone,Arcade,100000000.0,0.0,4.4,5566805.0,Free
4467,Angry Birds Classic,GAME,Everyone,Arcade,100000000.0,0.0,4.4,5566889.0,Free
4468,Angry Birds Classic,GAME,Everyone,Arcade,100000000.0,0.0,4.4,5566908.0,Free
4469,Angry Birds Classic,GAME,Everyone,Arcade,100000000.0,0.0,4.4,5565856.0,Free
4470,Angry Birds Friends,GAME,Everyone,Arcade,50000000.0,0.0,4.2,829753.0,Free
4471,Angry Birds Go!,GAME,Everyone,Racing,50000000.0,0.0,4.2,3846378.0,Free
4472,Angry Birds Rio,GAME,Everyone,Arcade,100000000.0,0.0,4.4,2610526.0,Free
4473,Angry Birds Rio,GAME,Everyone,Arcade,100000000.0,0.0,4.4,2610622.0,Free
4474,Angry Birds Rio,GAME,Everyone,Arcade,100000000.0,0.0,4.4,2610680.0,Free
4475,Angry Birds Rio,GAME,Everyone,Arcade,100000000.0,0.0,4.4,2610328.0,Free
4476,Angry Birds Space HD,GAME,Everyone,Arcade,5000000.0,0.0,4.5,43645.0,Free
4477,Angry Birds Star Wars,GAME,Everyone,Arcade,100000000.0,0.0,4.3,1218055.0,Free
4478,Animal Hunting: Sniper Shooting,GAME,Teen,Action,50.0,0.0,,0.0,Free
4479,Ant Smasher by Best Cool & Fun Games,GAME,Everyone,Arcade,100000000.0,0.0,4.2,1185148.0,Free
4480,► MultiCraft ― Free Miner! 👍,GAME,Everyone 10+,Adventure,50000000.0,0.0,4.3,1305050.0,Free
4481,Ao Oni2,GAME,Teen,Adventure,1000000.0,0.0,4.1,21223.0,Free
4482,AR Tank Battle,GAME,Everyone,Action,10000.0,0.0,3.6,153.0,Free
4483,Archery Physics Objects Destruction Apple shooter,GAME,Teen,Action,100000.0,0.0,4.5,6026.0,Free
4484,Arcraft - AR Sandbox,GAME,Everyone,Adventure,10000.0,0.0,3.8,469.0,Free
4485,Arena of Valor: 5v5 Arena Game,GAME,Teen,Action,10000000.0,0.0,4.4,438911.0,Free
4486,ARK: Survival Evolved,GAME,Teen,Adventure,500000.0,0.0,3.8,51523.0,Free
4487,Armed Cam Gun Pack,GAME,Teen,Action,10000.0,0.0,4.2,1012.0,Free
4488,Armored Warfare: Assault,GAME,Everyone,Action,100000.0,0.0,4.0,7718.0,Free
4489,Arrow.io,GAME,Everyone 10+,Action,10000000.0,0.0,4.5,343263.0,Free
4490,Asphalt 8: Airborne,GAME,Teen,Racing,100000000.0,0.0,4.5,8389714.0,Free
4491,Asphalt Xtreme: Rally Racing,GAME,Everyone,Racing,10000000.0,0.0,4.5,567984.0,Free
4492,Assassin's Creed Identity,GAME,Teen,Action,500000.0,1.99,3.7,42529.0,Paid
4493,Assault Line CS Online Fps Go,GAME,Mature 17+,Action,1000000.0,0.0,4.1,52163.0,Free
4494,Asylum Night Shift - Five Nights Survival,GAME,Teen,Action,5000000.0,0.0,4.0,59223.0,Free
4495,AU Mobile Indonesia,GAME,Everyone,Music,1000000.0,0.0,3.6,16521.0,Free
4496,Au Mobile: Audition Chính Hiệu,GAME,Mature 17+,Music,1000000.0,0.0,3.9,85278.0,Free
4497,Au-allstar for KR,GAME,Everyone,Music,100000.0,0.0,3.6,2433.0,Free
4498,Auction Wars : Storage King,GAME,Everyone,Casino,1000000.0,0.0,4.1,29062.0,Free
4499,Avatar Musik,GAME,Everyone,Music,1000000.0,0.0,3.8,159063.0,Free
4500,Axe Champ,GAME,Everyone,Arcade,10000.0,0.0,3.8,141.0,Free
4501,Axe Champ Hit,GAME,Everyone,Arcade,100.0,0.0,,1.0,Free
4502,Axe Champion,GAME,Everyone,Arcade,5000.0,0.0,4.4,21.0,Free
4503,Axe Champs! Wars,GAME,Everyone,Arcade,50.0,0.0,5.0,8.0,Free
4504,Axe Knight,GAME,Everyone,Action,5000.0,0.0,4.5,52.0,Free
4505,Axe Man,GAME,Everyone,Adventure,1000.0,0.0,3.7,53.0,Free
4506,Axe Throw: Flip Champ Axes Champion Throwing Games,GAME,Everyone,Arcade,50.0,0.0,,1.0,Free
4507,AXE.IO - Brutal Survival Battleground,GAME,Everyone 10+,Arcade,500000.0,0.0,4.2,3845.0,Free
4508,Axetatic - Axe Throwing Game,GAME,Everyone 10+,Arcade,1000.0,0.0,4.6,29.0,Free
4509,Ay Vamos - PJ. Balvin - Piano,GAME,Everyone,Arcade,5.0,0.0,,0.0,Free
4510,AZ Rockets,GAME,Everyone,Arcade,10000.0,0.0,4.2,162.0,Free
4511,B@dL!bs Lite,GAME,Mature 17+,Word,1000.0,0.0,3.8,10.0,Free
4512,B-52 Spirits of Glory Deluxe,GAME,Everyone,Arcade,100.0,0.99,4.3,12.0,Paid
4513,Ba Cristi,GAME,Everyone,Adventure,10000.0,0.0,3.5,196.0,Free
4514,Baby Game Animal Jam Free,GAME,Everyone,Board,500.0,0.0,2.8,9.0,Free
4515,Backgammon NJ for Android,GAME,Everyone,Board,10000.0,7.99,4.4,1644.0,Paid
4516,Banana Kong,GAME,Everyone,Action,100000000.0,0.0,4.4,3452530.0,Free
4517,Barbie™ Fashion Closet,GAME,Everyone,Casual;Creativity,10000000.0,0.0,4.1,68057.0,Free
4518,Baseball Boy!,GAME,Everyone,Arcade,10000000.0,0.0,3.4,148177.0,Free
4519,Basic Strategy Training BJ 21,GAME,Teen,Casino,500.0,0.0,,0.0,Free
4520,Battlefield™ Companion,GAME,Everyone 10+,Action,10000000.0,0.0,4.0,263907.0,Free
4521,Battlelands Royale,GAME,Everyone 10+,Action,1000000.0,0.0,4.4,105620.0,Free
4522,BC Slots - The Lost Reels FREE,GAME,Teen,Casino,10000.0,0.0,4.0,209.0,Free
4523,Beach Buggy Blitz,GAME,Everyone,Racing,50000000.0,0.0,4.2,640974.0,Free
4524,Beach Head Shooting Assault,GAME,Teen,Action,100000.0,0.0,3.8,555.0,Free
4525,Beach Shoot Em Up: Head Hunter,GAME,Everyone 10+,Action,500000.0,0.0,4.4,1218.0,Free
4526,Beauty Idol: Fashion Queen,GAME,Everyone,Arcade,1000000.0,0.0,4.3,128367.0,Free
4527,BEBONCOOL GAMEPAD V1.0,GAME,Everyone,Arcade,100000.0,0.0,3.9,404.0,Free
4528,Best Fiends - Free Puzzle Game,GAME,Everyone,Casual,10000000.0,0.0,4.6,1480189.0,Free
4529,Best Fiends - Free Puzzle Game,GAME,Everyone,Casual,10000000.0,0.0,4.6,1480182.0,Free
4530,Best Park in the Universe,GAME,Everyone 10+,Action,10000.0,2.99,4.3,3904.0,Paid
4531,Betul Ke Bohong Eh?,GAME,Everyone,Trivia,100000.0,0.0,4.2,601.0,Free
4532,BEYBLADE BURST app,GAME,Everyone,Action;Action & Adventure,10000000.0,0.0,4.5,216849.0,Free
4533,BF at Sea Refueled,GAME,Everyone,Board,10000.0,0.0,4.4,1849.0,Free
4534,BF Combat: Genesis,GAME,Mature 17+,Action,100000.0,0.0,4.0,3322.0,Free
4535,BF Frontline City,GAME,Mature 17+,Action,1000000.0,0.0,4.1,29798.0,Free
4536,B-Grade Renegade,GAME,Teen,Action,1000.0,1.99,3.9,24.0,Paid
4537,Big Fish Casino – Play Slots & Vegas Games,GAME,Teen,Casino,10000000.0,0.0,4.4,382100.0,Free
4538,Big Hunter,GAME,Everyone 10+,Action,10000000.0,0.0,4.3,245455.0,Free
4539,Bike Mayhem Free,GAME,Everyone,Racing,10000000.0,0.0,4.3,331692.0,Free
4540,Bike Race - Bike Blast Rush,GAME,Everyone,Action,10000000.0,0.0,4.4,83891.0,Free
4541,Bike Race Free - Top Motorcycle Racing Games,GAME,Everyone,Racing,100000000.0,0.0,4.5,2586261.0,Free
4542,Bike Racing 3D,GAME,Everyone,Racing,50000000.0,0.0,4.2,951435.0,Free
4543,Bike Rivals,GAME,Everyone,Racing,10000000.0,0.0,4.2,212067.0,Free
4544,Bingo by IGG: Top Bingo+Slots!,GAME,Teen,Casino,5000000.0,0.0,4.7,183343.0,Free
4545,Bingo Party - Free Bingo Games,GAME,Teen,Board,1000000.0,0.0,4.7,155694.0,Free
4546,Bi-Tank,GAME,Everyone,Arcade,50.0,0.0,4.6,12.0,Free
4547,Bi-Tank Ads Free,GAME,Everyone,Arcade,1.0,0.99,,0.0,Paid
4548,BJ Bridge Acol Beginner 2018,GAME,Everyone,Card,5000.0,0.0,3.7,11.0,Free
4549,BJ Bridge Free (2018),GAME,Everyone,Card,10000.0,0.0,3.9,20.0,Free
4550,BJ Bridge Pro 2018,GAME,Everyone,Card,500.0,4.49,4.4,17.0,Paid
4551,BJ Bridge Standard American 2018,GAME,Everyone,Card,1000.0,0.0,1.0,1.0,Free
4552,BJ card game blackjack,GAME,Teen,Card,500.0,0.0,,3.0,Free
4553,BJ Strategy Tester,GAME,Everyone,Casino,100.0,0.0,,1.0,Free
4554,BJ's Bingo & Gaming Casino,GAME,Teen,Casino,10000.0,0.0,4.5,501.0,Free
4555,BL!TZ - Endless,GAME,Everyone,Arcade,100.0,0.0,4.7,21.0,Free
4556,Black Commando | Special Ops | FPS Shooting,GAME,Teen,Action,100000.0,0.0,4.1,1167.0,Free
4557,Blackjack,GAME,Teen,Casino,1000000.0,0.0,4.3,52199.0,Free
4558,BlackJack -21 Casino Card Game,GAME,Teen,Casino,100000.0,0.0,4.7,2066.0,Free
4559,BlackJack 21 Pro,GAME,Teen,Casino,500000.0,0.0,4.5,26744.0,Free
4560,Blackjack aj Poker,GAME,Teen,Card,1000.0,0.0,3.8,8.0,Free
4561,Blackjack Verite Drills,GAME,Teen,Casino,100.0,14.0,4.6,17.0,Paid
4562,BLACKJACK!,GAME,Teen,Casino,10000000.0,0.0,4.4,524467.0,Free
4563,BL-ED: From BLUE to RED,GAME,Everyone,Arcade,10.0,0.0,,3.0,Free
4564,Block Battles: Heroes at War - Multiplayer PVP,GAME,Everyone 10+,Action,500000.0,0.0,4.3,6698.0,Free
4565,Block Craft 3D: Building Simulator Games For Free,GAME,Everyone,Simulation,50000000.0,0.0,4.5,946926.0,Free
4566,Block Craft 3D: Building Simulator Games For Free,GAME,Everyone,Simulation,50000000.0,0.0,4.5,946926.0,Free
4567,Block Gun 3D: Call of Destiny,GAME,Teen,Action,1000000.0,0.0,3.7,31883.0,Free
4568,Block Gun 3D: Ghost Ops,GAME,Teen,Action,5000000.0,0.0,3.9,142693.0,Free
4569,Block Gun 3D: Haunted Hollow,GAME,Teen,Action,1000000.0,0.0,3.8,16282.0,Free
4570,Block Puzzle,GAME,Everyone,Puzzle,5000000.0,0.0,4.6,59800.0,Free
4571,Block Puzzle,GAME,Everyone,Puzzle,5000000.0,0.0,4.6,59854.0,Free
4572,Block Puzzle,GAME,Everyone,Puzzle,5000000.0,0.0,4.6,59907.0,Free
4573,Block Puzzle,GAME,Everyone,Puzzle,5000000.0,0.0,4.6,59907.0,Free
4574,Block Puzzle Classic Legend !,GAME,Everyone,Puzzle,5000000.0,0.0,4.2,17039.0,Free
4575,Block Puzzle Classic Legend !,GAME,Everyone,Puzzle,5000000.0,0.0,4.2,17044.0,Free
4576,Block Strike,GAME,Teen,Action,10000000.0,0.0,4.5,947515.0,Free
4577,BLOOD & GLORY: IMMORTALS,GAME,Teen,Action,1000000.0,0.0,4.3,101762.0,Free
4578,Blood Domination - BL Game,GAME,Mature 17+,Adventure,10000.0,0.0,4.5,415.0,Free
4579,Blossom Blast Saga,GAME,Everyone,Casual,10000000.0,0.0,4.5,1125438.0,Free
4580,BMX Boy,GAME,Everyone,Racing,50000000.0,0.0,4.2,839206.0,Free
4581,BMX Boy Bike Stunt Rider Game,GAME,Everyone,Racing,10000.0,0.0,3.8,299.0,Free
4582,Bomber Friends,GAME,Everyone 10+,Action,10000000.0,0.0,4.5,776730.0,Free
4583,BombSquad Remote,GAME,Everyone,Arcade,1000000.0,0.0,4.1,13304.0,Free
4584,Bounce Classic,GAME,Everyone,Arcade,10000000.0,0.0,4.5,38297.0,Free
4585,Bowmasters,GAME,Teen,Action,50000000.0,0.0,4.7,1534466.0,Free
4586,Bowmasters,GAME,Teen,Action,50000000.0,0.0,4.7,1535084.0,Free
4587,Bowmasters,GAME,Teen,Action,50000000.0,0.0,4.7,1535973.0,Free
4588,Bowmasters,GAME,Teen,Action,50000000.0,0.0,4.7,1535973.0,Free
4589,Bowmasters,GAME,Teen,Action,50000000.0,0.0,4.7,1536349.0,Free
4590,Bowmasters,GAME,Teen,Action,50000000.0,0.0,4.7,1535581.0,Free
4591,Boyaa Poker (En) – Social Texas Hold’em,GAME,Teen,Card,1000000.0,0.0,4.3,71468.0,Free
4592,BQ-መጽሐፍ ቅዱሳዊ ጥያቄዎች,GAME,Everyone,Trivia,5000.0,0.0,4.7,191.0,Free
4593,Brick Breaker BR,GAME,Everyone,Arcade,5.0,0.0,5.0,7.0,Free
4594,Bricks n Balls,GAME,Everyone,Casual,1000000.0,0.0,4.4,30253.0,Free
4595,BROTHER IN WARS: GUNNER CITY WARLORDS,GAME,Teen,Action,1000000.0,0.0,4.3,8649.0,Free
4596,BS Chopper,GAME,Everyone,Racing,100.0,0.0,,0.0,Free
4597,BS Tractor,GAME,Everyone,Racing,100.0,0.0,,3.0,Free
4598,BU HANGİ ŞARKI ? - 2018,GAME,Everyone,Trivia,100.0,0.0,,4.0,Free
4599,Bu Hangi Ünlü?,GAME,Everyone,Trivia,10.0,0.0,,1.0,Free
4600,Bu Hangi Dizi ?,GAME,Everyone,Trivia,1000.0,0.0,,14.0,Free
4601,Bu Hangi Oyun ?,GAME,Everyone,Word,50.0,0.0,,2.0,Free
4602,Bu Hangi Youtuber ?,GAME,Everyone,Trivia,1000.0,0.0,,31.0,Free
4603,Bu Nedir ?,GAME,Everyone,Trivia,50.0,0.0,,0.0,Free
4604,Bubble Shooter,GAME,Everyone,Casual,10000000.0,0.0,4.5,148897.0,Free
4605,Bubble Shooter,GAME,Everyone,Casual,10000000.0,0.0,4.5,148895.0,Free
4606,Bubble Shooter,GAME,Everyone,Casual,10000000.0,0.0,4.5,148945.0,Free
4607,Bubble Shooter,GAME,Everyone,Casual,10000000.0,0.0,4.5,148990.0,Free
4608,Bubble Shooter,GAME,Everyone,Arcade,5000000.0,0.0,4.5,43576.0,Free
4609,Bubble Shooter 2,GAME,Everyone,Arcade,5000000.0,0.0,4.3,23005.0,Free
4610,Bubble Shooter 2,GAME,Everyone,Arcade,5000000.0,0.0,4.3,23043.0,Free
4611,Bubble Shooter Genies,GAME,Everyone,Casual,5000000.0,0.0,4.5,26985.0,Free
4612,Bubble Shooter Space,GAME,Everyone,Casual,1000000.0,0.0,4.2,4355.0,Free
4613,Bubble Witch 3 Saga,GAME,Everyone,Puzzle,50000000.0,0.0,4.7,1732263.0,Free
4614,Bullet Force,GAME,Teen,Action,10000000.0,0.0,4.5,634159.0,Free
4615,Bullshit! (Free),GAME,Teen,Card,10000.0,0.0,2.4,45.0,Free
4616,Bullshite!,GAME,Teen,Card,10000.0,0.0,2.8,48.0,Free
4617,Bunny Skater,GAME,Everyone,Adventure,10000000.0,0.0,4.2,139432.0,Free
4618,Bus Rush: Subway Edition,GAME,Teen,Action,100000000.0,0.0,4.1,753043.0,Free
4619,BW Switch,GAME,Everyone,Arcade,10.0,0.0,,1.0,Free
4620,BW-DGS plugin,GAME,Everyone,Board,1000.0,0.0,4.5,70.0,Free
4621,BW-GnuGo,GAME,Everyone,Board,5000.0,0.0,4.1,64.0,Free
4622,BW-Go,GAME,Everyone,Board,1000.0,3.49,4.8,265.0,Paid
4623,BW-Go Free,GAME,Everyone,Board,10000.0,0.0,4.6,547.0,Free
4624,BW-Joseki,GAME,Everyone,Board,10000.0,0.0,4.7,705.0,Free
4625,BZ Fingers,GAME,Everyone,Arcade,50.0,0.0,4.6,15.0,Free
4626,BZ Zombie VR,GAME,Mature 17+,Action,1000.0,0.0,4.4,12.0,Free
4627,C3-C4-PİCASSO-ELYSEE RACİNG,GAME,Everyone,Arcade,1000.0,0.0,,12.0,Free
4628,Call of Duty:Black Ops Zombies,GAME,Teen,Action,100000.0,6.99,4.2,13004.0,Paid
4629,Call of Duty®: Heroes,GAME,Teen,Action,10000000.0,0.0,4.4,1604146.0,Free
4630,Call of Mini™ Dino Hunter,GAME,Teen,Action,10000000.0,0.0,4.2,326042.0,Free
4631,Call of Mini™ Zombies 2,GAME,Teen,Arcade,5000000.0,0.0,4.4,248417.0,Free
4632,Camping RV Caravan Parking 3D,GAME,Everyone,Racing,500000.0,0.0,3.3,5290.0,Free
4633,Can Knockdown 3,GAME,Everyone,Arcade,10000000.0,0.0,4.1,349503.0,Free
4634,Candy Bomb,GAME,Everyone,Casual;Brain Games,10000000.0,0.0,4.4,42145.0,Free
4635,Candy Crush Jelly Saga,GAME,Everyone,Puzzle,50000000.0,0.0,4.3,1300490.0,Free
4636,Candy Crush Jelly Saga,GAME,Everyone,Puzzle,50000000.0,0.0,4.3,1300619.0,Free
4637,Candy Crush Saga,GAME,Everyone,Casual,500000000.0,0.0,4.4,22426677.0,Free
4638,Candy Crush Saga,GAME,Everyone,Casual,500000000.0,0.0,4.4,22428456.0,Free
4639,Candy Crush Saga,GAME,Everyone,Casual,500000000.0,0.0,4.4,22428456.0,Free
4640,Candy Crush Saga,GAME,Everyone,Casual,500000000.0,0.0,4.4,22429716.0,Free
4641,Candy Crush Saga,GAME,Everyone,Casual,500000000.0,0.0,4.4,22430188.0,Free
4642,Candy Crush Saga,GAME,Everyone,Casual,500000000.0,0.0,4.4,22430188.0,Free
4643,Candy Crush Soda Saga,GAME,Everyone,Casual,100000000.0,0.0,4.4,6198563.0,Free
4644,Candy Crush Soda Saga,GAME,Everyone,Casual,100000000.0,0.0,4.4,6198880.0,Free
4645,Candy Crush Soda Saga,GAME,Everyone,Casual,100000000.0,0.0,4.4,6199095.0,Free
4646,Car Crash III Beam DH Real Damage Simulator 2018,GAME,Everyone,Racing,10000.0,0.0,3.6,151.0,Free
4647,Car Driving Simulator Drift,GAME,Everyone,Racing,1000000.0,0.0,4.4,19816.0,Free
4648,Car Race by Fun Games For Free,GAME,Everyone,Racing,1000000.0,0.0,4.3,54221.0,Free
4649,Cardi B Piano Game,GAME,Everyone,Music,10000.0,0.0,3.1,50.0,Free
4650,Cards Casino:Video Poker & BJ,GAME,Teen,Casino,10000.0,0.0,4.7,325.0,Free
4651,Carnivores: Dinosaur Hunter,GAME,Teen,Action,1000000.0,0.0,4.2,62636.0,Free
4652,Carros Rebaixados BR,GAME,Everyone,Racing,1000000.0,0.0,4.3,20691.0,Free
4653,Cartoon Wars: Blade,GAME,Teen,Arcade,5000000.0,0.0,4.4,165656.0,Free
4654,"Cash, Inc. Money Clicker Game & Business Adventure",GAME,Everyone,Simulation,10000000.0,0.0,4.8,549720.0,Free
4655,Casino X - Free Online Slots,GAME,Teen,Casino,1000000.0,0.0,4.5,30515.0,Free
4656,Castle Clash: Heroes of the Empire US,GAME,Everyone 10+,Strategy,50000000.0,0.0,4.6,4578476.0,Free
4657,CATS: Crash Arena Turbo Stars,GAME,Everyone,Action,50000000.0,0.0,4.7,1559650.0,Free
4658,Chapters: Interactive Stories,GAME,Mature 17+,Role Playing,1000000.0,0.0,4.5,73539.0,Free
4659,Cheating Tom 3 - Genius School,GAME,Everyone,Arcade,10000000.0,0.0,4.3,90415.0,Free
4660,Checkers,GAME,Everyone,Board,10000000.0,0.0,4.5,375996.0,Free
4661,Chess Free,GAME,Everyone,Board,50000000.0,0.0,4.5,1375988.0,Free
4662,Chicken Invaders 3,GAME,Everyone,Arcade,5000000.0,0.0,4.2,52390.0,Free
4663,China Town Auto Theft 2,GAME,Everyone 10+,Action,50000.0,0.0,4.1,364.0,Free
4664,Chinese Chess ( Xiangqi Free ),GAME,Everyone,Board,50000.0,0.0,4.6,963.0,Free
4665,Chinese Chess / Co Tuong,GAME,Everyone,Board,500000.0,0.0,4.2,6947.0,Free
4666,"Chinese Chess 3D Online (Xiangqi, 象棋, co tuong)",GAME,Everyone,Board,1000.0,0.99,3.5,23.0,Paid
4667,Choices: Stories You Play,GAME,Teen,Simulation,10000000.0,0.0,4.6,807338.0,Free
4668,CJ Poker Odds Calculator,GAME,Everyone,Card,50000.0,0.0,4.1,207.0,Free
4669,CJ: Strike Back,GAME,Everyone,Action,1000000.0,0.0,4.3,29330.0,Free
4670,CKZ ORIGINS,GAME,Mature 17+,Action,1000000.0,0.0,4.5,219821.0,Free
4671,Clash of Axe: Flippy Lumberjack Action X,GAME,Everyone,Action,1000.0,0.0,4.3,6.0,Free
4672,Clash of Clans,GAME,Everyone 10+,Strategy,100000000.0,0.0,4.6,44891723.0,Free
4673,Clash of Clans,GAME,Everyone 10+,Strategy,100000000.0,0.0,4.6,44891723.0,Free
4674,Clash of Clans,GAME,Everyone 10+,Strategy,100000000.0,0.0,4.6,44893888.0,Free
4675,Clash Royale,GAME,Everyone 10+,Strategy,100000000.0,0.0,4.6,23133508.0,Free
4676,Clash Royale,GAME,Everyone 10+,Strategy,100000000.0,0.0,4.6,23134775.0,Free
4677,Clash Royale,GAME,Everyone 10+,Strategy,100000000.0,0.0,4.6,23136735.0,Free
4678,Classic Words Solo,GAME,Everyone,Word,5000000.0,0.0,4.4,135739.0,Free
4679,Clue,GAME,Everyone 10+,Board,100000.0,1.99,4.6,19922.0,Paid
4680,CNY Slots : Gong Xi Fa Cai 发财机,GAME,Teen,Casino,5000.0,0.0,3.6,33.0,Free
4681,Color by Number – New Coloring Book,GAME,Everyone 10+,Board,5000000.0,0.0,4.7,141529.0,Free
4682,Color by Number – New Coloring Book,GAME,Everyone 10+,Board,5000000.0,0.0,4.7,142308.0,Free
4683,Color Road,GAME,Everyone,Arcade,10000000.0,0.0,4.1,84911.0,Free
4684,Combat BF: Black Ops 3,GAME,Mature 17+,Action,500000.0,0.0,4.2,7699.0,Free
4685,Combat Strike CS 🔫 Counter Terrorist Attack FPS💣,GAME,Teen,Action,100000.0,0.0,4.1,1019.0,Free
4686,Commando Adventure Assassin,GAME,Teen,Action,5000000.0,0.0,4.0,51067.0,Free
4687,CONTRACT KILLER: ZOMBIES,GAME,Teen,Action,5000000.0,0.0,4.4,144545.0,Free
4688,CONTRACT KILLER: ZOMBIES (NR),GAME,Mature 17+,Action,5000000.0,0.0,4.4,206602.0,Free
4689,Cooking Fever,GAME,Everyone,Arcade,100000000.0,0.0,4.5,3197865.0,Free
4690,Cooking Fever,GAME,Everyone,Arcade,100000000.0,0.0,4.5,3198176.0,Free
4691,Cooking Madness - A Chef's Restaurant Games,GAME,Everyone,Arcade,10000000.0,0.0,4.7,358817.0,Free
4692,Cops N Robbers,GAME,Teen,Adventure,1000000.0,0.0,4.0,37789.0,Free
4693,Cops N Robbers - FPS Mini Game,GAME,Everyone 10+,Action,5000000.0,0.0,4.2,156862.0,Free
4694,Cops N Robbers 2,GAME,Everyone 10+,Adventure,1000000.0,0.0,4.1,63680.0,Free
4695,Counter Attack - Multiplayer FPS,GAME,Teen,Action,1000000.0,0.0,4.3,112565.0,Free
4696,Counter Online FPS Game,GAME,Teen,Action,5000000.0,0.0,4.2,41089.0,Free
4697,Counter Terrorist Attack,GAME,Teen,Action,10000000.0,0.0,3.9,145931.0,Free
4698,Counter Terrorist Gun Strike CS: Special Forces,GAME,Teen,Action,10000.0,0.0,4.2,211.0,Free
4699,Countries of the European Union (Quiz),GAME,Everyone,Trivia,100.0,0.0,,11.0,Free
4700,Cover Fire: offline shooting games for free,GAME,Teen,Action,10000000.0,0.0,4.7,725897.0,Free
4701,CP Trivia,GAME,Everyone,Trivia,100.0,0.0,5.0,5.0,Free
4702,CQ: Lost In Transmission,GAME,Everyone,Action,10.0,0.0,4.2,4.0,Free
4703,Crayola Color Blaster,GAME,Everyone,Arcade,1000.0,0.0,3.8,17.0,Free
4704,Crazy Bike attack Racing New: motorcycle racing,GAME,Everyone,Racing,5000000.0,0.0,4.2,20364.0,Free
4705,Crazy Wheels,GAME,Teen,Adventure,10000000.0,0.0,4.0,121082.0,Free
4706,Creative Destruction,GAME,Teen,Action,5000000.0,0.0,4.4,201426.0,Free
4707,Crime Wars S. Andreas,GAME,Teen,Racing,500000.0,0.0,4.3,5785.0,Free
4708,Crisis Action: 2018 NO.1 FPS,GAME,Teen,Action,10000000.0,0.0,4.3,807226.0,Free
4709,Critical Ops,GAME,Teen,Action,10000000.0,0.0,4.4,1397944.0,Free
4710,Critical Strike CS: Counter Terrorist Online FPS,GAME,Mature 17+,Action,1000000.0,0.0,4.3,22773.0,Free
4711,CrossFire: Legends,GAME,Teen,Action,5000000.0,0.0,4.3,144040.0,Free
4712,Crossy Road,GAME,Everyone,Action,100000000.0,0.0,4.5,4230886.0,Free
4713,Crossy Road,GAME,Everyone,Action,100000000.0,0.0,4.5,4229977.0,Free
4714,CS16Client,GAME,Teen,Action,500000.0,0.0,4.3,8668.0,Free
4715,CT-ART 4.0 (Chess Tactics 1200-2400 ELO),GAME,Everyone,Board,100000.0,0.0,4.8,8191.0,Free
4716,CT-REMOTE,GAME,Everyone,Action,100.0,4.49,3.3,19.0,Paid
4717,Cube Z (Pixel Zombies),GAME,Teen,Action,1000000.0,0.0,4.2,41444.0,Free
4718,CURSUM B,GAME,Everyone,Racing,500.0,0.99,,30.0,Paid
4719,Cut the Rope FULL FREE,GAME,Everyone,Puzzle,100000000.0,0.0,4.4,2123381.0,Free
4720,Cut the Rope FULL FREE,GAME,Everyone,Puzzle,100000000.0,0.0,4.4,2123793.0,Free
4721,Cyborg AX-001,GAME,Everyone 10+,Action,50.0,0.0,,0.0,Free
4722,Cytus,GAME,Everyone,Music,5000000.0,0.0,4.7,541732.0,Free
4723,Cytus II,GAME,Everyone 10+,Music,100000.0,1.99,4.7,16851.0,Paid
4724,D Day World War II Commando Survival Shooting,GAME,Teen,Action,100000.0,0.0,4.2,951.0,Free
4725,D+H Reaction Wall,GAME,Everyone,Arcade,1.0,0.99,,0.0,Paid
4726,Аim Training for CS,GAME,Everyone,Action,100000.0,0.0,3.6,2328.0,Free
4727,Dan the Man: Action Platformer,GAME,Teen,Arcade,10000000.0,0.0,4.8,528550.0,Free
4728,Dash Quest Heroes,GAME,Everyone 10+,Adventure,500000.0,0.0,4.3,8432.0,Free
4729,DB Ultra Saiyan Battle,GAME,Everyone 10+,Action,1000.0,0.0,4.5,33.0,Free
4730,DC Super Hero Girls™,GAME,Everyone,Action;Action & Adventure,5000000.0,0.0,4.3,43055.0,Free
4731,DC Universe Quiz,GAME,Everyone,Trivia,500.0,0.0,4.3,11.0,Free
4732,Dead Target Zombie Shooting US Sniper Killer Squad,GAME,Teen,Action,50000.0,0.0,4.3,240.0,Free
4733,DEAD TARGET: FPS Zombie Apocalypse Survival Games,GAME,Mature 17+,Action,50000000.0,0.0,4.5,1468591.0,Free
4734,DEAD TARGET: FPS Zombie Apocalypse Survival Games,GAME,Mature 17+,Action,50000000.0,0.0,4.5,1468638.0,Free
4735,Dead Zombie Evil Killer:Axe,GAME,Teen,Action,10000.0,0.0,3.9,71.0,Free
4736,Decay: The Mare - Ep.1 (Trial),GAME,Teen,Adventure,100000.0,0.0,3.6,5291.0,Free
4737,Deck Heroes: Legacy,GAME,Teen,Card,10000000.0,0.0,4.7,466495.0,Free
4738,DEER HUNTER 2018,GAME,Teen,Action,10000000.0,0.0,4.3,955656.0,Free
4739,DEER HUNTER 2018,GAME,Teen,Action,10000000.0,0.0,4.3,955614.0,Free
4740,DEER HUNTER CHALLENGE,GAME,Everyone 10+,Action,5000000.0,0.0,3.7,38767.0,Free
4741,DEER HUNTER CLASSIC,GAME,Teen,Action,50000000.0,0.0,4.4,3941129.0,Free
4742,DEER HUNTER RELOADED,GAME,Teen,Action,5000000.0,0.0,4.3,314774.0,Free
4743,Defender,GAME,Everyone 10+,Action,10000000.0,0.0,4.6,152395.0,Free
4744,Destiny Ninja Shall we date otome games love story,GAME,Everyone 10+,Adventure,500000.0,0.0,4.4,13079.0,Free
4745,Destroy Gunners Σ,GAME,Everyone,Arcade,1000000.0,0.0,4.4,10786.0,Free
4746,DF Squid,GAME,Everyone,Board,100.0,0.0,,1.0,Free
4747,DG Mobile,GAME,Everyone,Board,1000.0,0.0,4.3,59.0,Free
4748,DH Pineapple Poker OFC,GAME,Teen,Casino,100000.0,0.0,4.2,1878.0,Free
4749,DH Texas Poker - Texas Hold'em,GAME,Teen,Casino,10000000.0,0.0,4.4,562345.0,Free
4750,diep.io,GAME,Everyone,Action,10000000.0,0.0,4.1,347883.0,Free
4751,Dino Defends king 3 – Dinosaur T rex Hunter Games,GAME,Teen,Adventure,50000.0,0.0,3.6,182.0,Free
4752,DINO HUNTER: DEADLY SHORES,GAME,Teen,Action,10000000.0,0.0,4.4,1381820.0,Free
4753,DINO HUNTER: DEADLY SHORES,GAME,Teen,Action,10000000.0,0.0,4.4,1381624.0,Free
4754,Dino T-Rex,GAME,Everyone,Arcade,10000000.0,0.0,4.0,69115.0,Free
4755,Dino War: Rise of Beasts,GAME,Teen,Strategy,1000000.0,0.0,4.1,18996.0,Free
4756,Dinosaur Simulator: Dino World,GAME,Teen,Action,5000000.0,0.0,4.0,26649.0,Free
4757,Dirt Trackin Sprint Cars,GAME,Everyone,Racing,10000.0,3.99,3.8,499.0,Paid
4758,Disney Heroes: Battle Mode,GAME,Everyone 10+,Strategy,5000000.0,0.0,4.6,102107.0,Free
4759,DJMAX TECHNIKA Q - Music Game,GAME,Everyone,Music,100000.0,0.0,4.3,21107.0,Free
4760,DK Quiz,GAME,Everyone,Trivia,50000.0,0.0,4.4,1628.0,Free
4761,DM Adventure,GAME,Everyone,Adventure,10.0,0.0,,0.0,Free
4762,DM EVOLUTION,GAME,Everyone,Card,10000.0,0.0,2.5,450.0,Free
4763,Does not Commute,GAME,Everyone,Racing,5000000.0,0.0,4.0,154108.0,Free
4764,Dog Run - Pet Dog Simulator,GAME,Everyone,Simulation;Action & Adventure,10000000.0,0.0,4.7,48615.0,Free
4765,Don't Hug Me I'm So Scared,GAME,Everyone,Adventure,50000.0,0.0,3.5,901.0,Free
4766,Don't Starve: Pocket Edition,GAME,Teen,Adventure,100000.0,4.99,4.4,17988.0,Paid
4767,Don't Starve: Shipwrecked,GAME,Teen,Adventure,10000.0,4.99,4.1,1468.0,Paid
4768,Doodle Jump,GAME,Everyone,Arcade,50000000.0,0.0,4.3,1083571.0,Free
4769,Dr Dre - Beatmaker,GAME,Mature 17+,Music,10000.0,0.0,4.3,146.0,Free
4770,Dr Driving Racer,GAME,Everyone,Racing,10000.0,0.0,4.3,183.0,Free
4771,Dr. Chess,GAME,Everyone,Board,1000000.0,0.0,4.1,97209.0,Free
4772,Dr. Dominoes,GAME,Everyone,Board,500000.0,0.0,4.0,2700.0,Free
4773,Dr. Driving,GAME,Everyone,Racing,100000000.0,0.0,4.5,4972230.0,Free
4774,Dr. Driving 2,GAME,Everyone,Racing,10000000.0,0.0,4.6,358633.0,Free
4775,Dr. Gomoku,GAME,Everyone,Board,5000000.0,0.0,3.9,85317.0,Free
4776,Dr. Parker : Parking Simulator,GAME,Everyone,Racing,1000000.0,0.0,4.5,14253.0,Free
4777,Dr. Parker : Real car parking simulation,GAME,Everyone,Racing,1000000.0,0.0,4.6,15829.0,Free
4778,Dr. Parking 4,GAME,Everyone,Racing,50000000.0,0.0,4.4,475369.0,Free
4779,Dr. Rocket,GAME,Everyone,Arcade,1000000.0,0.0,4.0,42182.0,Free
4780,Dr. Shogi,GAME,Everyone,Board,1000000.0,0.0,3.3,19291.0,Free
4781,Dr. Splorchy Presents Space Heroes,GAME,Mature 17+,Adventure,100.0,4.99,4.6,18.0,Paid
4782,Dr.Slender Ep 1 Guide (Eng),GAME,Teen,Arcade,10000.0,0.0,4.0,454.0,Free
4783,Drag'n'Boom,GAME,Everyone 10+,Arcade,1000000.0,0.0,4.8,133180.0,Free
4784,DRAGON BALL LEGENDS,GAME,Teen,Action,5000000.0,0.0,4.6,337752.0,Free
4785,DRAGON BALL LEGENDS,GAME,Teen,Action,5000000.0,0.0,4.6,337913.0,Free
4786,DRAGON BALL LEGENDS,GAME,Teen,Action,5000000.0,0.0,4.6,337913.0,Free
4787,DRAGON BALL LEGENDS,GAME,Teen,Action,5000000.0,0.0,4.6,338742.0,Free
4788,DRAGON BALL Z DOKKAN BATTLE,GAME,Teen,Action,10000000.0,0.0,4.1,650114.0,Free
4789,Dragon Hills,GAME,Everyone 10+,Action,10000000.0,0.0,4.5,354373.0,Free
4790,Dragon X Adventure: Warrior Z,GAME,Everyone 10+,Action,100000.0,0.0,4.3,8537.0,Free
4791,Dragonplay™ Poker Texas Holdem,GAME,Teen,Card,1000000.0,0.0,4.5,197979.0,Free
4792,DraStic DS Emulator,GAME,Everyone,Action,1000000.0,4.99,4.6,87766.0,Paid
4793,Draw A Stickman,GAME,Everyone,Adventure,1000000.0,0.0,3.4,29265.0,Free
4794,Draw a Stickman: EPIC 2 Free,GAME,Everyone,Adventure,10000000.0,0.0,4.3,213340.0,Free
4795,Draw a Stickman: EPIC Free,GAME,Everyone 10+,Adventure,10000000.0,0.0,4.2,210317.0,Free
4796,Draw In,GAME,Everyone,Arcade,10000000.0,0.0,4.2,46416.0,Free
4797,Draw N Guess Multiplayer,GAME,Everyone,Word,1000000.0,0.0,3.9,29505.0,Free
4798,Draw Something Classic,GAME,Everyone,Word,50000000.0,0.0,4.2,1092106.0,Free
4799,Dream League Soccer 2018,GAME,Everyone,Sports,100000000.0,0.0,4.6,9882639.0,Free
4800,Dream League Soccer 2018,GAME,Everyone,Sports,100000000.0,0.0,4.6,9883806.0,Free
4801,Dreamland Arcade - Steven Universe,GAME,Everyone,Arcade,500000.0,0.0,4.0,6386.0,Free
4802,Drift Legends,GAME,Everyone,Racing,1000000.0,0.0,4.2,33788.0,Free
4803,Drink-O-Tron The Drinking Game,GAME,Mature 17+,Card,50000.0,0.0,4.1,140.0,Free
4804,Drive 4x4 Luxury SUV Jeep,GAME,Everyone,Racing,500000.0,0.0,4.2,2183.0,Free
4805,Driving Cars Simulator Citroen,GAME,Everyone,Racing,100.0,0.0,,3.0,Free
4806,Driving Zone,GAME,Everyone,Racing,1000000.0,0.0,4.2,51791.0,Free
4807,DS Tower Defence,GAME,Everyone,Arcade,100000.0,0.0,3.2,768.0,Free
4808,Dubai Racing,GAME,Everyone,Racing,500000.0,0.0,4.2,16237.0,Free
4809,Dude Perfect 2,GAME,Everyone,Action,10000000.0,0.0,4.5,401425.0,Free
4810,Dude Perfect 2,GAME,Everyone,Action,10000000.0,0.0,4.5,401648.0,Free
4811,Dungeon Hunter Champions: Epic Online Action RPG,GAME,Teen,Role Playing,1000000.0,0.0,4.2,26247.0,Free
4812,DZ-JOKER,GAME,Everyone,Arcade,100.0,0.0,,6.0,Free
4813,E.G. Chess,GAME,Everyone,Board,1000.0,0.99,4.3,56.0,Paid
4814,E.G. Chess Free,GAME,Everyone,Board,10000.0,0.0,4.0,505.0,Free
4815,Earn to Die 2,GAME,Teen,Racing,50000000.0,0.0,4.6,1327265.0,Free
4816,Earn to Die 2,GAME,Teen,Racing,50000000.0,0.0,4.6,1327269.0,Free
4817,EC Mover,GAME,Everyone,Racing,10.0,0.0,5.0,5.0,Free
4818,EF Jumper,GAME,Everyone,Arcade,100.0,0.0,,4.0,Free
4819,Eh Amego!,GAME,Everyone,Arcade,500000.0,0.0,3.8,13388.0,Free
4820,Elite Commando Shooting War,GAME,Teen,Action,100.0,0.0,4.5,14.0,Free
4821,EmuBox - Fast Retro Emulator,GAME,Everyone,Arcade,50000.0,0.0,3.9,1576.0,Free
4822,Endless Ducker,GAME,Everyone,Arcade,500000.0,0.0,4.5,8193.0,Free
4823,EP Gem Hunter,GAME,Everyone 10+,Action,1000.0,0.0,4.6,79.0,Free
4824,Episode - Choose Your Story,GAME,Teen,Simulation,50000000.0,0.0,4.3,1841061.0,Free
4825,ETERNITY WARRIORS 2,GAME,Teen,Action,5000000.0,0.0,4.6,568391.0,Free
4826,Evil Apples: A Dirty Card Game,GAME,Mature 17+,Word,5000000.0,0.0,4.3,137696.0,Free
4827,"Ew, the small alien",GAME,Everyone,Adventure,10.0,0.0,,5.0,Free
4828,Experiment Z - Zombie,GAME,Mature 17+,Action,10000000.0,0.0,4.0,229329.0,Free
4829,Extreme Car Driving Simulator,GAME,Everyone,Racing,100000000.0,0.0,4.3,2251012.0,Free
4830,Extreme Match,GAME,Everyone,Action,100000.0,0.0,4.5,696.0,Free
4831,Extreme Super Car Driving 3D,GAME,Everyone,Racing,1000000.0,0.0,3.9,23104.0,Free
4832,Extreme X Ray Robot Stunts,GAME,Everyone,Racing,5000000.0,0.0,4.3,10806.0,Free
4833,Eyes - The Scary Horror Game Adventure,GAME,Teen,Adventure,10000000.0,0.0,4.4,499483.0,Free
4834,Ez Mirror Match,GAME,Everyone,Arcade,500000.0,0.0,4.4,3344.0,Free
4835,F*ck This Game,GAME,Teen,Action,100.0,0.99,4.6,8.0,Paid
4836,FaFaFa™ Gold Casino: Free slot machines,GAME,Teen,Casino,1000000.0,0.0,4.3,11051.0,Free
4837,Faketalk - Chatbot,GAME,Teen,Word,1000000.0,0.0,4.2,63056.0,Free
4838,Fallout Shelter,GAME,Teen,Simulation,10000000.0,0.0,4.6,2719142.0,Free
4839,Family Guy The Quest for Stuff,GAME,Mature 17+,Adventure,10000000.0,0.0,4.0,995002.0,Free
4840,Fancy Pants Adventures,GAME,Everyone 10+,Arcade,1000000.0,0.0,4.7,55952.0,Free
4841,Farm Fruit Pop: Party Time,GAME,Everyone,Casual,1000000.0,0.0,4.4,9305.0,Free
4842,Farm Heroes Saga,GAME,Everyone,Casual,100000000.0,0.0,4.4,7614130.0,Free
4843,Farm Heroes Saga,GAME,Everyone,Casual,100000000.0,0.0,4.4,7614271.0,Free
4844,Farm Heroes Saga,GAME,Everyone,Casual,100000000.0,0.0,4.4,7614415.0,Free
4845,Farm Heroes Saga,GAME,Everyone,Casual,100000000.0,0.0,4.4,7614407.0,Free
4846,Farming Simulator 18,GAME,Everyone,Simulation;Education,100000.0,4.99,4.5,18125.0,Paid
4847,Fast like a Fox,GAME,Everyone,Adventure,5000000.0,0.0,4.3,104389.0,Free
4848,Fast Motorcycle Driver 2016,GAME,Everyone 10+,Racing,1000000.0,0.0,4.2,28151.0,Free
4849,Fast Racing Car Simulator,GAME,Everyone,Racing,1000000.0,0.0,3.8,8482.0,Free
4850,Fatal Raid - No.1 Mobile FPS,GAME,Teen,Action,1000000.0,0.0,4.3,56496.0,Free
4851,Fate/Grand Order (English),GAME,Teen,Role Playing,500000.0,0.0,4.4,16601.0,Free
4852,Fernanfloo,GAME,Everyone 10+,Arcade,10000000.0,0.0,4.8,526595.0,Free
4853,FG SPINNER,GAME,Everyone,Board,10.0,0.0,,2.0,Free
4854,Fidget Spinner,GAME,Everyone,Arcade,10000000.0,0.0,4.2,307398.0,Free
4855,Fields of Battle,GAME,Everyone 10+,Action,1000000.0,0.0,4.1,71476.0,Free
4856,FINAL FANTASY BRAVE EXVIUS,GAME,Teen,Role Playing,5000000.0,0.0,4.6,745684.0,Free
4857,Final Fantasy XV: A New Empire,GAME,Everyone 10+,Strategy,10000000.0,0.0,4.0,484981.0,Free
4858,Fishdom,GAME,Everyone,Puzzle,10000000.0,0.0,4.6,2157930.0,Free
4859,Fishdom,GAME,Everyone,Puzzle,10000000.0,0.0,4.6,2157930.0,Free
4860,Fishdom,GAME,Everyone,Puzzle,10000000.0,0.0,4.6,2158580.0,Free
4861,Five Nights at Flappy's,GAME,Everyone,Arcade,10000.0,0.0,4.7,4041.0,Free
4862,Five Nights at Freddy's,GAME,Teen,Action,1000000.0,2.99,4.6,100805.0,Paid
4863,Five Nights at Freddy's 3,GAME,Teen,Action,100000.0,2.99,4.7,27856.0,Paid
4864,Five Nights at Freddy's 3 Demo,GAME,Teen,Action,10000000.0,0.0,4.5,1041836.0,Free
4865,Five Nights at Freddy's 4,GAME,Teen,Action,100000.0,2.99,4.6,21266.0,Paid
4866,Five Nights at Freddy's 4 Demo,GAME,Teen,Action,10000000.0,0.0,4.4,889425.0,Free
4867,Five Nights at Freddy's: SL,GAME,Teen,Action,100000.0,2.99,4.5,16162.0,Paid
4868,Five Nights at Neighbor House,GAME,Everyone 10+,Action,100000.0,0.0,4.2,2180.0,Free
4869,Five Nights at Pizzeria,GAME,Teen,Action,100000.0,0.0,3.5,1976.0,Free
4870,"FJ Final Join , Circles Game",GAME,Teen,Arcade,1000.0,0.0,4.7,32.0,Free
4871,FK (FlightKid),GAME,Everyone,Action,10.0,0.0,,2.0,Free
4872,Flat Pack,GAME,Everyone 10+,Action,100000.0,0.0,4.4,862.0,Free
4873,Flip the Gun - Simulator Game,GAME,Everyone,Arcade,10000000.0,0.0,4.2,195558.0,Free
4874,Flippy Axe : Flip The Knife & Axe Simulator,GAME,Everyone,Arcade,100.0,0.0,5.0,7.0,Free
4875,Flow Free,GAME,Everyone,Puzzle,100000000.0,0.0,4.3,1295557.0,Free
4876,Flow Free,GAME,Everyone,Puzzle,100000000.0,0.0,4.3,1295606.0,Free
4877,Flow Free,GAME,Everyone,Puzzle,100000000.0,0.0,4.3,1295625.0,Free
4878,Flow Free,GAME,Everyone,Puzzle,100000000.0,0.0,4.3,1295625.0,Free
4879,Fo Fo Fish,GAME,Everyone,Arcade,50.0,0.0,3.4,5.0,Free
4880,Forgotten Hill Mementoes,GAME,Teen,Adventure,100000.0,0.0,4.6,2027.0,Free
4881,Forgotten Hill: Fall,GAME,Teen,Adventure,50000.0,0.0,4.4,1063.0,Free
4882,Forgotten Hill: Puppeteer,GAME,Teen,Adventure,100000.0,0.0,4.5,2917.0,Free
4883,Forgotten Hill: Surgery,GAME,Teen,Adventure,100000.0,0.0,4.5,2431.0,Free
4884,Four In A Line,GAME,Everyone,Board,1000000.0,0.0,3.8,22191.0,Free
4885,Four In A Line Free,GAME,Everyone,Board,5000000.0,0.0,4.3,133195.0,Free
4886,FP Runner,GAME,Everyone,Arcade,1000.0,0.0,3.7,38.0,Free
4887,Free DS Emulator,GAME,Everyone,Arcade,1000000.0,0.0,4.1,22896.0,Free
4888,Free Poker Games : Downtown Casino - Texas Holdem,GAME,Teen,Card,50000.0,0.0,4.5,2032.0,Free
4889,Freecell CY,GAME,Everyone,Card,50000.0,0.0,4.0,387.0,Free
4890,FRONTLINE COMMANDO,GAME,Teen,Action,10000000.0,0.0,4.4,1351833.0,Free
4891,FRONTLINE COMMANDO: D-DAY,GAME,Mature 17+,Action,10000000.0,0.0,4.5,1736105.0,Free
4892,Frontline Terrorist Battle Shoot: Free FPS Shooter,GAME,Mature 17+,Action,1000000.0,0.0,4.2,9183.0,Free
4893,Fruit Block - Puzzle Legend,GAME,Everyone,Casual,10000000.0,0.0,4.6,125647.0,Free
4894,Fruit Ninja Classic,GAME,Everyone,Arcade,1000000.0,0.99,4.3,85468.0,Paid
4895,Fruit Ninja®,GAME,Everyone,Arcade,100000000.0,0.0,4.3,5091448.0,Free
4896,Fruits Bomb,GAME,Everyone,Casual,10000000.0,0.0,4.4,74673.0,Free
4897,Fruits Bomb,GAME,Everyone,Casual,10000000.0,0.0,4.4,74695.0,Free
4898,Fun Texas Hold'em Poker,GAME,Teen,Casino,500000.0,0.0,4.5,32831.0,Free
4899,GALAK-Z: Variant Mobile,GAME,Everyone,Action,10000.0,0.0,3.9,145.0,Free
4900,Galaxian(FC),GAME,Everyone,Arcade,100.0,1.99,4.5,2.0,Paid
4901,Galaxy Attack: Alien Shooter,GAME,Everyone,Arcade,10000000.0,0.0,4.6,506275.0,Free
4902,Galaxy Attack: Alien Shooter,GAME,Everyone,Arcade,10000000.0,0.0,4.6,506275.0,Free
4903,Galaxy Attack: Alien Shooter,GAME,Everyone,Arcade,10000000.0,0.0,4.6,506593.0,Free
4904,Game of Thrones: Conquest™,GAME,Teen,Strategy,1000000.0,0.0,4.0,90218.0,Free
4905,Gang Wars of San Andreas,GAME,Mature 17+,Action,1000000.0,0.0,4.1,9898.0,Free
4906,Gangstar Vegas - mafia game,GAME,Mature 17+,Action,50000000.0,0.0,4.5,4830407.0,Free
4907,Gangster City Auto Theft,GAME,Everyone,Action,50000.0,0.0,4.3,350.0,Free
4908,Gangster Town,GAME,Teen,Action,5000000.0,0.0,4.1,74842.0,Free
4909,Gardenscapes,GAME,Everyone,Casual,50000000.0,0.0,4.6,4128732.0,Free
4910,Gardenscapes,GAME,Everyone,Casual,50000000.0,0.0,4.6,4129665.0,Free
4911,Garena Free Fire,GAME,Teen,Action,100000000.0,0.0,4.5,5465624.0,Free
4912,Garena Free Fire,GAME,Teen,Action,100000000.0,0.0,4.5,5476569.0,Free
4913,Garena Free Fire,GAME,Teen,Action,100000000.0,0.0,4.5,5476569.0,Free
4914,Garena Free Fire,GAME,Teen,Action,100000000.0,0.0,4.5,5534114.0,Free
4915,Gate Of Death Ep: 1,GAME,Everyone,Adventure,100.0,0.0,4.4,7.0,Free
4916,Gear.Club - True Racing,GAME,Everyone,Racing,1000000.0,0.0,4.4,140658.0,Free
4917,Gems or jewels ?,GAME,Teen,Puzzle,10000000.0,0.0,4.7,171448.0,Free
4918,Geometry Dash Lite,GAME,Everyone,Arcade,100000000.0,0.0,4.5,6181640.0,Free
4919,Geometry Dash Meltdown,GAME,Everyone,Arcade,50000000.0,0.0,4.6,1591129.0,Free
4920,Geometry Dash SubZero,GAME,Everyone,Arcade,10000000.0,0.0,4.6,260527.0,Free
4921,Geometry Dash World,GAME,Everyone,Arcade,10000000.0,0.0,4.6,760628.0,Free
4922,Geometry Dash World,GAME,Everyone,Arcade,10000000.0,0.0,4.6,759838.0,Free
4923,Get 'Em,GAME,Everyone 10+,Action,500000.0,0.0,4.1,7904.0,Free
4924,Ghost Hunting camera,GAME,Teen,Action,500000.0,0.0,3.5,3048.0,Free
4925,Ghost Snap AR Horror Survival,GAME,Teen,Adventure,100000.0,0.0,3.8,898.0,Free
4926,Ghosts'n Goblins MOBILE,GAME,Everyone,Arcade,10000.0,0.99,3.8,466.0,Paid
4927,Ghouls'n Ghosts MOBILE,GAME,Everyone 10+,Arcade,5000.0,1.99,3.9,168.0,Paid
4928,Girls' Frontline,GAME,Teen,Strategy,100000.0,0.0,4.2,2055.0,Free
4929,Glitch Fixers: Powerpuff Girls,GAME,Everyone,Arcade,5000000.0,0.0,4.4,39698.0,Free
4930,Glow Hockey,GAME,Everyone,Arcade,100000000.0,0.0,4.1,1703479.0,Free
4931,Golden HoYeah Slots - Real Casino Slots,GAME,Teen,Casino,5000000.0,0.0,4.4,201537.0,Free
4932,Governor of Poker 2 - OFFLINE POKER GAME,GAME,Teen,Card,5000000.0,0.0,4.3,246538.0,Free
4933,Grand Bat Superhero Flying Assault Rescue Mission,GAME,Teen,Action,500000.0,0.0,4.4,1094.0,Free
4934,Grand Gangsters 3D,GAME,Teen,Action,10000000.0,0.0,4.2,401643.0,Free
4935,Grand Stickman Cover V,GAME,Mature 17+,Action,100000.0,0.0,4.0,1744.0,Free
4936,Grand Theft Auto: San Andreas,GAME,Mature 17+,Action,1000000.0,6.99,4.4,348962.0,Paid
4937,Granny,GAME,Teen,Arcade,50000000.0,0.0,4.5,1135631.0,Free
4938,Granny,GAME,Teen,Arcade,50000000.0,0.0,4.5,1137271.0,Free
4939,Granny,GAME,Teen,Arcade,50000000.0,0.0,4.5,1137267.0,Free
4940,Granny,GAME,Teen,Arcade,50000000.0,0.0,4.5,1138239.0,Free
4941,Granny,GAME,Teen,Arcade,50000000.0,0.0,4.5,1128805.0,Free
4942,Grim Soul: Dark Fantasy Survival,GAME,Teen,Role Playing,5000000.0,0.0,4.5,189773.0,Free
4943,Grim Tales: The Wishes CE,GAME,Everyone 10+,Adventure,100000.0,0.0,4.3,4923.0,Free
4944,G-Switch,GAME,Everyone,Action,100000.0,0.0,3.8,4116.0,Free
4945,G-Switch 2,GAME,Everyone,Action,1000000.0,0.0,4.4,12683.0,Free
4946,G-Switch 3,GAME,Everyone,Action,100000.0,0.0,4.6,3656.0,Free
4947,Guess the Class 🔥 AQW,GAME,Everyone,Word,1000.0,0.0,4.7,57.0,Free
4948,Guess The Emoji,GAME,Everyone,Word,5000000.0,0.0,4.5,76627.0,Free
4949,Guess the song of J Balvin,GAME,Everyone,Trivia,1000.0,0.0,,28.0,Free
4950,Gun Builder ELITE,GAME,Teen,Action,1000000.0,0.0,4.1,88941.0,Free
4951,Gun Club Armory,GAME,Teen,Action,1000000.0,0.0,4.2,55014.0,Free
4952,Gun Shoot War Q,GAME,Teen,Arcade,1000000.0,0.0,4.2,26893.0,Free
4953,Gun Strike Shoot,GAME,Teen,Action,10000000.0,0.0,4.1,94761.0,Free
4954,GUN ZOMBIE,GAME,Teen,Arcade,5000000.0,0.0,4.4,243121.0,Free
4955,Guns of Boom - Online Shooter,GAME,Teen,Action,10000000.0,0.0,4.6,1226514.0,Free
4956,Guns of Glory,GAME,Everyone 10+,Strategy,10000000.0,0.0,4.0,120592.0,Free
4957,Guns Royale - Multiplayer Blocky Battle Royale,GAME,Everyone 10+,Action,100000.0,0.0,4.6,19070.0,Free
4958,GUNSHIP BATTLE: Helicopter 3D,GAME,Teen,Action,50000000.0,0.0,4.3,2151039.0,Free
4959,Gunship Modern Combat 3D,GAME,Teen,Action,500000.0,0.0,4.2,3247.0,Free
4960,Hambo,GAME,Everyone,Action,5000000.0,0.0,4.4,125578.0,Free
4961,HANGAME Casino - Baccarat & Texas Hold'em,GAME,Teen,Casino,500000.0,0.0,4.1,8608.0,Free
4962,Hard Time (Prison Sim),GAME,Teen,Adventure,10000000.0,0.0,4.3,275843.0,Free
4963,Harry Potter: Hogwarts Mystery,GAME,Teen,Adventure,10000000.0,0.0,4.4,1107310.0,Free
4964,Harry Potter: Hogwarts Mystery,GAME,Teen,Adventure,10000000.0,0.0,4.4,1107197.0,Free
4965,HAWK – Force of an Arcade Shooter. Shoot 'em up,GAME,Everyone,Arcade,5000000.0,0.0,4.6,190274.0,Free
4966,Heart of Vegas™ Slots – Free Slot Casino Games,GAME,Teen,Casino,10000000.0,0.0,4.5,264282.0,Free
4967,Heirs & Graces,GAME,Teen,Adventure,5000.0,0.0,4.3,125.0,Free
4968,Helix,GAME,Everyone,Arcade,500000.0,0.0,3.9,2454.0,Free
4969,Helix Jump,GAME,Everyone,Action,100000000.0,0.0,4.2,1497361.0,Free
4970,Helix Jump,GAME,Everyone,Action,100000000.0,0.0,4.2,1498648.0,Free
4971,Helix Jump,GAME,Everyone,Action,100000000.0,0.0,4.2,1499373.0,Free
4972,Helix Jump,GAME,Everyone,Action,100000000.0,0.0,4.2,1500999.0,Free
4973,Helix Jump,GAME,Everyone,Action,100000000.0,0.0,4.2,1500622.0,Free
4974,Helix Jump,GAME,Everyone,Action,100000000.0,0.0,4.2,1485806.0,Free
4975,Hello Kitty Nail Salon,GAME,Everyone,Casual;Pretend Play,50000000.0,0.0,4.2,369203.0,Free
4976,Hello Stars,GAME,Everyone,Puzzle,10000000.0,0.0,4.6,101686.0,Free
4977,Hero Fighter X,GAME,Teen,Action,500000.0,0.0,4.5,24210.0,Free
4978,Hero Hunters,GAME,Teen,Action,5000000.0,0.0,4.4,70747.0,Free
4979,Heroes Arena,GAME,Everyone 10+,Action,10000000.0,0.0,4.2,336386.0,Free
4980,Heroes of Dragon Age,GAME,Teen,Action,1000000.0,0.0,4.2,70389.0,Free
4981,Hide N Seek : Mini Game,GAME,Everyone,Action,500000.0,0.0,3.8,4719.0,Free
4982,Hill Climb Racing,GAME,Everyone,Racing,100000000.0,0.0,4.4,8923587.0,Free
4983,Hill Climb Racing,GAME,Everyone,Racing,100000000.0,0.0,4.4,8923818.0,Free
4984,Hill Climb Racing,GAME,Everyone,Racing,100000000.0,0.0,4.4,8923847.0,Free
4985,Hill Climb Racing,GAME,Everyone,Racing,100000000.0,0.0,4.4,8921451.0,Free
4986,Hill Climb Racing 2,GAME,Everyone,Racing,100000000.0,0.0,4.6,2750410.0,Free
4987,Hill Climb Racing 2,GAME,Everyone,Racing,100000000.0,0.0,4.6,2750645.0,Free
4988,Hitman Sniper,GAME,Mature 17+,Action,10000000.0,0.99,4.6,408292.0,Paid
4989,Hole.io,GAME,Teen,Arcade,10000000.0,0.0,4.2,145353.0,Free
4990,Homescapes,GAME,Everyone,Casual,10000000.0,0.0,4.6,3093358.0,Free
4991,Homescapes,GAME,Everyone,Casual,10000000.0,0.0,4.6,3093932.0,Free
4992,Honkai Impact 3rd,GAME,Teen,Action,1000000.0,0.0,4.7,59017.0,Free
4993,Honkai Impact 3rd,GAME,Teen,Action,1000000.0,0.0,4.7,59017.0,Free
4994,Hopeless Land: Fight for Survival,GAME,Teen,Action,5000000.0,0.0,4.2,250197.0,Free
4995,Horror Hospital,GAME,Teen,Action,1000000.0,0.0,3.7,63986.0,Free
4996,Hotel Insanity,GAME,Teen,Arcade,100000.0,0.0,4.2,3816.0,Free
4997,How well do you know me?,GAME,Everyone,Word,100000.0,0.0,3.9,1290.0,Free
4998,Hungry Shark Evolution,GAME,Teen,Arcade,100000000.0,0.0,4.5,6074334.0,Free
4999,Hungry Shark Evolution,GAME,Teen,Arcade,100000000.0,0.0,4.5,6074627.0,Free
5000,Hungry Shark Evolution,GAME,Teen,Arcade,100000000.0,0.0,4.5,6071542.0,Free
5001,Hungry Shark World,GAME,Teen,Action,50000000.0,0.0,4.5,1242855.0,Free
5002,Hungry Shark World,GAME,Teen,Action,50000000.0,0.0,4.5,1243017.0,Free
5003,Hustle Castle: Fantasy Kingdom,GAME,Everyone 10+,Role Playing,10000000.0,0.0,4.7,584126.0,Free
5004,I am Bread,GAME,Everyone,Adventure,10000.0,4.99,4.0,630.0,Paid
5005,I Am Innocent,GAME,Teen,Adventure,1000000.0,0.0,4.4,208501.0,Free
5006,I Know Stuff,GAME,Everyone,Trivia,5000000.0,0.0,4.2,214923.0,Free
5007,Ice Crush 2018 - A new Puzzle Matching Adventure,GAME,Everyone,Casual,1000000.0,0.0,4.6,15403.0,Free
5008,Identity V,GAME,Teen,Action,1000000.0,0.0,4.2,109263.0,Free
5009,Idle Heroes,GAME,Everyone 10+,Role Playing,10000000.0,0.0,4.7,416540.0,Free
5010,iGun Pro -The Original Gun App,GAME,Everyone,Arcade,10000000.0,0.0,4.2,249308.0,Free
5011,Ingress,GAME,Everyone,Adventure,10000000.0,0.0,4.3,391325.0,Free
5012,Injustice 2,GAME,Teen,Action,5000000.0,0.0,4.3,504765.0,Free
5013,Injustice: Gods Among Us,GAME,Teen,Action,10000000.0,0.0,4.4,2440877.0,Free
5014,Invasion: Defend EU,GAME,Everyone,Arcade,50.0,0.0,,7.0,Free
5015,Iron Blade,GAME,Mature 17+,Action,10000000.0,0.0,4.4,161637.0,Free
5016,iSniper 3D Arctic Warfare,GAME,Teen,Arcade,1000000.0,0.0,3.8,35572.0,Free
5017,IV Go（get IV for Pokemon）,GAME,Everyone,Adventure,1000000.0,0.0,4.6,132282.0,Free
5018,J Balvin Piano Tiles,GAME,Everyone,Music,500.0,0.0,,6.0,Free
5019,Jetpack Joyride,GAME,Everyone 10+,Arcade,100000000.0,0.0,4.4,4638163.0,Free
5020,Jetpack Joyride,GAME,Everyone 10+,Arcade,100000000.0,0.0,4.4,4637439.0,Free
5021,Jewels classic Prince,GAME,Everyone,Puzzle,5000000.0,0.0,4.4,47644.0,Free
5022,Jewels Legend - Match 3 Puzzle,GAME,Everyone,Arcade,10000000.0,0.0,4.6,280098.0,Free
5023,Jewels Star: OZ adventure,GAME,Everyone,Puzzle,1000000.0,0.0,4.5,21892.0,Free
5024,Jewels Star: OZ adventure,GAME,Everyone,Puzzle,1000000.0,0.0,4.5,21892.0,Free
5025,J-Stars Victory VS Guide,GAME,Everyone,Action,10000.0,0.0,4.1,609.0,Free
5026,Jump'N'Shoot Attack,GAME,Everyone,Arcade,1000.0,2.49,4.1,155.0,Paid
5027,Jungle book-The Great Escape,GAME,Everyone,Action,100000.0,0.0,3.9,2362.0,Free
5028,Jungle Marble Blast,GAME,Everyone,Casual,5000000.0,0.0,4.3,18985.0,Free
5029,Jungle Monkey Run,GAME,Everyone,Adventure,10000000.0,0.0,4.4,54082.0,Free
5030,Jurassic World™ Alive,GAME,Everyone 10+,Simulation,5000000.0,0.0,4.3,309176.0,Free
5031,Just A Regular Arcade,GAME,Everyone,Action,1000000.0,0.0,4.2,40847.0,Free
5032,Just Dance Now,GAME,Everyone,Music,10000000.0,0.0,4.2,794058.0,Free
5033,Justice League Action Run,GAME,Everyone 10+,Action,1000000.0,0.0,4.3,22333.0,Free
5034,Kick the Buddy,GAME,Teen,Action,50000000.0,0.0,4.3,1000417.0,Free
5035,Kick the Buddy,GAME,Teen,Action,50000000.0,0.0,4.3,1000417.0,Free
5036,Kick the Buddy,GAME,Teen,Action,50000000.0,0.0,4.3,1003269.0,Free
5037,kick the buddy,GAME,Everyone,Arcade,10000.0,0.0,3.3,294.0,Free
5038,Kick the Buddy,GAME,Teen,Action,50000000.0,0.0,4.3,1004709.0,Free
5039,Kill Shot Bravo: Sniper FPS,GAME,Mature 17+,Action,10000000.0,0.0,4.4,579519.0,Free
5040,KIM KARDASHIAN: HOLLYWOOD,GAME,Teen,Adventure,10000000.0,0.0,4.3,1017408.0,Free
5041,Knife Hit,GAME,Everyone,Arcade,10000000.0,0.0,4.5,461137.0,Free
5042,Knife Hit,GAME,Everyone,Arcade,10000000.0,0.0,4.5,462614.0,Free
5043,Knife&Axe Throwing,GAME,Everyone,Arcade,50000.0,0.0,3.1,440.0,Free
5044,Korean Dungeon: K-Word 1000,GAME,Everyone 10+,Word,10000.0,0.0,4.7,703.0,Free
5045,Kung Fu Do Fighting,GAME,Teen,Arcade,10000000.0,0.0,4.0,271214.0,Free
5046,L.A. Crime Stories 2 Mad City Crime,GAME,Teen,Racing,100000.0,0.0,4.2,3946.0,Free
5047,L.A. Crime Stories Mad City Crime,GAME,Mature 17+,Racing,1000000.0,0.0,4.0,30008.0,Free
5048,LA Stories 4 New Order Sandbox 2018,GAME,Mature 17+,Racing,1000000.0,0.0,4.2,17453.0,Free
5049,Last Day on Earth: Survival,GAME,Teen,Action,10000000.0,0.0,4.5,2311785.0,Free
5050,Last Day on Earth: Survival,GAME,Teen,Action,10000000.0,0.0,4.5,2308916.0,Free
5051,Last Shelter: Survival,GAME,Teen,Strategy,5000000.0,0.0,4.4,93033.0,Free
5052,Law of Creation: A Playable Manga,GAME,Teen,Adventure,500000.0,0.0,4.5,13118.0,Free
5053,League of Stickman 2018- Ninja Arena PVP(Dreamsky),GAME,Teen,Action,1000000.0,0.99,4.4,32496.0,Paid
5054,Lep's World 2 🍀🍀,GAME,Everyone 10+,Arcade,100000000.0,0.0,4.3,798522.0,Free
5055,Lep's World 3 🍀🍀🍀,GAME,Everyone 10+,Action,50000000.0,0.0,4.3,771001.0,Free
5056,Lep's World 🍀,GAME,Everyone 10+,Arcade,50000000.0,0.0,4.3,696019.0,Free
5057,Let's Poke The Egg,GAME,Everyone,Arcade,1000000.0,0.0,3.4,9051.0,Free
5058,Lineage 2: Revolution,GAME,Teen,Role Playing,5000000.0,0.0,4.2,187972.0,Free
5059,Live Hold’em Pro Poker - Free Casino Games,GAME,Teen,Card,10000000.0,0.0,4.6,1123190.0,Free
5060,Lock 'n' Roll Pro - Ad Free,GAME,Everyone,Card,1000.0,0.99,4.6,169.0,Paid
5061,Looper!,GAME,Everyone,Puzzle,1000000.0,0.0,4.6,48256.0,Free
5062,Lords Mobile: Battle of the Empires - Strategy RPG,GAME,Teen,Strategy,50000000.0,0.0,4.4,3057481.0,Free
5063,Lost Journey (Dreamsky),GAME,Everyone,Adventure,1000000.0,0.99,4.5,32344.0,Paid
5064,Love Balls,GAME,Everyone,Puzzle,50000000.0,0.0,4.2,360630.0,Free
5065,Love Dance,GAME,Teen,Music,1000000.0,0.0,4.0,29462.0,Free
5066,Love Nikki-Dress UP Queen,GAME,Everyone,Role Playing,5000000.0,0.0,4.4,212524.0,Free
5067,Ludo - Don't get angry,GAME,Everyone,Board,1000.0,1.61,4.2,131.0,Paid
5068,Ludo Dz,GAME,Everyone,Board,500.0,0.0,4.5,17.0,Free
5069,Lust in Terror Manor - The Truth Unveiled | Otome,GAME,Teen,Adventure,10000.0,0.0,4.1,355.0,Free
5070,M3-X5-X6-M-İ3-İ8 RACİNG 2018,GAME,Everyone,Arcade,100000.0,0.0,4.4,596.0,Free
5071,M-acceleration 3D Car Racing,GAME,Everyone,Racing,100000.0,0.0,3.9,1202.0,Free
5072,Mad Dash Fo' Cash,GAME,Everyone,Arcade,100.0,0.0,5.0,14.0,Free
5073,Mad Day - Truck Distance Game,GAME,Everyone,Action,5000000.0,0.0,4.3,29270.0,Free
5074,Mad Skills BMX 2,GAME,Everyone,Action,1000000.0,0.0,4.5,29940.0,Free
5075,Mad Skills Motocross,GAME,Everyone,Racing,1000000.0,0.0,4.0,32522.0,Free
5076,Mafia City,GAME,Mature 17+,Strategy,10000000.0,0.0,4.5,168717.0,Free
5077,Magic Tiles - Blackpink Edition (K-Pop),GAME,Everyone,Music,100000.0,0.0,4.6,4304.0,Free
5078,Magic Tiles - TWICE Edition (K-Pop),GAME,Everyone,Music,100000.0,0.0,4.4,2351.0,Free
5079,Magic Tiles 3,GAME,Everyone,Music,50000000.0,0.0,4.5,592068.0,Free
5080,Magic Tiles 3,GAME,Everyone,Music,50000000.0,0.0,4.5,592282.0,Free
5081,Magic Tiles 3,GAME,Everyone,Music,50000000.0,0.0,4.5,592504.0,Free
5082,Magic Tiles 3,GAME,Everyone,Music,50000000.0,0.0,4.5,592504.0,Free
5083,Magnum 3.0 Gun Custom SImulator,GAME,Teen,Action,1000000.0,0.0,4.5,16815.0,Free
5084,Major Mayhem,GAME,Teen,Action,10000000.0,0.0,4.6,520962.0,Free
5085,Map Callouts for CS:GO,GAME,Everyone,Action,50000.0,0.0,4.3,211.0,Free
5086,Marble - Temple Quest,GAME,Everyone,Puzzle,10000000.0,0.0,4.3,42053.0,Free
5087,Marble Woka Woka 2018 - Bubble Shooter Match 3,GAME,Everyone,Puzzle,10000000.0,0.0,4.6,155186.0,Free
5088,MARVEL Avengers Academy,GAME,Teen,Adventure,10000000.0,0.0,4.2,304106.0,Free
5089,MARVEL Contest of Champions,GAME,Teen,Action,50000000.0,0.0,4.3,2468063.0,Free
5090,MARVEL Contest of Champions,GAME,Teen,Action,50000000.0,0.0,4.3,2468915.0,Free
5091,MARVEL Strike Force,GAME,Teen,Role Playing,5000000.0,0.0,4.3,165888.0,Free
5092,MARVEL Strike Force,GAME,Teen,Role Playing,5000000.0,0.0,4.3,165928.0,Free
5093,Mass Effect: Andromeda APEX HQ,GAME,Everyone 10+,Action,100000.0,0.0,3.4,4490.0,Free
5094,Master of Eternity(MOE),GAME,Teen,Strategy,100000.0,0.0,4.2,5829.0,Free
5095,MazeMilitia Classic Multiplayer Shooting Game,GAME,Mature 17+,Action,50000.0,0.0,4.4,1294.0,Free
5096,MEGA MAN MOBILE,GAME,Everyone,Action,10000.0,1.99,4.0,267.0,Paid
5097,MegaNDS (NDS Emulator),GAME,Everyone,Arcade,500000.0,0.0,3.4,2218.0,Free
5098,Mental Hospital V,GAME,Mature 17+,Action,50000.0,0.99,4.2,2460.0,Paid
5099,Mental Hospital:EB 2 Lite,GAME,Teen,Action,100000.0,0.0,4.1,5341.0,Free
5100,Merge Dragons!,GAME,Everyone,Puzzle,5000000.0,0.0,4.5,214777.0,Free
5101,Merge Dragons!,GAME,Everyone,Puzzle,5000000.0,0.0,4.5,214819.0,Free
5102,Metal Soldiers 2,GAME,Teen,Action,10000000.0,0.0,4.4,153381.0,Free
5103,Metal Soldiers 2,GAME,Teen,Action,10000000.0,0.0,4.4,153649.0,Free
5104,Miami crime simulator,GAME,Mature 17+,Action,10000000.0,0.0,4.0,254518.0,Free
5105,Miami Crime Vice Town,GAME,Mature 17+,Action,10000000.0,0.0,4.1,154519.0,Free
5106,Might & Magic: Elemental Guardians,GAME,Mature 17+,Role Playing,500000.0,0.0,4.3,32551.0,Free
5107,Millionaire : Who want to be?,GAME,Everyone,Trivia,100000.0,0.0,4.4,4396.0,Free
5108,Mini DAYZ: Zombie Survival,GAME,Teen,Action,1000000.0,0.0,4.1,94661.0,Free
5109,Mini Golf King - Multiplayer Game,GAME,Everyone,Sports,5000000.0,0.0,4.5,531458.0,Free
5110,Mini Motor Racing WRT,GAME,Everyone,Racing,1000000.0,0.0,4.2,107497.0,Free
5111,Minion Rush: Despicable Me Official Game,GAME,Everyone 10+,Casual;Action & Adventure,100000000.0,0.0,4.5,10216538.0,Free
5112,Miraculous Ladybug & Cat Noir - The Official Game,GAME,Everyone,Action,10000000.0,0.0,4.5,183846.0,Free
5113,Miraculous Ladybug & Cat Noir - The Official Game,GAME,Everyone,Action,10000000.0,0.0,4.5,184210.0,Free
5114,Miraculous Ladybug & Cat Noir - The Official Game,GAME,Everyone,Action,10000000.0,0.0,4.5,185382.0,Free
5115,Mirror’s Edge™ Companion,GAME,Everyone,Action,100000.0,0.0,3.4,1995.0,Free
5116,MLB TAP SPORTS BASEBALL 2018,GAME,Everyone,Sports,1000000.0,0.0,4.6,32506.0,Free
5117,"MMX Hill Dash 2 – Offroad Truck, Car & Bike Racing",GAME,Everyone,Racing,1000000.0,0.0,4.4,41975.0,Free
5118,Mobile CS:GO,GAME,Everyone,Action,100000.0,0.0,3.1,1015.0,Free
5119,Mobile Legends: Bang Bang,GAME,Teen,Action,100000000.0,0.0,4.4,8219586.0,Free
5120,Modern Action Commando 3D,GAME,Teen,Action,100000.0,0.0,4.2,492.0,Free
5121,Modern Combat 5: eSports FPS,GAME,Mature 17+,Action,100000000.0,0.0,4.3,2903386.0,Free
5122,Modern Counter Global Strike 3D,GAME,Teen,Action,50000.0,0.0,4.1,297.0,Free
5123,Modern Counter Global Strike 3D V2,GAME,Everyone 10+,Action,50000.0,0.0,4.0,368.0,Free
5124,Modern Counter Terror Attack – Shooting Game,GAME,Mature 17+,Action,50000.0,0.0,4.2,340.0,Free
5125,Modern Counter Terrorist FPS Shoot,GAME,Teen,Action,100000.0,0.0,4.0,795.0,Free
5126,Modern Sniper Strike: Best Commando Action 2k18,GAME,Everyone,Action,10000.0,0.0,4.1,164.0,Free
5127,Modern Strike Online,GAME,Teen,Action,10000000.0,0.0,4.3,834117.0,Free
5128,Monster Ride Pro,GAME,Everyone,Racing,10.0,0.0,5.0,1.0,Free
5129,Monument Valley 2,GAME,Everyone,Puzzle,100000.0,4.99,4.6,9394.0,Paid
5130,Mopar Drag N Brag,GAME,Everyone,Racing,1000000.0,0.0,4.2,30630.0,Free
5131,MORTAL KOMBAT X,GAME,Mature 17+,Action,10000000.0,0.0,4.4,3039889.0,Free
5132,Moto Fighter 3D,GAME,Everyone 10+,Racing,10000000.0,0.0,3.9,85410.0,Free
5133,Moto Rider,GAME,Teen,Racing,10000000.0,0.0,4.2,115176.0,Free
5134,Motocross Mayhem,GAME,Everyone,Racing,1000000.0,0.0,3.8,35171.0,Free
5135,Motocross Motorbike Simulator Offroad,GAME,Everyone,Racing,5000000.0,0.0,3.6,51366.0,Free
5136,Motorbike Driving Simulator 3D,GAME,Everyone,Racing,10000000.0,0.0,3.9,178723.0,Free
5137,Mu.F.O.,GAME,Everyone,Arcade,1.0,0.99,5.0,2.0,Paid
5138,Multicraft Miner Exploration,GAME,Everyone 10+,Adventure,1000000.0,0.0,4.0,14563.0,Free
5139,Mupen64+AE FREE (N64 Emulator),GAME,Everyone,Arcade,1000000.0,0.0,4.0,41759.0,Free
5140,Mupen64Plus AE (N64 Emulator),GAME,Everyone,Arcade,100000.0,0.99,4.2,4569.0,Paid
5141,My Boy! Free - GBA Emulator,GAME,Everyone,Arcade,10000000.0,0.0,4.3,531074.0,Free
5142,My OldBoy! Free - GBC Emulator,GAME,Everyone,Arcade,5000000.0,0.0,4.2,51787.0,Free
5143,My Talking Angela,GAME,Everyone,Casual,100000000.0,0.0,4.5,9881829.0,Free
5144,My Talking Angela,GAME,Everyone,Casual,100000000.0,0.0,4.5,9881908.0,Free
5145,My Talking Angela,GAME,Everyone,Casual,100000000.0,0.0,4.5,9883367.0,Free
5146,My Talking Tom,GAME,Everyone,Casual,500000000.0,0.0,4.5,14891223.0,Free
5147,My Talking Tom,GAME,Everyone,Casual,500000000.0,0.0,4.5,14892469.0,Free
5148,NARUTO X BORUTO NINJA VOLTAGE,GAME,Everyone 10+,Action,5000000.0,0.0,4.4,267395.0,Free
5149,Navy Gunner Shoot War 3D,GAME,Teen,Action,10000000.0,0.0,4.0,103199.0,Free
5150,NDS Emulator - For Android 6,GAME,Everyone,Arcade,1000000.0,0.0,4.1,14002.0,Free
5151,nds4droid,GAME,Everyone,Arcade,10000000.0,0.0,3.4,107778.0,Free
5152,Nedir Bu ?,GAME,Everyone,Trivia,10.0,0.0,,0.0,Free
5153,Need for Speed™ No Limits,GAME,Everyone 10+,Racing,50000000.0,0.0,4.4,3344300.0,Free
5154,New YAHTZEE® With Buddies Dice Game,GAME,Everyone,Board,5000000.0,0.0,4.1,42079.0,Free
5155,New York Mysteries (Full),GAME,Teen,Adventure,5000.0,6.99,4.5,514.0,Paid
5156,Nightenfell: Shared AR,GAME,Everyone 10+,Action,1000.0,0.99,4.5,20.0,Paid
5157,Nights at Cube Pizzeria 3D – 2,GAME,Everyone 10+,Action,5000000.0,0.0,4.0,47151.0,Free
5158,Nights at Cube Pizzeria 3D – 4,GAME,Teen,Adventure,500000.0,0.0,4.1,7728.0,Free
5159,Nights at Slender Pizzeria 3D,GAME,Teen,Adventure,100000.0,0.0,4.1,2628.0,Free
5160,NinJump,GAME,Everyone,Arcade,10000000.0,0.0,4.3,421000.0,Free
5161,Nyan Cat: Lost In Space,GAME,Everyone 10+,Arcade,10000000.0,0.0,4.5,371318.0,Free
5162,Obbligo o Verità? PRO,GAME,Teen,Board,100.0,0.99,,4.0,Paid
5163,Oddworld: New 'n' Tasty,GAME,Teen,Action,10000.0,4.99,4.6,1475.0,Paid
5164,Offroad drive : 4x4 driving game,GAME,Everyone,Racing,100000.0,0.0,3.5,2071.0,Free
5165,Offroad Outlaws,GAME,Everyone,Racing,1000000.0,0.0,4.4,29168.0,Free
5166,Oggy,GAME,Everyone,Arcade,5000000.0,0.0,4.5,49971.0,Free
5167,Once Upon a Tower,GAME,Everyone 10+,Action,1000000.0,0.0,4.7,37139.0,Free
5168,One Night at Golden Freddy's,GAME,Teen,Action,100000.0,0.0,3.3,2717.0,Free
5169,ONScripter Plus (Ad Free),GAME,Everyone,Adventure,1000.0,3.99,4.5,100.0,Paid
5170,Out of Bounds BH Demo,GAME,Everyone,Action,10.0,0.0,,3.0,Free
5171,Pacific Navy Fighter C.E. (AS),GAME,Everyone 10+,Arcade,500000.0,0.0,4.3,11379.0,Free
5172,PAC-MAN,GAME,Everyone,Arcade,100000000.0,0.0,4.2,685981.0,Free
5173,PAC-MAN,GAME,Everyone,Arcade,100000000.0,0.0,4.2,685450.0,Free
5174,PAC-MAN CE DX,GAME,Everyone,Arcade,10000.0,4.99,4.5,1692.0,Paid
5175,Paint Hit,GAME,Everyone,Casual,10000000.0,0.0,4.4,37023.0,Free
5176,Palavras la cq,GAME,Everyone,Trivia,100000.0,0.0,3.9,783.0,Free
5177,Partymasters - Fun Idle Game,GAME,Teen,Arcade,10000000.0,0.0,4.6,541144.0,Free
5178,Peggle Blast,GAME,Everyone,Card,5000000.0,0.0,4.1,166251.0,Free
5179,Perfect Piano,GAME,Everyone,Music,50000000.0,0.0,4.2,828489.0,Free
5180,Piano Free - Keyboard with Magic Tiles Music Games,GAME,Everyone,Music,50000000.0,0.0,4.5,785622.0,Free
5181,Piano Tiles 2™,GAME,Everyone,Arcade,100000000.0,0.0,4.7,8118880.0,Free
5182,Pineapple Pen,GAME,Everyone,Arcade,10000000.0,0.0,4.3,157264.0,Free
5183,Pixel Art: Color by Number Game,GAME,Everyone,Puzzle,10000000.0,0.0,4.7,1125017.0,Free
5184,Pixel Art: Color by Number Game,GAME,Everyone,Puzzle,10000000.0,0.0,4.7,1125438.0,Free
5185,Pixel Art: Color by Number Game,GAME,Everyone,Puzzle,10000000.0,0.0,4.7,1125566.0,Free
5186,Pixel Gun 3D: Survival shooter & Battle Royale,GAME,Teen,Action,50000000.0,0.0,4.5,4487182.0,Free
5187,Pixel Z Gunner 3D - Battle Survival Fps,GAME,Teen,Action,1000000.0,0.0,4.2,11408.0,Free
5188,PLANK!,GAME,Everyone,Arcade,500000.0,0.0,4.7,7196.0,Free
5189,Plants vs. Zombies FREE,GAME,Everyone 10+,Strategy,100000000.0,0.0,4.4,4066989.0,Free
5190,Plants vs. Zombies FREE,GAME,Everyone 10+,Strategy,100000000.0,0.0,4.4,4066980.0,Free
5191,Plants vs. Zombies FREE,GAME,Everyone 10+,Strategy,100000000.0,0.0,4.4,4067651.0,Free
5192,Plants vs. Zombies FREE,GAME,Everyone 10+,Strategy,100000000.0,0.0,4.4,4067651.0,Free
5193,PlayTexas Hold'em Poker Free,GAME,Teen,Card,1000000.0,0.0,3.8,3543.0,Free
5194,Pokémon GO,GAME,Everyone,Adventure,100000000.0,0.0,4.1,10424925.0,Free
5195,Pokémon GO,GAME,Everyone,Adventure,100000000.0,0.0,4.1,10421284.0,Free
5196,Poker Equity Calculator Pro for No Limit Hold'em,GAME,Everyone,Card,5000.0,0.99,4.0,21.0,Paid
5197,Poker Live! 3D Texas Hold'em,GAME,Teen,Casino,100000.0,0.0,4.3,6143.0,Free
5198,Poker Pro.Fr,GAME,Teen,Card,100000.0,0.0,4.2,5442.0,Free
5199,PokerStars Play: Free Texas Holdem Poker Game,GAME,Teen,Card,500000.0,0.0,4.6,14989.0,Free
5200,Police Car Driver,GAME,Everyone 10+,Racing,10000000.0,0.0,3.8,83671.0,Free
5201,Pou,GAME,Everyone,Casual,500000000.0,0.0,4.3,10485308.0,Free
5202,Pou,GAME,Everyone,Casual,500000000.0,0.0,4.3,10485334.0,Free
5203,Pou,GAME,Everyone,Casual,500000000.0,0.0,4.3,10486018.0,Free
5204,Power Pop Bubbles,GAME,Everyone,Arcade,10000000.0,0.0,4.4,104303.0,Free
5205,Power Rangers Dino Charge,GAME,Everyone 10+,Action,10000000.0,0.0,4.3,194969.0,Free
5206,Power Rangers: Legacy Wars,GAME,Teen,Action,10000000.0,0.0,4.3,264755.0,Free
5207,PRO MX MOTOCROSS 2,GAME,Everyone,Racing,5000000.0,0.0,3.8,25275.0,Free
5208,Project Grand Auto Town Sandbox Beta,GAME,Mature 17+,Racing,500000.0,0.0,3.7,7885.0,Free
5209,PUBG MOBILE,GAME,Teen,Action,50000000.0,0.0,4.4,3715656.0,Free
5210,PUBG MOBILE,GAME,Teen,Action,50000000.0,0.0,4.4,3714270.0,Free
5211,PUBG MOBILE,GAME,Teen,Action,50000000.0,0.0,4.4,3716278.0,Free
5212,PUBG MOBILE,GAME,Teen,Action,50000000.0,0.0,4.4,3697174.0,Free
5213,Punch em,GAME,Everyone,Arcade,500000.0,0.0,4.1,2208.0,Free
5214,Puppy Shooting an AK-47: Platformer Zombie Game,GAME,Everyone,Arcade,1000.0,0.0,4.8,21.0,Free
5215,Puzzle for CS:GO,GAME,Everyone,Word,10000.0,0.0,4.3,247.0,Free
5216,Q*bert: Rebooted,GAME,Everyone,Arcade,1000000.0,0.0,4.3,13788.0,Free
5217,Quiz CS:GO players,GAME,Everyone,Trivia,50000.0,0.0,4.4,460.0,Free
5218,Quiz DC,GAME,Everyone,Trivia,1000.0,0.0,1.4,33.0,Free
5219,Quiz TRUE or FALSE,GAME,Everyone,Trivia,50000.0,0.0,4.6,2464.0,Free
5220,Quiz: Logo game,GAME,Everyone,Trivia,10000000.0,0.0,4.5,306764.0,Free
5221,Ra Ga Ba,GAME,Everyone,Arcade,1.0,1.49,5.0,2.0,Paid
5222,Race Manager FP,GAME,Everyone,Racing,5000.0,0.0,3.8,196.0,Free
5223,Race the Traffic Moto,GAME,Teen,Racing,10000000.0,0.0,3.8,270687.0,Free
5224,Racing CX,GAME,Everyone,Racing,500.0,0.0,,4.0,Free
5225,Racing in Car 2,GAME,Everyone,Racing,50000000.0,0.0,4.3,234110.0,Free
5226,Racing in Car 2,GAME,Everyone,Racing,50000000.0,0.0,4.3,234589.0,Free
5227,Racing Moto,GAME,Everyone,Racing,50000000.0,0.0,4.3,697805.0,Free
5228,Radial-G : Infinity,GAME,Everyone,Arcade,50000.0,0.0,3.6,517.0,Free
5229,Rage Fight of Streets - Beat Em Up Game,GAME,Teen,Action,100000.0,0.0,4.3,1489.0,Free
5230,Rage Z: Multiplayer Zombie FPS Online Shooter,GAME,Mature 17+,Action,500000.0,0.0,4.1,11258.0,Free
5231,RC City Police Heavy Traffic Racer,GAME,Everyone,Racing,1000000.0,0.0,4.4,3250.0,Free
5232,RC Monster Truck - Offroad Driving Simulator,GAME,Everyone,Racing,5000000.0,0.0,4.0,38448.0,Free
5233,"Real Casino:Slot,Keno,BJ,Poker",GAME,Teen,Casino,50000.0,0.0,4.1,341.0,Free
5234,Real City Car Driver,GAME,Mature 17+,Racing,10000000.0,0.0,3.7,413609.0,Free
5235,Real Gangster Crime,GAME,Teen,Action,10000000.0,0.0,4.3,285814.0,Free
5236,Red Ball 4,GAME,Everyone,Arcade,50000000.0,0.0,4.4,1432447.0,Free
5237,Red Hands – 2-Player Games,GAME,Everyone,Action,10000000.0,0.0,4.2,93608.0,Free
5238,Reload: The Z-Team,GAME,Everyone 10+,Action,100000.0,0.0,4.3,1655.0,Free
5239,Rento - Dice Board Game Online,GAME,Everyone,Board,10000000.0,0.0,4.3,205830.0,Free
5240,Rescue Robots Survival Games,GAME,Teen,Action,5000000.0,0.0,4.0,27557.0,Free
5241,Retro City Rampage DX,GAME,Teen,Action,10000.0,2.99,4.7,416.0,Paid
5242,RetroArch,GAME,Everyone,Action,1000000.0,0.0,3.8,21423.0,Free
5243,R-EU-READY,GAME,Everyone,Trivia,500.0,0.0,4.1,13.0,Free
5244,RIDE ZERO,GAME,Teen,Music,100000.0,0.0,4.6,8778.0,Free
5245,Rider,GAME,Teen,Arcade,10000000.0,0.0,4.5,655067.0,Free
5246,Rider,GAME,Teen,Arcade,10000000.0,0.0,4.5,655145.0,Free
5247,Riptide GP: Renegade,GAME,Everyone 10+,Racing,100000.0,2.99,4.7,4328.0,Paid
5248,Rivals at War: Firefight,GAME,Teen,Action,5000000.0,0.0,4.4,344819.0,Free
5249,Robbery Bob,GAME,Everyone 10+,Action,10000000.0,0.0,4.5,617732.0,Free
5250,ROBLOX,GAME,Everyone 10+,Adventure;Action & Adventure,100000000.0,0.0,4.5,4447388.0,Free
5251,ROBLOX,GAME,Everyone 10+,Adventure;Action & Adventure,100000000.0,0.0,4.5,4447346.0,Free
5252,ROBLOX,GAME,Everyone 10+,Adventure;Action & Adventure,100000000.0,0.0,4.5,4448791.0,Free
5253,ROBLOX,GAME,Everyone 10+,Adventure;Action & Adventure,100000000.0,0.0,4.5,4449882.0,Free
5254,ROBLOX,GAME,Everyone 10+,Adventure;Action & Adventure,100000000.0,0.0,4.5,4449910.0,Free
5255,Robocar X Ray,GAME,Mature 17+,Action,1000000.0,0.0,4.5,3432.0,Free
5256,Robot Fighting Games™ - Real Boxing Champions 3D,GAME,Everyone,Action,5000.0,0.0,4.4,30.0,Free
5257,Rock N' Cash Casino Slots -Free Vegas Slot Games,GAME,Teen,Casino,100000.0,0.0,4.7,6187.0,Free
5258,Rock n Roll Music Quiz Game,GAME,Everyone,Trivia,10000.0,0.0,3.7,80.0,Free
5259,Roll the Ball® - slide puzzle,GAME,Everyone,Puzzle,100000000.0,0.0,4.5,1385093.0,Free
5260,RollerCoaster Tycoon® Classic,GAME,Everyone,Simulation,100000.0,5.99,4.6,10795.0,Paid
5261,Rolling G Sky,GAME,Everyone,Adventure,100000.0,0.0,3.6,2065.0,Free
5262,Rolling Sky,GAME,Everyone,Board,50000000.0,0.0,4.5,1117212.0,Free
5263,Rolly Vortex,GAME,Teen,Arcade,10000000.0,0.0,4.4,98123.0,Free
5264,Rope Hero 3,GAME,Teen,Action,5000000.0,0.0,4.4,45871.0,Free
5265,Rope Hero Return of a Legend,GAME,Mature 17+,Arcade,1000000.0,0.0,4.3,9951.0,Free
5266,Rope Hero: Vice Town,GAME,Mature 17+,Action,10000000.0,0.0,4.4,452589.0,Free
5267,Rope Superhero Unlimited,GAME,Mature 17+,Action,1000000.0,0.0,4.4,6735.0,Free
5268,Rope'n'Fly 3 - Dusk Till Dawn,GAME,Everyone 10+,Arcade,10000000.0,0.0,4.0,166033.0,Free
5269,Rope'n'Fly 4,GAME,Everyone,Action,10000000.0,0.0,4.1,234606.0,Free
5270,Roulette Advisor LITE,GAME,Everyone,Casino,5000.0,0.0,4.1,41.0,Free
5271,Route Z,GAME,Teen,Action,500000.0,0.0,3.9,24697.0,Free
5272,R-TYPE,GAME,Everyone,Arcade,100000.0,1.99,4.5,7687.0,Paid
5273,R-TYPE II,GAME,Everyone,Arcade,50000.0,1.99,4.3,5682.0,Paid
5274,RULES OF SURVIVAL,GAME,Teen,Action,10000000.0,0.0,4.2,1343866.0,Free
5275,RULES OF SURVIVAL,GAME,Teen,Action,10000000.0,0.0,4.2,1343106.0,Free
5276,RUN JUMP RUN-fun games for free,GAME,Everyone,Action,100000.0,0.0,4.4,661.0,Free
5277,Run Sausage Run!,GAME,Everyone 10+,Arcade,10000000.0,0.0,4.4,275447.0,Free
5278,Run Sausage Run!,GAME,Everyone 10+,Arcade,10000000.0,0.0,4.4,276105.0,Free
5279,Runner 3d like,GAME,Everyone 10+,Action,100000.0,0.0,4.5,559.0,Free
5280,Rush,GAME,Everyone,Arcade,10000000.0,0.0,4.6,260651.0,Free
5281,Saiyan Z: Super SSJ Ultimate Combat,GAME,Everyone,Adventure,10000.0,0.0,4.4,306.0,Free
5282,SAMURAI vs ZOMBIES DEFENSE,GAME,Everyone,Action,5000000.0,0.0,4.5,407788.0,Free
5283,San Andreas City : Auto Theft Car gangster,GAME,Teen,Action,100000.0,0.0,3.9,923.0,Free
5284,San Andreas Crime Stories,GAME,Mature 17+,Racing,10000000.0,0.0,4.0,162530.0,Free
5285,San Andreas: Gang Crime V,GAME,Mature 17+,Action,100000.0,0.0,4.1,2399.0,Free
5286,Santa Panda Bubble Christmas,GAME,Everyone,Arcade,10000.0,0.0,4.1,101.0,Free
5287,Santa's Monster Shootout DX,GAME,Teen,Action,50.0,1.99,5.0,4.0,Paid
5288,Score! Hero,GAME,Everyone,Sports,100000000.0,0.0,4.6,5418675.0,Free
5289,Score! Hero,GAME,Everyone,Sports,100000000.0,0.0,4.6,5419676.0,Free
5290,Score! Hero,GAME,Everyone,Sports,100000000.0,0.0,4.6,5419676.0,Free
5291,SCRABBLE,GAME,Everyone,Word,5000000.0,0.0,3.9,172281.0,Free
5292,Scratch Logo Quiz. Challenging brain puzzle,GAME,Teen,Trivia,10000000.0,0.0,3.3,152102.0,Free
5293,SecondSecret ‐「恋を読む」BLノベルゲーム‐,GAME,Teen,Adventure,50000.0,0.0,4.4,1563.0,Free
5294,Sermon on Proverbs CH Spurgeon,GAME,Everyone,Trivia,10000.0,0.0,4.8,35.0,Free
5295,Shadow Fight 2,GAME,Everyone 10+,Action,100000000.0,0.0,4.6,10979062.0,Free
5296,Shadow Fight 2,GAME,Everyone 10+,Action,100000000.0,0.0,4.6,10981850.0,Free
5297,Shadow Fight 2 Special Edition,GAME,Teen,Action,50000.0,4.99,4.5,10440.0,Paid
5298,SHADOWGUN LEGENDS,GAME,Teen,Action,1000000.0,0.0,4.6,100609.0,Free
5299,Shadowverse CCG,GAME,Teen,Card,1000000.0,0.0,4.2,47340.0,Free
5300,Shoot Bubble - Fruit Splash,GAME,Everyone,Casual,5000000.0,0.0,4.6,29445.0,Free
5301,Shoot Hunter-Gun Killer,GAME,Teen,Action,50000000.0,0.0,4.3,320334.0,Free
5302,Shoot Strike War Fire,GAME,Teen,Arcade,10000000.0,0.0,4.1,82827.0,Free
5303,Shoot! DX - lights for FREE,GAME,Everyone,Action,100.0,0.0,,4.0,Free
5304,Shoot`Em Down: Shooting game,GAME,Teen,Action,500000.0,0.0,3.9,7972.0,Free
5305,Shooter Sniper CS - FPS Games,GAME,Teen,Action,1000000.0,0.0,3.5,14823.0,Free
5306,Shooting King,GAME,Everyone 10+,Sports,10000000.0,0.0,4.4,257724.0,Free
5307,Shred! Downhill Mountainbiking,GAME,Everyone,Arcade,1000000.0,0.0,3.9,41683.0,Free
5308,Sic Bo,GAME,Teen,Card,100.0,1.99,,1.0,Paid
5309,Sic Bo (Tai Xiu) - Multiplayer Casino,GAME,Teen,Casino,10000.0,0.0,4.2,152.0,Free
5310,Sic Bo Online! Free Casino,GAME,Teen,Casino,100000.0,0.0,3.8,488.0,Free
5311,Sic Bo Rave,GAME,Teen,Card,10000.0,0.0,3.9,164.0,Free
5312,Sid Story,GAME,Teen,Card,500000.0,0.0,4.4,28510.0,Free
5313,Simple x3DS Emulator - BETA,GAME,Everyone,Arcade,50000.0,0.0,,0.0,Free
5314,Sin City Crime Simulator V - Gangster,GAME,Everyone 10+,Action,100000.0,0.0,4.2,2113.0,Free
5315,Sin City Hero : Crime Simulator of Vegas,GAME,Teen,Action,100000.0,0.0,4.1,3371.0,Free
5316,Skater Boy,GAME,Everyone,Arcade,100000000.0,0.0,4.3,1167143.0,Free
5317,Skip-Bo™,GAME,Everyone,Card,100000.0,2.99,4.4,33661.0,Paid
5318,Skip-Bo™ Free,GAME,Everyone,Card,1000000.0,0.0,3.5,46801.0,Free
5319,Sky Streaker - Gumball,GAME,Everyone,Arcade,5000000.0,0.0,4.3,37513.0,Free
5320,Slendrina X,GAME,Teen,Arcade,1000000.0,0.0,4.4,12736.0,Free
5321,slither.io,GAME,Everyone,Action,100000000.0,0.0,4.4,5234162.0,Free
5322,slither.io,GAME,Everyone,Action,100000000.0,0.0,4.4,5234825.0,Free
5323,slither.io,GAME,Everyone,Action,100000000.0,0.0,4.4,5234810.0,Free
5324,slither.io,GAME,Everyone,Action,100000000.0,0.0,4.4,5235294.0,Free
5325,slither.io,GAME,Everyone,Action,100000000.0,0.0,4.4,5235294.0,Free
5326,slither.io,GAME,Everyone,Action,100000000.0,0.0,4.4,5231553.0,Free
5327,Slot Machines by IGG,GAME,Teen,Casino,10000000.0,0.0,4.6,267229.0,Free
5328,Smash Hit,GAME,Everyone,Arcade,100000000.0,0.0,4.5,4147718.0,Free
5329,Smashy Road: Arena,GAME,Everyone 10+,Action,5000000.0,0.0,4.3,45558.0,Free
5330,Snake VS Block,GAME,Teen,Arcade,50000000.0,0.0,4.2,422244.0,Free
5331,Snes9x EX+,GAME,Everyone,Arcade,5000000.0,0.0,4.4,70351.0,Free
5332,Sniper 3D Gun Shooter: Free Shooting Games - FPS,GAME,Mature 17+,Action,100000000.0,0.0,4.6,7671249.0,Free
5333,Sniper 3D Gun Shooter: Free Shooting Games - FPS,GAME,Mature 17+,Action,100000000.0,0.0,4.6,7672495.0,Free
5334,Sniper 3D Gun Shooter: Free Shooting Games - FPS,GAME,Mature 17+,Action,100000000.0,0.0,4.6,7672495.0,Free
5335,Sniper 3D Gun Shooter: Free Shooting Games - FPS,GAME,Mature 17+,Action,100000000.0,0.0,4.6,7674252.0,Free
5336,Sniper 3D Gun Shooter: Free Shooting Games - FPS,GAME,Mature 17+,Action,100000000.0,0.0,4.6,7674252.0,Free
5337,Sniper 3D Gun Shooter: Free Shooting Games - FPS,GAME,Mature 17+,Action,100000000.0,0.0,4.6,7657490.0,Free
5338,Sniper Gun Shot 3D: Impossible Missions,GAME,Mature 17+,Action,100.0,0.0,4.6,20.0,Free
5339,Sniper Killer Shooter,GAME,Teen,Action,10000000.0,0.0,4.0,119368.0,Free
5340,Sniper Traning for CS GO,GAME,Teen,Action,50000.0,0.0,3.2,655.0,Free
5341,Snowboard Racing Free Fun Game,GAME,Everyone,Racing,100000.0,0.0,3.8,4552.0,Free
5342,SnowMobile Parking Adventure,GAME,Everyone,Racing,1000000.0,0.0,3.6,12257.0,Free
5343,Soccer Clubs Logo Quiz,GAME,Everyone,Trivia,1000000.0,0.0,4.2,21661.0,Free
5344,Solitaire,GAME,Everyone,Card,10000000.0,0.0,4.7,254258.0,Free
5345,Solitaire,GAME,Everyone,Card,10000000.0,0.0,4.7,154264.0,Free
5346,Solitaire TriPeaks,GAME,Everyone,Card,10000000.0,0.0,4.5,446434.0,Free
5347,Solitaire!,GAME,Everyone,Card,10000000.0,0.0,4.7,403911.0,Free
5348,Solitaire: Decked Out Ad Free,GAME,Everyone,Card,500000.0,0.0,4.9,37302.0,Free
5349,Solitaire+,GAME,Everyone,Card,100000.0,2.99,4.6,11235.0,Paid
5350,Sonic 4™ Episode I,GAME,Everyone,Arcade,100000.0,2.99,3.7,8014.0,Paid
5351,Sonic CD Classic,GAME,Everyone,Action,1000000.0,0.0,4.6,26138.0,Free
5352,Sonic Dash,GAME,Everyone,Arcade,100000000.0,0.0,4.5,3778921.0,Free
5353,Sonic Dash,GAME,Everyone,Arcade,100000000.0,0.0,4.5,3777822.0,Free
5354,Sonic the Hedgehog™ Classic,GAME,Everyone,Action,10000000.0,0.0,4.4,125652.0,Free
5355,Soul Knight,GAME,Everyone 10+,Action,10000000.0,0.0,4.7,292164.0,Free
5356,Space Shooter : Galaxy Attack,GAME,Everyone,Arcade,10000000.0,0.0,4.6,169661.0,Free
5357,Space X: Sky Wars of Air Force,GAME,Everyone,Arcade,1000000.0,0.0,4.5,10748.0,Free
5358,Special Forces Group 2,GAME,Mature 17+,Action,10000000.0,0.0,4.6,1432809.0,Free
5359,Speed Racing Ultimate 2,GAME,Everyone 10+,Racing,1000000.0,0.0,4.1,66894.0,Free
5360,Sports Car Driving Simulator 2018,GAME,Everyone,Racing,500000.0,0.0,4.3,2178.0,Free
5361,Squadron - Bullet Hell Shooter,GAME,Everyone,Arcade,10000000.0,0.0,4.2,177542.0,Free
5362,Stack It AR,GAME,Everyone,Arcade,100000.0,0.0,3.8,1363.0,Free
5363,Stack Jump,GAME,Teen,Arcade,10000000.0,0.0,4.3,118253.0,Free
5364,Standoff 2,GAME,Mature 17+,Action,10000000.0,0.0,4.5,299046.0,Free
5365,Star Wars ™: DIRTY,GAME,Teen,Role Playing,100000.0,9.99,4.5,38207.0,Paid
5366,STARDOM: THE A-LIST,GAME,Teen,Adventure,1000000.0,0.0,4.5,152658.0,Free
5367,Stick 'Em Up 2 Starter Edition,GAME,Everyone 10+,Action,100000.0,0.0,3.8,2102.0,Free
5368,Stick War: Legacy,GAME,Teen,Strategy,10000000.0,0.0,4.6,811040.0,Free
5369,Stickman and Axe,GAME,Teen,Action,50000.0,0.0,4.4,69.0,Free
5370,Stickman Legends: Shadow Wars,GAME,Everyone 10+,Action,1000000.0,0.99,4.4,38419.0,Paid
5371,Stickman Warriors Heroes 2,GAME,Everyone 10+,Action,1000000.0,0.0,4.4,13714.0,Free
5372,StirFry Stunts - We Bare Bears,GAME,Everyone,Arcade,10000000.0,0.0,4.5,121533.0,Free
5373,Strange Hero: Future Battle,GAME,Teen,Action,10000000.0,0.0,4.2,88901.0,Free
5374,Strawberry Shortcake BerryRush,GAME,Everyone,Action;Action & Adventure,10000000.0,0.0,4.3,525517.0,Free
5375,Street Skater 3D,GAME,Teen,Action,10000000.0,0.0,3.6,120852.0,Free
5376,Stupid Zombies,GAME,Teen,Arcade,10000000.0,0.0,4.5,464900.0,Free
5377,Subway Surfers,GAME,Everyone 10+,Arcade,1000000000.0,0.0,4.5,27722264.0,Free
5378,Subway Surfers,GAME,Everyone 10+,Arcade,1000000000.0,0.0,4.5,27723193.0,Free
5379,Subway Surfers,GAME,Everyone 10+,Arcade,1000000000.0,0.0,4.5,27724094.0,Free
5380,Subway Surfers,GAME,Everyone 10+,Arcade,1000000000.0,0.0,4.5,27725352.0,Free
5381,Subway Surfers,GAME,Everyone 10+,Arcade,1000000000.0,0.0,4.5,27725352.0,Free
5382,Subway Surfers,GAME,Everyone 10+,Arcade,1000000000.0,0.0,4.5,27711703.0,Free
5383,Sudoku Master,GAME,Everyone,Word,1000000.0,0.0,4.4,58387.0,Free
5384,Summoners War,GAME,Teen,Role Playing,50000000.0,0.0,4.3,2045554.0,Free
5385,Super ball DZ,GAME,Teen,Action,1000.0,0.0,,24.0,Free
5386,Super Car F. Mod for MCPE,GAME,Everyone,Adventure,50000.0,0.0,3.6,214.0,Free
5387,Super Dancer,GAME,Everyone,Arcade,1000000.0,0.0,4.1,91667.0,Free
5388,Super Dancer VN,GAME,Everyone,Music,500000.0,0.0,4.0,24312.0,Free
5389,Super DK vs Kong Brother Advanced Free Classic,GAME,Everyone,Arcade,10000.0,0.0,3.8,66.0,Free
5390,Super Hero M Craft Run,GAME,Everyone,Arcade,100000.0,0.0,3.7,303.0,Free
5391,Super Jabber Jump,GAME,Everyone,Arcade,10000000.0,0.0,4.3,85882.0,Free
5392,Super Jabber Jump 3,GAME,Everyone 10+,Arcade,5000000.0,0.0,4.3,34494.0,Free
5393,Super Jim Jump - pixel 3d,GAME,Everyone,Arcade,1000000.0,0.0,4.5,10393.0,Free
5394,Super Jim Jump - pixel 3d,GAME,Everyone,Arcade,1000000.0,0.0,4.5,10434.0,Free
5395,Super Jim Jump - pixel 3d,GAME,Everyone,Arcade,1000000.0,0.0,4.5,10460.0,Free
5396,Super Mario Run,GAME,Everyone,Action,100000000.0,0.0,3.7,1221896.0,Free
5397,SuperBikers 2,GAME,Everyone 10+,Racing,500000.0,0.0,3.9,6200.0,Free
5398,Superbrothers Sword & Sworcery,GAME,Teen,Adventure,100000.0,3.99,4.4,11023.0,Paid
5399,Survival Run with Bear Grylls,GAME,Everyone,Action,5000000.0,0.0,4.2,128579.0,Free
5400,Survival: Prison Escape,GAME,Mature 17+,Action,10000000.0,0.0,4.0,127810.0,Free
5401,Swamp Attack,GAME,Everyone 10+,Action,50000000.0,0.0,4.4,2119218.0,Free
5402,Swamp Attack,GAME,Everyone 10+,Action,50000000.0,0.0,4.4,2119235.0,Free
5403,Sweet Fruit Candy,GAME,Everyone,Puzzle,10000000.0,0.0,4.5,197540.0,Free
5404,Sword of Chaos - Lame du Chaos,GAME,Teen,Action,100000.0,0.0,4.5,23599.0,Free
5405,Talking Tom Gold Run,GAME,Everyone,Action,100000000.0,0.0,4.6,2698348.0,Free
5406,Talking Tom Gold Run,GAME,Everyone,Action,100000000.0,0.0,4.6,2698882.0,Free
5407,Talking Tom Gold Run,GAME,Everyone,Action,100000000.0,0.0,4.6,2698889.0,Free
5408,Talking Tom Gold Run,GAME,Everyone,Action,100000000.0,0.0,4.6,2694969.0,Free
5409,Tamago egg,GAME,Everyone,Trivia,5000.0,0.0,3.0,49.0,Free
5410,TAMAGO Monsters Returns,GAME,Everyone,Arcade,1000000.0,0.0,4.1,104583.0,Free
5411,Tank Stars,GAME,Everyone 10+,Arcade,10000000.0,0.0,4.3,174755.0,Free
5412,Teen Patti by BL Games,GAME,Teen,Card,100000.0,0.0,4.1,496.0,Free
5413,TEKKEN™,GAME,Teen,Action,5000000.0,0.0,4.2,147791.0,Free
5414,Temple Run,GAME,Everyone,Arcade,100000000.0,0.0,4.3,4000433.0,Free
5415,Temple Run 2,GAME,Everyone,Action,500000000.0,0.0,4.3,8118609.0,Free
5416,Temple Run 2,GAME,Everyone,Action,500000000.0,0.0,4.3,8118937.0,Free
5417,Temple Run 2,GAME,Everyone,Action,500000000.0,0.0,4.3,8118937.0,Free
5418,Temple Run 2,GAME,Everyone,Action,500000000.0,0.0,4.3,8119151.0,Free
5419,Temple Run 2,GAME,Everyone,Action,500000000.0,0.0,4.3,8119154.0,Free
5420,Temple Run 2,GAME,Everyone,Action,500000000.0,0.0,4.3,8116142.0,Free
5421,TerraGenesis - Space Colony,GAME,Everyone,Simulation,1000000.0,0.0,4.3,38957.0,Free
5422,Texas Hold’em Poker + | Social,GAME,Teen,Casino,500000.0,0.0,3.5,4416.0,Free
5423,Texas Holdem & Omaha Poker: Pokerist,GAME,Teen,Card,10000000.0,0.0,4.3,187200.0,Free
5424,Texas Holdem Poker,GAME,Teen,Card,10000000.0,0.0,4.0,127831.0,Free
5425,Texas Hold'em Poker,GAME,Teen,Casino,1000000.0,0.0,3.6,12846.0,Free
5426,Texas HoldEm Poker Deluxe,GAME,Teen,Casino,10000000.0,0.0,4.5,396090.0,Free
5427,Texas HoldEm Poker Deluxe (BR),GAME,Teen,Casino,10000.0,0.0,4.5,1418.0,Free
5428,Texas Holdem Poker Pro,GAME,Teen,Card,5000000.0,0.0,4.5,114479.0,Free
5429,Thai Sic Bo,GAME,Teen,Casino,1000000.0,0.0,4.1,14283.0,Free
5430,that's lit,GAME,Everyone,Arcade,100000.0,0.0,4.7,1115.0,Free
5431,The Cube,GAME,Everyone,Arcade,5000000.0,0.0,4.2,70226.0,Free
5432,The Escapists,GAME,Teen,Strategy,100000.0,4.99,4.4,7412.0,Paid
5433,The Fish Master!,GAME,Everyone,Arcade,1000000.0,0.0,4.1,15763.0,Free
5434,The Game of Life,GAME,Everyone,Board,100000.0,2.99,4.4,18621.0,Paid
5435,The Game of Life,GAME,Everyone,Board,100000.0,2.99,4.4,18652.0,Paid
5436,The Gang Sniper V. Pocket Edition.,GAME,Mature 17+,Action,500000.0,0.0,3.9,6121.0,Free
5437,The Grand Wars: San Andreas,GAME,Teen,Action,1000000.0,0.0,3.9,29990.0,Free
5438,The Grand Way,GAME,Teen,Action,500000.0,0.0,3.9,1995.0,Free
5439,The Great Wobo Escape Ep. 1,GAME,Everyone 10+,Action,500000.0,0.0,4.2,5449.0,Free
5440,THE KING OF FIGHTERS-A 2012(F),GAME,Teen,Action,5000000.0,0.0,4.4,406511.0,Free
5441,The Legacy (Full),GAME,Everyone,Adventure,1000.0,6.99,4.6,144.0,Paid
5442,The Maze Runner,GAME,Everyone,Action,10000000.0,0.0,4.0,428268.0,Free
5443,The Q - Live Trivia Game Network,GAME,Everyone,Trivia,100000.0,0.0,2.7,1486.0,Free
5444,The Room: Old Sins,GAME,Everyone,Puzzle,100000.0,4.99,4.9,21119.0,Paid
5445,The Sims™ FreePlay,GAME,Teen,Simulation,10000000.0,0.0,4.3,931595.0,Free
5446,The Vikings,GAME,Teen,Arcade,1000000.0,0.0,4.4,15806.0,Free
5447,The Visitor,GAME,Mature 17+,Adventure,5000000.0,0.0,4.1,39895.0,Free
5448,The Visitor: Ep.1 - Kitty Cat Carnage,GAME,Mature 17+,Adventure,500000.0,0.0,4.4,3017.0,Free
5449,The Visitor: Ep.2 - Sleepover Slaughter,GAME,Mature 17+,Adventure,1000000.0,0.0,4.3,5731.0,Free
5450,The Walking Dead: Our World,GAME,Teen,Action,1000000.0,0.0,4.0,22435.0,Free
5451,The Walking Dead: Road to Survival,GAME,Mature 17+,Role Playing,10000000.0,0.0,4.2,522466.0,Free
5452,The Walking Zombie: Dead City,GAME,Teen,Action,1000000.0,0.0,4.6,58575.0,Free
5453,The World Ends With You,GAME,Everyone 10+,Arcade,10000.0,17.99,4.6,4108.0,Paid
5454,Them Bombs: co-op board game play with 2-4 friends,GAME,Teen,Board,100000.0,0.0,4.7,8038.0,Free
5455,Tiny Archers,GAME,Mature 17+,Action,5000000.0,0.0,4.5,80678.0,Free
5456,Tokyo Ghoul: Dark War,GAME,Teen,Role Playing,1000000.0,0.0,4.3,25094.0,Free
5457,Tomb of the Mask,GAME,Everyone,Action,5000000.0,0.0,4.1,55380.0,Free
5458,Toon Blast,GAME,Everyone,Puzzle,10000000.0,0.0,4.7,1351068.0,Free
5459,Toon Blast,GAME,Everyone,Puzzle,10000000.0,0.0,4.7,1351089.0,Free
5460,Toon Blast,GAME,Everyone,Puzzle,10000000.0,0.0,4.7,1351771.0,Free
5461,Toughest Game Ever 2,GAME,Everyone,Action,5000000.0,0.0,4.6,293086.0,Free
5462,Toy Attack,GAME,Everyone,Action,500000.0,0.0,4.2,3878.0,Free
5463,Toy Blast,GAME,Everyone,Puzzle,50000000.0,0.0,4.7,1889250.0,Free
5464,Toy Blast,GAME,Everyone,Puzzle,50000000.0,0.0,4.7,1889582.0,Free
5465,Toy Truck Rally 3D,GAME,Everyone,Racing,50000000.0,0.0,4.0,301895.0,Free
5466,Traffic Racer,GAME,Everyone,Racing,100000000.0,0.0,4.5,5387639.0,Free
5467,Traffic Racer,GAME,Everyone,Racing,100000000.0,0.0,4.5,5387781.0,Free
5468,Traffic Sniper Counter Attack,GAME,Teen,Action,1000000.0,0.0,4.3,5339.0,Free
5469,Train Racing Games 3D 2 Player,GAME,Everyone,Racing,10000000.0,0.0,4.3,192374.0,Free
5470,TRANSFORMERS: Forged to Fight,GAME,Everyone 10+,Action,10000000.0,0.0,4.6,291941.0,Free
5471,Traps n' Gemstones,GAME,Everyone,Adventure,1000.0,4.99,4.5,413.0,Paid
5472,Trine 2: Complete Story,GAME,Teen,Action,10000.0,16.99,3.8,252.0,Paid
5473,Trivia Crack,GAME,Everyone,Trivia,100000000.0,0.0,4.5,6427773.0,Free
5474,Trovami se ci riesci,GAME,Everyone,Arcade,10.0,0.0,5.0,11.0,Free
5475,Truck Driver Cargo,GAME,Everyone 10+,Racing,10000000.0,0.0,4.1,257531.0,Free
5476,True Skateboarding Ride Skateboard Game Freestyle,GAME,Everyone 10+,Arcade,1000000.0,0.0,3.8,8175.0,Free
5477,Two Nights at jumpscare,GAME,Teen,Adventure,100000.0,0.0,3.8,596.0,Free
5478,U-48 Submarine Commander Free,GAME,Everyone,Arcade,500000.0,0.0,3.5,4575.0,Free
5479,Ultimate BlackJack 3D FREE,GAME,Teen,Casino,100000.0,0.0,4.1,1686.0,Free
5480,Ultimate DC Challenge,GAME,Everyone,Trivia,10000.0,0.0,4.5,937.0,Free
5481,Ultimate Fighter Z,GAME,Everyone,Action,5000.0,0.0,4.3,180.0,Free
5482,Ultimate Quiz for CS:GO - Skins | Cases | Players,GAME,Everyone,Trivia,100000.0,0.0,4.5,2526.0,Free
5483,Undead Assault,GAME,Everyone 10+,Arcade,100000.0,0.0,4.3,4704.0,Free
5484,UNO ™ & Friends,GAME,Everyone,Card,50000000.0,0.0,4.1,1728557.0,Free
5485,V for Voodoo,GAME,Teen,Trivia,1000000.0,0.0,4.2,16876.0,Free
5486,Vector,GAME,Everyone 10+,Arcade,100000000.0,0.0,4.4,3058687.0,Free
5487,Vikings Stickman Axe Fighting,GAME,Everyone,Arcade,100000.0,0.0,4.2,924.0,Free
5488,Vikings: an Archer's Journey,GAME,Everyone,Action,1000000.0,0.0,4.5,10256.0,Free
5489,VIP Backgammon Free : Play Backgammon Online,GAME,Teen,Board,10000.0,0.0,4.1,389.0,Free
5490,Virtual Dice EX,GAME,Everyone,Board,5000.0,0.0,4.3,40.0,Free
5491,Voxel - 3D Color by Number & Pixel Coloring Book,GAME,Everyone,Board,1000000.0,0.0,4.7,62561.0,Free
5492,VR AG Racing for Cardboard,GAME,Everyone,Racing,1000.0,0.0,3.4,13.0,Free
5493,War and Order,GAME,Teen,Strategy,5000000.0,0.0,4.3,224514.0,Free
5494,War Robots,GAME,Everyone 10+,Action,50000000.0,0.0,4.6,3073251.0,Free
5495,Water Surfer Racing In Moto,GAME,Everyone,Racing,1000000.0,0.0,4.3,2233.0,Free
5496,WDAMAGE: Car Crash Engine,GAME,Everyone,Racing,1000000.0,0.0,3.8,47386.0,Free
5497,What Am I? - Brain Teasers,GAME,Everyone,Trivia,100000.0,0.0,4.2,4537.0,Free
5498,What's Your CS:GO rank?,GAME,Teen,Trivia,10000.0,0.0,2.3,278.0,Free
5499,Wheelie Challenge,GAME,Everyone,Racing,5000000.0,0.0,4.6,137338.0,Free
5500,Who am I? (Biblical),GAME,Everyone,Trivia,500000.0,0.0,4.5,5849.0,Free
5501,Will it Crush?,GAME,Everyone,Simulation,5000000.0,0.0,3.1,25825.0,Free
5502,Winter Wonderland,GAME,Everyone,Word,50000.0,0.0,4.0,1287.0,Free
5503,WithstandZ - Zombie Survival!,GAME,Teen,Action,1000000.0,0.0,4.3,121612.0,Free
5504,WIZARD Card Game,GAME,Everyone,Card,1000.0,1.99,4.0,48.0,Paid
5505,Wolf of the BF:Commando MOBILE,GAME,Everyone 10+,Arcade,1000.0,0.99,3.4,32.0,Paid
5506,Woodman Deluxe,GAME,Everyone,Action,5000.0,0.0,4.0,82.0,Free
5507,Woody Puzzle,GAME,Everyone,Puzzle,1000000.0,0.0,4.7,21262.0,Free
5508,Word Crossy - A crossword game,GAME,Everyone,Word,5000000.0,0.0,4.5,240416.0,Free
5509,Word Hunt,GAME,Everyone,Word,500.0,0.0,4.9,59.0,Free
5510,Word Link,GAME,Everyone,Word,10000000.0,0.0,4.6,216675.0,Free
5511,Word Search,GAME,Everyone,Word,10000000.0,0.0,4.7,295241.0,Free
5512,Word Search,GAME,Everyone,Word,10000000.0,0.0,4.7,295305.0,Free
5513,Word Search,GAME,Everyone,Word,10000000.0,0.0,4.7,295576.0,Free
5514,Word Search,GAME,Everyone,Word,50000000.0,0.0,4.2,344585.0,Free
5515,Word Search multilingual,GAME,Everyone,Word,1000000.0,0.0,4.2,32849.0,Free
5516,Words With Friends – Play Free,GAME,Everyone,Word,10000000.0,0.0,4.3,711719.0,Free
5517,Words With Friends Classic,GAME,Everyone,Word,50000000.0,0.0,4.3,1704112.0,Free
5518,Wordscapes,GAME,Everyone,Word,10000000.0,0.0,4.8,230710.0,Free
5519,Wordscapes,GAME,Everyone,Word,10000000.0,0.0,4.8,230727.0,Free
5520,Wordscapes,GAME,Everyone,Word,10000000.0,0.0,4.8,230727.0,Free
5521,Wordscapes,GAME,Everyone,Word,10000000.0,0.0,4.8,230849.0,Free
5522,World of Warriors: Duel,GAME,Everyone 10+,Action,500000.0,0.0,4.3,25952.0,Free
5523,World Series of Poker – WSOP Free Texas Holdem,GAME,Teen,Card,10000000.0,0.0,4.5,910051.0,Free
5524,X-WOLF,GAME,Everyone 10+,Adventure,100000.0,0.0,4.2,4878.0,Free
5525,YAKALA AY,GAME,Everyone,Arcade,1.0,0.99,,0.0,Paid
5526,Yes day,GAME,Everyone,Casual,100000000.0,0.0,4.5,10055521.0,Free
5527,Your rank CS:GO,GAME,Teen,Trivia,100000.0,0.0,4.1,4946.0,Free
5528,Z Champions,GAME,Teen,Arcade,1000000.0,0.0,4.7,96028.0,Free
5529,Zlax.io Zombs Luv Ax,GAME,Everyone,Action,500000.0,0.0,4.6,6344.0,Free
5530,Zombie Avengers:(Dreamsky)Stickman War Z,GAME,Teen,Action,1000000.0,0.99,4.3,13604.0,Paid
5531,Zombie Catchers,GAME,Everyone,Action,10000000.0,0.0,4.7,990491.0,Free
5532,Zombie Catchers,GAME,Everyone,Action,10000000.0,0.0,4.7,990586.0,Free
5533,Zombie Catchers,GAME,Everyone,Action,10000000.0,0.0,4.7,990723.0,Free
5534,Zombie Catchers,GAME,Everyone,Action,10000000.0,0.0,4.7,990663.0,Free
5535,Zombie Catchers,GAME,Everyone,Action,10000000.0,0.0,4.7,990796.0,Free
5536,Zombie Catchers,GAME,Everyone,Action,10000000.0,0.0,4.7,989158.0,Free
5537,Zombie Death Shooter,GAME,Mature 17+,Arcade,1000000.0,0.0,3.8,17372.0,Free
5538,Zombie Frontier,GAME,Teen,Action,10000000.0,0.0,4.2,326689.0,Free
5539,Zombie Hunter King,GAME,Mature 17+,Action,1000000.0,0.0,4.3,10306.0,Free
5540,Zombie Hunter King,GAME,Mature 17+,Action,1000000.0,0.0,4.3,10354.0,Free
5541,Zombie Hunter King,GAME,Mature 17+,Action,1000000.0,0.0,4.3,10493.0,Free
5542,Zombie Hunter King,GAME,Mature 17+,Action,1000000.0,0.0,4.3,10538.0,Free
5543,Zombie Hunter: Post Apocalypse Survival Games,GAME,Teen,Action,10000000.0,0.0,4.4,327599.0,Free
5544,ZOMBIE RIPPER,GAME,Mature 17+,Action,500000.0,0.0,3.7,16073.0,Free
5545,Zombie Sniper 3D III,GAME,Mature 17+,Action,500000.0,0.0,3.9,8122.0,Free
5546,Zombie Tsunami,GAME,Everyone 10+,Arcade,100000000.0,0.0,4.4,4920817.0,Free
5547,Zombie Tsunami,GAME,Everyone 10+,Arcade,100000000.0,0.0,4.4,4921122.0,Free
5548,Zombie Tsunami,GAME,Everyone 10+,Arcade,100000000.0,0.0,4.4,4921451.0,Free
5549,Zombie Tsunami,GAME,Everyone 10+,Arcade,100000000.0,0.0,4.4,4921409.0,Free
5550,Zombie Tsunami,GAME,Everyone 10+,Arcade,100000000.0,0.0,4.4,4918776.0,Free
5551,Zombie War Z : Hero Survival Rules,GAME,Mature 17+,Action,100000.0,0.0,3.9,1987.0,Free
5552,Zynga Poker – Texas Holdem,GAME,Teen,Casino,50000000.0,0.0,4.4,1986068.0,Free
5553,10 Best Foods for You,HEALTH_AND_FITNESS,Everyone 10+,Health & Fitness,500000.0,0.0,4.0,2490.0,Free
5554,10 Best Foods for You,HEALTH_AND_FITNESS,Everyone 10+,Health & Fitness,500000.0,0.0,4.0,2490.0,Free
5555,21-Day Meditation Experience,HEALTH_AND_FITNESS,Everyone,Health & Fitness,100000.0,0.0,4.4,11506.0,Free
5556,21-Day Meditation Experience,HEALTH_AND_FITNESS,Everyone,Health & Fitness,100000.0,0.0,4.4,11506.0,Free
5557,30 Day Ab Challenge,HEALTH_AND_FITNESS,Everyone,Health & Fitness,500000.0,0.0,4.5,1886.0,Free
5558,30 Day AB Challenge - Lumowell,HEALTH_AND_FITNESS,Everyone,Health & Fitness,10000.0,0.0,4.8,793.0,Free
5559,30 Day Ab Challenge FREE,HEALTH_AND_FITNESS,Everyone,Health & Fitness,1000000.0,0.0,4.3,48253.0,Free
5560,30 Day Fitness Challenge - Workout at Home,HEALTH_AND_FITNESS,Everyone,Health & Fitness,10000000.0,0.0,4.8,471036.0,Free
5561,30-Day Ab Challenge Tracker,HEALTH_AND_FITNESS,Everyone,Health & Fitness,10000.0,0.0,3.5,224.0,Free
5562,5 Minute Ab Workouts,HEALTH_AND_FITNESS,Everyone,Health & Fitness,50000.0,0.0,4.6,2067.0,Free
5563,6 Pack Promise - Ultimate Abs,HEALTH_AND_FITNESS,Everyone,Health & Fitness,1000000.0,0.0,4.6,18921.0,Free
5564,7 Cups: Anxiety & Stress Chat,HEALTH_AND_FITNESS,Teen,Health & Fitness,500000.0,0.0,4.2,13799.0,Free
5565,7 minute abs workout - Daily Ab Workout,HEALTH_AND_FITNESS,Everyone,Health & Fitness,100000.0,0.0,4.8,527.0,Free
5566,7 Minute Workout,HEALTH_AND_FITNESS,Everyone,Health & Fitness,10000000.0,0.0,4.5,399009.0,Free
5567,8fit Workouts & Meal Planner,HEALTH_AND_FITNESS,Everyone,Health & Fitness,10000000.0,0.0,4.6,115721.0,Free
5568,8fit Workouts & Meal Planner,HEALTH_AND_FITNESS,Everyone,Health & Fitness,10000000.0,0.0,4.6,115721.0,Free
5569,AB Mobile App,HEALTH_AND_FITNESS,Everyone,Health & Fitness,100000.0,0.0,3.4,2105.0,Free
5570,Ab Workouts,HEALTH_AND_FITNESS,Everyone,Health & Fitness,1000000.0,0.0,4.1,27501.0,Free
5571,Ab Workouts - Ab Generator,HEALTH_AND_FITNESS,Everyone,Health & Fitness,1000.0,0.0,4.7,21.0,Free
5572,Abs Training-Burn belly fat,HEALTH_AND_FITNESS,Everyone,Health & Fitness,100000.0,0.0,4.7,2071.0,Free
5573,Abs workout - 21 Day Fitness Challenge,HEALTH_AND_FITNESS,Everyone,Health & Fitness,1000000.0,0.0,4.8,18604.0,Free
5574,Abs Workout - 30 Days Fitness App for Six Pack Abs,HEALTH_AND_FITNESS,Everyone,Health & Fitness,100000.0,0.0,4.6,299.0,Free
5575,"ABS Workout - Belly workout, 30 days AB",HEALTH_AND_FITNESS,Everyone,Health & Fitness,100000.0,0.0,4.8,5103.0,Free
5576,Abs Workout - Burn Belly Fat with No Equipment,HEALTH_AND_FITNESS,Everyone,Health & Fitness,10000000.0,0.0,4.8,69279.0,Free
5577,Abs workout 7 minutes,HEALTH_AND_FITNESS,Everyone,Health & Fitness,1000000.0,0.0,4.6,37224.0,Free
5578,"Abs, Core & Back Workout Challenge",HEALTH_AND_FITNESS,Everyone,Health & Fitness,100000.0,0.0,4.8,3908.0,Free
5579,AF Hydro,HEALTH_AND_FITNESS,Everyone,Health & Fitness,10000.0,0.0,2.0,136.0,Free
5580,AF Nutrition - Integratori,HEALTH_AND_FITNESS,Everyone,Health & Fitness,100.0,0.0,,6.0,Free
5581,AH Connect (Adventist Health),HEALTH_AND_FITNESS,Everyone,Health & Fitness,1000.0,0.0,3.4,5.0,Free
5582,All-night drugstore CI & Price,HEALTH_AND_FITNESS,Everyone,Health & Fitness,10.0,0.99,,0.0,Paid
5583,"AllTrails: Hiking, Running & Mountain Bike Trails",HEALTH_AND_FITNESS,Everyone,Health & Fitness,1000000.0,0.0,4.3,16943.0,Free
5584,AQ Dentals,HEALTH_AND_FITNESS,Everyone,Health & Fitness,10.0,0.0,,0.0,Free
5585,Aunjai i lert u,HEALTH_AND_FITNESS,Teen,Health & Fitness,500000.0,0.0,4.2,1140.0,Free
5586,AY Oakmont,HEALTH_AND_FITNESS,Everyone,Health & Fitness,10.0,0.0,,0.0,Free
5587,BA Accesible,HEALTH_AND_FITNESS,Everyone,Health & Fitness,1000.0,0.0,,31.0,Free
5588,Bacteria Vaginosis,HEALTH_AND_FITNESS,Mature 17+,Health & Fitness,1000000.0,0.0,4.0,4015.0,Free
5589,Bacterial Vaginosis,HEALTH_AND_FITNESS,Everyone,Health & Fitness,100.0,0.0,,1.0,Free
5590,Bacterial Vaginosis 🇺🇸,HEALTH_AND_FITNESS,Teen,Health & Fitness,500.0,0.0,,1.0,Free
5591,Bacterial vaginosis Treatment - Sexual disease,HEALTH_AND_FITNESS,Everyone,Health & Fitness,500.0,0.0,5.0,2.0,Free
5592,BD Provider App,HEALTH_AND_FITNESS,Everyone,Health & Fitness,5000.0,0.0,1.4,45.0,Free
5593,Be Stronger,HEALTH_AND_FITNESS,Everyone,Health & Fitness,1000.0,1.99,4.8,787.0,Paid
5594,be'ah,HEALTH_AND_FITNESS,Everyone,Health & Fitness,10.0,0.0,,5.0,Free
5595,Benefit Extras Mobile App,HEALTH_AND_FITNESS,Everyone,Health & Fitness,1000.0,0.0,2.3,3.0,Free
5596,Best Ovulation Tracker Fertility Calendar App Glow,HEALTH_AND_FITNESS,Everyone,Health & Fitness,1000000.0,0.0,4.6,56145.0,Free
5597,BetterMe: Weight Loss Workouts,HEALTH_AND_FITNESS,Everyone,Health & Fitness,5000000.0,0.0,4.2,14709.0,Free
5598,BF Scale Health Fitness Tool,HEALTH_AND_FITNESS,Everyone,Health & Fitness,1000.0,0.0,2.2,19.0,Free
5599,BH - Fitness & Nutrition,HEALTH_AND_FITNESS,Everyone,Health & Fitness,1.0,0.0,,0.0,Free
5600,BH by Kinomap,HEALTH_AND_FITNESS,Everyone,Health & Fitness,10000.0,0.0,2.9,141.0,Free
5601,Bike Computer - GPS Cycling Tracker,HEALTH_AND_FITNESS,Everyone,Health & Fitness,1000000.0,0.0,4.4,12029.0,Free
5602,Binaural Beats Therapy,HEALTH_AND_FITNESS,Everyone,Health & Fitness,1000000.0,0.0,4.3,13724.0,Free
5603,BL ONLINE PERSONAL TRAINING,HEALTH_AND_FITNESS,Everyone,Health & Fitness,5.0,0.0,,0.0,Free
5604,Blood Glucose Tracker,HEALTH_AND_FITNESS,Everyone,Health & Fitness,100000.0,0.0,4.6,9612.0,Free
5605,Blood pressure,HEALTH_AND_FITNESS,Everyone,Health & Fitness,500000.0,0.0,3.4,2256.0,Free
5606,BM Pharmacy,HEALTH_AND_FITNESS,Everyone,Health & Fitness,1000.0,0.0,4.9,42.0,Free
5607,BM Physiotherapy Clinic,HEALTH_AND_FITNESS,Everyone,Health & Fitness,100.0,0.0,5.0,3.0,Free
5608,Bodyworks DW,HEALTH_AND_FITNESS,Everyone,Health & Fitness,10.0,0.0,,0.0,Free
5609,BP Toolbox,HEALTH_AND_FITNESS,Everyone,Health & Fitness,1000.0,0.0,2.1,32.0,Free
5610,BP Tracker,HEALTH_AND_FITNESS,Everyone,Health & Fitness,1000.0,0.0,4.3,12.0,Free
5611,Brain Waves - Binaural Beats,HEALTH_AND_FITNESS,Everyone,Health & Fitness,500000.0,0.0,4.4,5038.0,Free
5612,Burn Your Fat With Me! FG,HEALTH_AND_FITNESS,Teen,Health & Fitness,1000000.0,0.0,4.5,38487.0,Free
5613,Buttocks and Abdomen,HEALTH_AND_FITNESS,Everyone,Health & Fitness,500000.0,0.0,4.4,465.0,Free
5614,C B Patel Health Club,HEALTH_AND_FITNESS,Everyone,Health & Fitness,100.0,0.0,5.0,5.0,Free
5615,CALIOPE EU: Air Quality,HEALTH_AND_FITNESS,Everyone,Health & Fitness,1000.0,0.0,3.9,21.0,Free
5616,"Calm - Meditate, Sleep, Relax",HEALTH_AND_FITNESS,Everyone,Health & Fitness,5000000.0,0.0,4.6,111450.0,Free
5617,"Calm - Meditate, Sleep, Relax",HEALTH_AND_FITNESS,Everyone,Health & Fitness,5000000.0,0.0,4.6,111455.0,Free
5618,Calorie Counter - EasyFit free,HEALTH_AND_FITNESS,Everyone,Health & Fitness,1000000.0,0.0,4.7,50294.0,Free
5619,Calorie Counter - Macros,HEALTH_AND_FITNESS,Everyone,Health & Fitness,100000.0,0.0,4.0,3061.0,Free
5620,Calorie Counter - Macros,HEALTH_AND_FITNESS,Everyone,Health & Fitness,100000.0,0.0,4.0,3061.0,Free
5621,Calorie Counter - MyFitnessPal,HEALTH_AND_FITNESS,Everyone,Health & Fitness,50000000.0,0.0,4.6,1873516.0,Free
5622,Calorie Counter - MyFitnessPal,HEALTH_AND_FITNESS,Everyone,Health & Fitness,50000000.0,0.0,4.6,1873523.0,Free
5623,Calorie Counter - MyFitnessPal,HEALTH_AND_FITNESS,Everyone,Health & Fitness,50000000.0,0.0,4.6,1873520.0,Free
5624,Calorie Counter - MyFitnessPal,HEALTH_AND_FITNESS,Everyone,Health & Fitness,50000000.0,0.0,4.6,1873520.0,Free
5625,Calorie Counter - MyFitnessPal,HEALTH_AND_FITNESS,Everyone,Health & Fitness,50000000.0,0.0,4.6,1873523.0,Free
5626,Calorie Counter - MyNetDiary,HEALTH_AND_FITNESS,Everyone,Health & Fitness,1000000.0,0.0,4.5,27439.0,Free
5627,Calorie Counter - MyNetDiary,HEALTH_AND_FITNESS,Everyone,Health & Fitness,1000000.0,0.0,4.5,27439.0,Free
5628,Calorie Counter & Diet Tracker,HEALTH_AND_FITNESS,Everyone,Health & Fitness,1000000.0,0.0,4.5,32606.0,Free
5629,Calorie Counter & Diet Tracker,HEALTH_AND_FITNESS,Everyone,Health & Fitness,1000000.0,0.0,4.5,32606.0,Free
5630,Calorie Counter by FatSecret,HEALTH_AND_FITNESS,Everyone,Health & Fitness,10000000.0,0.0,4.4,229210.0,Free
5631,Calorie Counter by FatSecret,HEALTH_AND_FITNESS,Everyone,Health & Fitness,10000000.0,0.0,4.4,229214.0,Free
5632,CampGladiator,HEALTH_AND_FITNESS,Everyone,Health & Fitness,50000.0,0.0,3.5,293.0,Free
5633,Casa CF,HEALTH_AND_FITNESS,Everyone,Health & Fitness,500.0,0.0,4.7,12.0,Free
5634,CB Fit,HEALTH_AND_FITNESS,Everyone,Health & Fitness,10.0,0.0,5.0,1.0,Free
5635,CB Martial Arts,HEALTH_AND_FITNESS,Everyone,Health & Fitness,10.0,0.0,,0.0,Free
5636,CB NFC Pendant,HEALTH_AND_FITNESS,Everyone,Health & Fitness,50.0,0.0,,0.0,Free
5637,CF Etowah,HEALTH_AND_FITNESS,Everyone,Health & Fitness,100.0,0.0,,0.0,Free
5638,CF Riga,HEALTH_AND_FITNESS,Everyone,Health & Fitness,100.0,0.0,,12.0,Free
5639,CF SPOT,HEALTH_AND_FITNESS,Everyone,Health & Fitness,100.0,0.0,,0.0,Free
5640,CF Talenti,HEALTH_AND_FITNESS,Everyone,Health & Fitness,100.0,0.0,,4.0,Free
5641,CF Themis,HEALTH_AND_FITNESS,Everyone,Health & Fitness,100.0,0.0,,0.0,Free
5642,CF Townsville,HEALTH_AND_FITNESS,Everyone,Health & Fitness,100.0,0.0,5.0,4.0,Free
5643,CG Fit Scale,HEALTH_AND_FITNESS,Everyone,Health & Fitness,1000.0,0.0,2.6,13.0,Free
5644,CJ Fitness,HEALTH_AND_FITNESS,Everyone,Health & Fitness,10000.0,0.0,2.4,221.0,Free
5645,CK Active,HEALTH_AND_FITNESS,Everyone,Health & Fitness,10.0,0.0,,0.0,Free
5646,CK Life,HEALTH_AND_FITNESS,Teen,Health & Fitness,100.0,0.0,,3.0,Free
5647,CK Pharmacies,HEALTH_AND_FITNESS,Everyone 10+,Health & Fitness,100.0,0.0,2.7,3.0,Free
5648,CK SKILLZ,HEALTH_AND_FITNESS,Everyone,Health & Fitness,50.0,0.0,,0.0,Free
5649,CL Strength,HEALTH_AND_FITNESS,Everyone,Health & Fitness,50.0,0.0,5.0,3.0,Free
5650,CL-Customer Care,HEALTH_AND_FITNESS,Everyone,Health & Fitness,5.0,0.0,,2.0,Free
5651,Cloud DX Connected Health,HEALTH_AND_FITNESS,Everyone,Health & Fitness,100.0,0.0,5.0,6.0,Free
5652,Couch to 10K Running Trainer,HEALTH_AND_FITNESS,Everyone,Health & Fitness,500000.0,0.0,4.6,10445.0,Free
5653,Couch to 5K by RunDouble,HEALTH_AND_FITNESS,Everyone,Health & Fitness,1000000.0,0.0,4.7,15674.0,Free
5654,cronometer (ad free),HEALTH_AND_FITNESS,Everyone,Health & Fitness,50000.0,2.99,3.9,1075.0,Paid
5655,Cures A-Z,HEALTH_AND_FITNESS,Everyone,Health & Fitness,100000.0,0.0,4.0,265.0,Free
5656,Cycling - Bike Tracker,HEALTH_AND_FITNESS,Everyone,Health & Fitness,500000.0,0.0,4.5,9116.0,Free
5657,Cy's Elma Pharmacy,HEALTH_AND_FITNESS,Everyone 10+,Health & Fitness,10.0,0.0,,0.0,Free
5658,"Cystic Fibrosis Symptoms, Doctors & Treatments",HEALTH_AND_FITNESS,Teen,Health & Fitness,100.0,0.0,4.7,6.0,Free
5659,D.W Bien Être,HEALTH_AND_FITNESS,Everyone,Health & Fitness,10.0,0.0,,0.0,Free
5660,Daily Ab Workout,HEALTH_AND_FITNESS,Everyone,Health & Fitness,50000.0,1.99,4.6,2901.0,Paid
5661,Daily Ab Workout - Core & Abs Fitness Exercises,HEALTH_AND_FITNESS,Everyone,Health & Fitness,10000000.0,0.0,4.4,44939.0,Free
5662,Daily Workouts - Exercise Fitness Routine Trainer,HEALTH_AND_FITNESS,Everyone,Health & Fitness,10000000.0,0.0,4.4,134195.0,Free
5663,Daily Yoga - Yoga Fitness Plans,HEALTH_AND_FITNESS,Everyone,Health & Fitness,5000000.0,0.0,4.4,70769.0,Free
5664,Daily Yoga - Yoga Fitness Plans,HEALTH_AND_FITNESS,Everyone,Health & Fitness,5000000.0,0.0,4.4,70769.0,Free
5665,Daily Yoga - Yoga Fitness Plans,HEALTH_AND_FITNESS,Everyone,Health & Fitness,5000000.0,0.0,4.4,70769.0,Free
5666,Deep Breathe BP,HEALTH_AND_FITNESS,Everyone,Health & Fitness,1000.0,0.0,3.9,26.0,Free
5667,DEM DZ,HEALTH_AND_FITNESS,Teen,Health & Fitness,100.0,0.0,,2.0,Free
5668,DG Fitness,HEALTH_AND_FITNESS,Everyone,Health & Fitness,100.0,0.0,4.8,6.0,Free
5669,DG Xplained,HEALTH_AND_FITNESS,Everyone,Health & Fitness,100.0,0.0,,1.0,Free
5670,Down Dog: Great Yoga Anywhere,HEALTH_AND_FITNESS,Teen,Health & Fitness,500000.0,0.0,4.9,28945.0,Free
5671,Dr. McDougall Mobile Cookbook,HEALTH_AND_FITNESS,Everyone,Health & Fitness,1000.0,4.99,3.8,76.0,Paid
5672,Dr. Muscle,HEALTH_AND_FITNESS,Everyone,Health & Fitness,10000.0,0.0,4.0,87.0,Free
5673,Dream EZ,HEALTH_AND_FITNESS,Everyone,Health & Fitness,10000.0,0.0,4.1,107.0,Free
5674,DS Companion,HEALTH_AND_FITNESS,Everyone,Health & Fitness,50.0,0.0,,0.0,Free
5675,DT NO.I,HEALTH_AND_FITNESS,Everyone,Health & Fitness,1000.0,0.0,2.4,44.0,Free
5676,Dt. Jyothi Srinivas,HEALTH_AND_FITNESS,Everyone,Health & Fitness,100.0,0.0,5.0,18.0,Free
5677,DY Fitness,HEALTH_AND_FITNESS,Everyone,Health & Fitness,10.0,0.0,,0.0,Free
5678,Eat Fit - Diet and Health Free,HEALTH_AND_FITNESS,Everyone,Health & Fitness,100000.0,0.0,4.1,2469.0,Free
5679,Eat Right Diet (by Dt Shreya's Family Diet Clinic),HEALTH_AND_FITNESS,Everyone,Health & Fitness,10.0,0.0,,0.0,Free
5680,Eb & flow Yoga Studio,HEALTH_AND_FITNESS,Everyone,Health & Fitness,10.0,0.0,,0.0,Free
5681,EF Academy,HEALTH_AND_FITNESS,Everyone,Health & Fitness,50.0,0.0,5.0,4.0,Free
5682,EF Coach,HEALTH_AND_FITNESS,Everyone,Health & Fitness,500.0,0.0,4.8,17.0,Free
5683,Endomondo - Running & Walking,HEALTH_AND_FITNESS,Everyone,Health & Fitness,10000000.0,0.0,4.5,559186.0,Free
5684,Endomondo - Running & Walking,HEALTH_AND_FITNESS,Everyone,Health & Fitness,10000000.0,0.0,4.5,559262.0,Free
5685,EO App. SelfCompassion to you,HEALTH_AND_FITNESS,Everyone,Health & Fitness,100.0,0.0,,1.0,Free
5686,EO Guide,HEALTH_AND_FITNESS,Everyone,Health & Fitness,1000.0,4.99,,15.0,Paid
5687,"Eve Period Tracker - Love, Sex & Relationships App",HEALTH_AND_FITNESS,Teen,Health & Fitness,1000000.0,0.0,4.6,20326.0,Free
5688,Evolution Marketing CR,HEALTH_AND_FITNESS,Everyone,Health & Fitness,1000.0,0.0,,14.0,Free
5689,EW MOTION THERAPY,HEALTH_AND_FITNESS,Everyone,Health & Fitness,10.0,0.0,,0.0,Free
5690,"f.lux (preview, root-only)",HEALTH_AND_FITNESS,Everyone,Health & Fitness,500000.0,0.0,3.7,5559.0,Free
5691,"Fabulous: Motivate Me! Meditate, Relax, Sleep",HEALTH_AND_FITNESS,Everyone,Health & Fitness,5000000.0,0.0,4.6,205299.0,Free
5692,"Fabulous: Motivate Me! Meditate, Relax, Sleep",HEALTH_AND_FITNESS,Everyone,Health & Fitness,5000000.0,0.0,4.6,205299.0,Free
5693,Fast Tract Diet,HEALTH_AND_FITNESS,Everyone,Health & Fitness,1000.0,7.99,4.4,35.0,Paid
5694,Fat Burning Workout - Home Weight lose,HEALTH_AND_FITNESS,Everyone,Health & Fitness,100000.0,0.0,4.5,706.0,Free
5695,FD Fitness,HEALTH_AND_FITNESS,Everyone,Health & Fitness,50.0,0.0,,3.0,Free
5696,Fertility Friend Ovulation App,HEALTH_AND_FITNESS,Teen,Health & Fitness,1000000.0,0.0,4.5,12955.0,Free
5697,FH Calculator,HEALTH_AND_FITNESS,Everyone,Health & Fitness,500.0,0.0,,9.0,Free
5698,Fitbit,HEALTH_AND_FITNESS,Everyone,Health & Fitness,10000000.0,0.0,3.9,357417.0,Free
5699,Fitbit Coach,HEALTH_AND_FITNESS,Everyone,Health & Fitness,1000000.0,0.0,4.6,28951.0,Free
5700,Fitbit Coach,HEALTH_AND_FITNESS,Everyone,Health & Fitness,1000000.0,0.0,4.6,28951.0,Free
5701,FitConsole,HEALTH_AND_FITNESS,Everyone,Health & Fitness,50000.0,0.0,2.6,219.0,Free
5702,Fitness & Bodybuilding,HEALTH_AND_FITNESS,Everyone,Health & Fitness,5000000.0,0.0,4.6,95201.0,Free
5703,Fitness Dance for Zum.ba Workout Exercise,HEALTH_AND_FITNESS,Everyone,Health & Fitness,50000.0,0.0,4.2,287.0,Free
5704,Florida Blue,HEALTH_AND_FITNESS,Everyone,Health & Fitness,100000.0,0.0,3.2,499.0,Free
5705,Food Calorie Calculator,HEALTH_AND_FITNESS,Everyone,Health & Fitness,100000.0,0.0,4.2,1324.0,Free
5706,Food Calorie Calculator,HEALTH_AND_FITNESS,Everyone,Health & Fitness,100000.0,0.0,4.2,1324.0,Free
5707,Fooducate Healthy Weight Loss & Calorie Counter,HEALTH_AND_FITNESS,Everyone,Health & Fitness,1000000.0,0.0,4.4,14402.0,Free
5708,Free Meditation - Take a Break,HEALTH_AND_FITNESS,Everyone,Health & Fitness,100000.0,0.0,4.2,1608.0,Free
5709,Freeletics: Personal Trainer & Fitness Workouts,HEALTH_AND_FITNESS,Everyone,Health & Fitness,10000000.0,0.0,4.5,130104.0,Free
5710,Garmin Connect™,HEALTH_AND_FITNESS,Everyone,Health & Fitness,10000000.0,0.0,3.9,232153.0,Free
5711,Geocaching®,HEALTH_AND_FITNESS,Teen,Health & Fitness,5000000.0,0.0,4.1,62616.0,Free
5712,Google Fit - Fitness Tracking,HEALTH_AND_FITNESS,Everyone,Health & Fitness,10000000.0,0.0,3.9,249855.0,Free
5713,H Band,HEALTH_AND_FITNESS,Everyone,Health & Fitness,10000.0,0.0,4.0,214.0,Free
5714,H Band 2.0,HEALTH_AND_FITNESS,Everyone,Health & Fitness,500000.0,0.0,2.9,4031.0,Free
5715,Happify,HEALTH_AND_FITNESS,Everyone,Health & Fitness,100000.0,0.0,3.7,1812.0,Free
5716,H-Connect,HEALTH_AND_FITNESS,Everyone,Health & Fitness,5000.0,0.0,4.0,50.0,Free
5717,Headspace: Meditation & Mindfulness,HEALTH_AND_FITNESS,Everyone,Health & Fitness,10000000.0,0.0,4.6,77563.0,Free
5718,Headspace: Meditation & Mindfulness,HEALTH_AND_FITNESS,Everyone,Health & Fitness,10000000.0,0.0,4.6,77563.0,Free
5719,Health and Nutrition Guide,HEALTH_AND_FITNESS,Everyone,Health & Fitness,500000.0,0.0,4.3,7895.0,Free
5720,Health and Nutrition Guide,HEALTH_AND_FITNESS,Everyone,Health & Fitness,500000.0,0.0,4.3,7895.0,Free
5721,Home Remedies for Bacterial Infections,HEALTH_AND_FITNESS,Everyone,Health & Fitness,50.0,0.0,,0.0,Free
5722,Home Workout - No Equipment,HEALTH_AND_FITNESS,Everyone,Health & Fitness,10000000.0,0.0,4.8,428156.0,Free
5723,Home Workout - No Equipment,HEALTH_AND_FITNESS,Everyone,Health & Fitness,10000000.0,0.0,4.8,432160.0,Free
5724,Home Workout for Men - Bodybuilding,HEALTH_AND_FITNESS,Everyone,Health & Fitness,1000000.0,0.0,4.8,12705.0,Free
5725,"Home workouts - fat burning, abs, legs, arms,chest",HEALTH_AND_FITNESS,Everyone,Health & Fitness,1000000.0,0.0,4.3,4848.0,Free
5726,HPlus,HEALTH_AND_FITNESS,Everyone,Health & Fitness,100000.0,0.0,2.9,1786.0,Free
5727,Hungry Girl Diet Bk. Companion,HEALTH_AND_FITNESS,Everyone,Health & Fitness,1000.0,0.0,2.2,4.0,Free
5728,I AM C.T.,HEALTH_AND_FITNESS,Mature 17+,Health & Fitness,1000.0,0.0,4.6,28.0,Free
5729,I’m Expecting - Pregnancy App,HEALTH_AND_FITNESS,Everyone,Health & Fitness,1000000.0,0.0,4.6,71269.0,Free
5730,I’m Expecting - Pregnancy App,HEALTH_AND_FITNESS,Everyone,Health & Fitness,1000000.0,0.0,4.6,71266.0,Free
5731,"Ideal Weight, BMI Calculator",HEALTH_AND_FITNESS,Everyone,Health & Fitness,5000000.0,0.0,4.2,112384.0,Free
5732,Insight Timer - Free Meditation App,HEALTH_AND_FITNESS,Everyone,Health & Fitness,1000000.0,0.0,4.6,20161.0,Free
5733,J - Style Pro,HEALTH_AND_FITNESS,Everyone,Health & Fitness,10000.0,0.0,2.3,74.0,Free
5734,"JEFIT Workout Tracker, Weight Lifting, Gym Log App",HEALTH_AND_FITNESS,Teen,Health & Fitness,5000000.0,0.0,4.5,60096.0,Free
5735,K Health,HEALTH_AND_FITNESS,Teen,Health & Fitness,50000.0,0.0,4.1,290.0,Free
5736,Keep Trainer - Workout Trainer & Fitness Coach,HEALTH_AND_FITNESS,Everyone,Health & Fitness,1000000.0,0.0,4.7,14810.0,Free
5737,Kick Axe Bx,HEALTH_AND_FITNESS,Everyone,Health & Fitness,1.0,0.0,,0.0,Free
5738,L!FE Premium Training,HEALTH_AND_FITNESS,Everyone,Health & Fitness,100.0,0.0,,2.0,Free
5739,Ladies' Ab Workout FREE,HEALTH_AND_FITNESS,Everyone,Health & Fitness,1000000.0,0.0,4.0,12906.0,Free
5740,Lark - 24/7 Health Coach,HEALTH_AND_FITNESS,Everyone,Health & Fitness,100000.0,0.0,4.1,3405.0,Free
5741,Lark - 24/7 Health Coach,HEALTH_AND_FITNESS,Everyone,Health & Fitness,100000.0,0.0,4.1,3405.0,Free
5742,LG Health,HEALTH_AND_FITNESS,Everyone,Health & Fitness,10000000.0,0.0,3.3,20098.0,Free
5743,Lose Belly Fat in 30 Days - Flat Stomach,HEALTH_AND_FITNESS,Everyone,Health & Fitness,5000000.0,0.0,4.9,38098.0,Free
5744,Lose Belly Fat-Home Abs Fitness Workout,HEALTH_AND_FITNESS,Everyone,Health & Fitness,50000.0,0.0,4.6,199.0,Free
5745,Lose It! - Calorie Counter,HEALTH_AND_FITNESS,Everyone,Health & Fitness,10000000.0,0.0,4.4,69395.0,Free
5746,Lose It! - Calorie Counter,HEALTH_AND_FITNESS,Everyone,Health & Fitness,10000000.0,0.0,4.4,69395.0,Free
5747,Lose It! - Calorie Counter,HEALTH_AND_FITNESS,Everyone,Health & Fitness,10000000.0,0.0,4.4,69395.0,Free
5748,Lose Weight in 30 Days,HEALTH_AND_FITNESS,Everyone,Health & Fitness,10000000.0,0.0,4.8,220125.0,Free
5749,Lullaby Add-on for Sleep as Android,HEALTH_AND_FITNESS,Everyone,Health & Fitness,50000.0,1.99,3.9,2057.0,Paid
5750,Map My Fitness Workout Trainer,HEALTH_AND_FITNESS,Everyone,Health & Fitness,1000000.0,0.0,4.4,38343.0,Free
5751,Map My Hike GPS Hiking,HEALTH_AND_FITNESS,Everyone,Health & Fitness,500000.0,0.0,4.4,12858.0,Free
5752,Map My Ride GPS Cycling Riding,HEALTH_AND_FITNESS,Everyone,Health & Fitness,1000000.0,0.0,4.5,106547.0,Free
5753,MealLogger-Photo Food Journal,HEALTH_AND_FITNESS,Teen,Health & Fitness,50000.0,0.0,3.5,217.0,Free
5754,MealLogger-Photo Food Journal,HEALTH_AND_FITNESS,Teen,Health & Fitness,50000.0,0.0,3.5,217.0,Free
5755,MediBeat for AW - Android (1),HEALTH_AND_FITNESS,Everyone,Health & Fitness,500.0,0.0,,2.0,Free
5756,Meditate OM,HEALTH_AND_FITNESS,Everyone,Health & Fitness,1000000.0,0.0,4.5,19074.0,Free
5757,"Meditation Music - Relax, Yoga",HEALTH_AND_FITNESS,Everyone,Health & Fitness,1000000.0,0.0,4.6,48226.0,Free
5758,"Meditation Music - Relax, Yoga",HEALTH_AND_FITNESS,Everyone,Health & Fitness,1000000.0,0.0,4.6,48226.0,Free
5759,Meditation Studio,HEALTH_AND_FITNESS,Everyone,Health & Fitness,10000.0,3.99,4.6,1026.0,Paid
5760,MI-BP,HEALTH_AND_FITNESS,Everyone,Health & Fitness,50.0,0.0,5.0,1.0,Free
5761,Monitor My BP,HEALTH_AND_FITNESS,Everyone,Health & Fitness,50.0,5.99,,0.0,Paid
5762,Monitor Your Weight,HEALTH_AND_FITNESS,Everyone,Health & Fitness,5000000.0,0.0,4.5,126017.0,Free
5763,My BP Lab,HEALTH_AND_FITNESS,Everyone,Health & Fitness,10000.0,0.0,2.6,186.0,Free
5764,My Chakra Meditation,HEALTH_AND_FITNESS,Everyone,Health & Fitness,500000.0,0.0,4.4,7586.0,Free
5765,My Chakra Meditation 2,HEALTH_AND_FITNESS,Everyone,Health & Fitness,100000.0,0.0,4.3,1288.0,Free
5766,My Cycles Period and Ovulation,HEALTH_AND_FITNESS,Everyone,Health & Fitness,1000000.0,0.0,4.3,26652.0,Free
5767,My Days - Ovulation Calendar & Period Tracker ™,HEALTH_AND_FITNESS,Everyone,Health & Fitness,5000000.0,0.0,4.5,93691.0,Free
5768,My Diet Coach - Weight Loss Motivation & Tracker,HEALTH_AND_FITNESS,Everyone,Health & Fitness,10000000.0,0.0,4.4,141163.0,Free
5769,My Diet Diary Calorie Counter,HEALTH_AND_FITNESS,Everyone,Health & Fitness,1000000.0,0.0,4.1,18539.0,Free
5770,My Diet Diary Calorie Counter,HEALTH_AND_FITNESS,Everyone,Health & Fitness,1000000.0,0.0,4.1,18539.0,Free
5771,MyPlate Calorie Tracker,HEALTH_AND_FITNESS,Everyone,Health & Fitness,1000000.0,0.0,4.6,24094.0,Free
5772,MyPlate Calorie Tracker,HEALTH_AND_FITNESS,Everyone,Health & Fitness,1000000.0,0.0,4.6,24094.0,Free
5773,Nike Training Club - Workouts & Fitness Plans,HEALTH_AND_FITNESS,Everyone,Health & Fitness,10000000.0,0.0,4.6,251534.0,Free
5774,Nike Training Club - Workouts & Fitness Plans,HEALTH_AND_FITNESS,Everyone,Health & Fitness,10000000.0,0.0,4.6,251534.0,Free
5775,Nike Training Club - Workouts & Fitness Plans,HEALTH_AND_FITNESS,Everyone,Health & Fitness,10000000.0,0.0,4.6,251618.0,Free
5776,Nike+ Run Club,HEALTH_AND_FITNESS,Everyone,Health & Fitness,10000000.0,0.0,4.4,708674.0,Free
5777,Nike+ Run Club,HEALTH_AND_FITNESS,Everyone,Health & Fitness,10000000.0,0.0,4.4,708710.0,Free
5778,Nike+ Run Club,HEALTH_AND_FITNESS,Everyone,Health & Fitness,10000000.0,0.0,4.4,708710.0,Free
5779,Nike+ Run Club,HEALTH_AND_FITNESS,Everyone,Health & Fitness,10000000.0,0.0,4.4,708753.0,Free
5780,Oral-B App,HEALTH_AND_FITNESS,Everyone,Health & Fitness,1000000.0,0.0,3.3,14210.0,Free
5781,OvuView: Ovulation and Fertility,HEALTH_AND_FITNESS,Everyone,Health & Fitness,1000000.0,0.0,4.5,40296.0,Free
5782,Pacifica - Stress & Anxiety,HEALTH_AND_FITNESS,Teen,Health & Fitness,500000.0,0.0,4.5,10253.0,Free
5783,Pedometer,HEALTH_AND_FITNESS,Everyone,Health & Fitness,10000000.0,0.0,4.4,400592.0,Free
5784,Pedometer - Step Counter Free & Calorie Burner,HEALTH_AND_FITNESS,Everyone,Health & Fitness,1000000.0,0.0,4.8,31139.0,Free
5785,"Pedometer, Step Counter & Weight Loss Tracker App",HEALTH_AND_FITNESS,Everyone,Health & Fitness,10000000.0,0.0,4.6,548021.0,Free
5786,Period Tracker,HEALTH_AND_FITNESS,Everyone,Health & Fitness,10000000.0,0.0,4.5,325738.0,Free
5787,Period Tracker - Period Calendar Ovulation Tracker,HEALTH_AND_FITNESS,Everyone,Health & Fitness,100000000.0,0.0,4.8,4559407.0,Free
5788,Period Tracker Clue: Period and Ovulation Tracker,HEALTH_AND_FITNESS,Everyone,Health & Fitness,10000000.0,0.0,4.8,570242.0,Free
5789,"Period Tracker, Pregnancy Calculator & Calendar 🌸",HEALTH_AND_FITNESS,Everyone,Health & Fitness,10000.0,0.0,,0.0,Free
5790,Pharmacie de Garde CI et Prix,HEALTH_AND_FITNESS,Mature 17+,Health & Fitness,100000.0,0.0,4.4,2599.0,Free
5791,Pharmacy CI - Pharmacies de garde Côte d'Ivoire,HEALTH_AND_FITNESS,Everyone,Health & Fitness,100000.0,0.0,4.5,5509.0,Free
5792,PHARMAGUIDE (DZ),HEALTH_AND_FITNESS,Everyone,Health & Fitness,5000.0,0.0,4.1,131.0,Free
5793,Pocket Yoga,HEALTH_AND_FITNESS,Everyone,Health & Fitness,100000.0,2.99,4.4,2107.0,Paid
5794,Pocket Yoga,HEALTH_AND_FITNESS,Everyone,Health & Fitness,100000.0,2.99,4.4,2107.0,Paid
5795,Poop Tracker - Toilet Log,HEALTH_AND_FITNESS,Everyone,Health & Fitness,10000.0,0.0,4.4,622.0,Free
5796,Prana Breath: Calm & Meditate,HEALTH_AND_FITNESS,Everyone,Health & Fitness,1000000.0,0.0,4.8,31665.0,Free
5797,Pregnancy & Baby Tracker,HEALTH_AND_FITNESS,Everyone,Health & Fitness,1000000.0,0.0,4.6,48286.0,Free
5798,Pregnancy Tracker,HEALTH_AND_FITNESS,Everyone,Health & Fitness,500000.0,0.0,4.1,2681.0,Free
5799,PumpUp — Fitness Community,HEALTH_AND_FITNESS,Teen,Health & Fitness,1000000.0,0.0,4.0,49479.0,Free
5800,Q7 SmartWatch,HEALTH_AND_FITNESS,Everyone,Health & Fitness,10000.0,0.0,3.0,94.0,Free
5801,Recipes for hair and face tried,HEALTH_AND_FITNESS,Everyone,Health & Fitness,500000.0,0.0,4.5,1203.0,Free
5802,Relax Meditation: Sleep with Sleep Sounds,HEALTH_AND_FITNESS,Everyone,Health & Fitness,1000000.0,0.0,4.4,26540.0,Free
5803,Relax Meditation: Sleep with Sleep Sounds,HEALTH_AND_FITNESS,Everyone,Health & Fitness,1000000.0,0.0,4.4,26540.0,Free
5804,Relax Melodies P: Sleep Sounds,HEALTH_AND_FITNESS,Everyone,Health & Fitness,100000.0,2.99,4.8,19543.0,Paid
5805,Relax Melodies: Sleep Sounds,HEALTH_AND_FITNESS,Everyone,Health & Fitness,5000000.0,0.0,4.5,233243.0,Free
5806,Relax Melodies: Sleep Sounds,HEALTH_AND_FITNESS,Everyone,Health & Fitness,5000000.0,0.0,4.5,233243.0,Free
5807,Relax with Andrew Johnson Lite,HEALTH_AND_FITNESS,Everyone,Health & Fitness,100000.0,0.0,4.3,2885.0,Free
5808,Relaxing Sounds,HEALTH_AND_FITNESS,Everyone,Health & Fitness,100000.0,0.0,4.6,4642.0,Free
5809,Restaurant Inspections - FL,HEALTH_AND_FITNESS,Everyone,Health & Fitness,10000.0,0.0,3.5,143.0,Free
5810,Revita.bg,HEALTH_AND_FITNESS,Everyone,Health & Fitness,10.0,0.0,4.8,10.0,Free
5811,Run on Earth,HEALTH_AND_FITNESS,Everyone,Health & Fitness,50000.0,0.0,2.4,577.0,Free
5812,Run with Map My Run,HEALTH_AND_FITNESS,Everyone,Health & Fitness,5000000.0,0.0,4.5,183662.0,Free
5813,Run with Map My Run,HEALTH_AND_FITNESS,Everyone,Health & Fitness,5000000.0,0.0,4.5,183669.0,Free
5814,Run with Map My Run,HEALTH_AND_FITNESS,Everyone,Health & Fitness,5000000.0,0.0,4.5,183669.0,Free
5815,Runkeeper - GPS Track Run Walk,HEALTH_AND_FITNESS,Everyone,Health & Fitness,10000000.0,0.0,4.5,501144.0,Free
5816,Runkeeper - GPS Track Run Walk,HEALTH_AND_FITNESS,Everyone,Health & Fitness,10000000.0,0.0,4.5,501144.0,Free
5817,Running & Jogging,HEALTH_AND_FITNESS,Everyone,Health & Fitness,500000.0,0.0,4.5,6238.0,Free
5818,Running Distance Tracker +,HEALTH_AND_FITNESS,Everyone,Health & Fitness,1000000.0,0.0,4.7,77777.0,Free
5819,Running Weight Loss Walking Jogging Hiking FITAPP,HEALTH_AND_FITNESS,Teen,Health & Fitness,1000000.0,0.0,4.4,20812.0,Free
5820,Runtastic Mountain Bike GPS Tracker,HEALTH_AND_FITNESS,Everyone,Health & Fitness,1000000.0,0.0,4.5,50679.0,Free
5821,Runtastic Running App & Mile Tracker,HEALTH_AND_FITNESS,Everyone,Health & Fitness,10000000.0,0.0,4.5,827597.0,Free
5822,Runtastic Running App & Mile Tracker,HEALTH_AND_FITNESS,Everyone,Health & Fitness,10000000.0,0.0,4.5,827651.0,Free
5823,Runtastic Running App & Mile Tracker,HEALTH_AND_FITNESS,Everyone,Health & Fitness,10000000.0,0.0,4.5,827653.0,Free
5824,Runtastic Sleep Better: Sleep Cycle & Smart Alarm,HEALTH_AND_FITNESS,Everyone,Health & Fitness,5000000.0,0.0,4.1,111462.0,Free
5825,Runtastic Sleep Better: Sleep Cycle & Smart Alarm,HEALTH_AND_FITNESS,Everyone,Health & Fitness,5000000.0,0.0,4.1,111465.0,Free
5826,Samsung Health,HEALTH_AND_FITNESS,Everyone,Health & Fitness,500000000.0,0.0,4.3,480208.0,Free
5827,Santa Fe Thrive,HEALTH_AND_FITNESS,Everyone,Health & Fitness,50.0,0.0,5.0,2.0,Free
5828,SCI-Ex,HEALTH_AND_FITNESS,Everyone,Health & Fitness,1000.0,0.0,3.5,8.0,Free
5829,Self Healing,HEALTH_AND_FITNESS,Everyone,Health & Fitness,500000.0,0.0,4.5,14394.0,Free
5830,Self-help Anxiety Management,HEALTH_AND_FITNESS,Everyone 10+,Health & Fitness,500000.0,0.0,4.0,2894.0,Free
5831,Seven - 7 Minute Workout Training Challenge,HEALTH_AND_FITNESS,Everyone,Health & Fitness,1000000.0,0.0,4.5,75571.0,Free
5832,Seven - 7 Minute Workout Training Challenge,HEALTH_AND_FITNESS,Everyone,Health & Fitness,1000000.0,0.0,4.5,75571.0,Free
5833,Simple Habit Meditation,HEALTH_AND_FITNESS,Everyone,Health & Fitness,500000.0,0.0,4.7,11689.0,Free
5834,Simple Habit Meditation,HEALTH_AND_FITNESS,Everyone,Health & Fitness,500000.0,0.0,4.7,11689.0,Free
5835,Simply Yoga - Fitness Trainer for Workouts & Poses,HEALTH_AND_FITNESS,Everyone,Health & Fitness,1000000.0,0.0,4.1,6826.0,Free
5836,Six Pack in 30 Days - Abs Workout,HEALTH_AND_FITNESS,Everyone,Health & Fitness,10000000.0,0.0,4.9,272337.0,Free
5837,Six Pack in 30 Days - Abs Workout,HEALTH_AND_FITNESS,Everyone,Health & Fitness,10000000.0,0.0,4.9,272172.0,Free
5838,Six Packs for Man–Body Building with No Equipment,HEALTH_AND_FITNESS,Everyone,Health & Fitness,100000.0,0.0,4.6,2880.0,Free
5839,Sleep as Android Garmin Addon,HEALTH_AND_FITNESS,Everyone,Health & Fitness,10000.0,0.0,2.6,114.0,Free
5840,Sleep as Android Gear Addon,HEALTH_AND_FITNESS,Everyone,Health & Fitness,100000.0,0.0,2.8,961.0,Free
5841,Sleep Sounds,HEALTH_AND_FITNESS,Everyone,Health & Fitness,1000000.0,0.0,4.8,51227.0,Free
5842,Sportractive GPS Running Cycling Distance Tracker,HEALTH_AND_FITNESS,Everyone,Health & Fitness,1000000.0,0.0,4.8,48276.0,Free
5843,Sports Tracker Running Cycling,HEALTH_AND_FITNESS,Everyone,Health & Fitness,5000000.0,0.0,4.5,190247.0,Free
5844,"Spot On Period, Birth Control, & Cycle Tracker",HEALTH_AND_FITNESS,Everyone 10+,Health & Fitness,500000.0,0.0,4.6,4102.0,Free
5845,Step Counter - Calorie Counter,HEALTH_AND_FITNESS,Everyone,Health & Fitness,500000.0,0.0,4.0,1577.0,Free
5846,Step Counter - Pedometer Free & Calorie Counter,HEALTH_AND_FITNESS,Everyone,Health & Fitness,10000000.0,0.0,4.7,117925.0,Free
5847,Stop Smoking - EasyQuit free,HEALTH_AND_FITNESS,Everyone,Health & Fitness,500000.0,0.0,4.8,39068.0,Free
5848,"Stop, Breathe & Think: Meditation & Mindfulness",HEALTH_AND_FITNESS,Everyone,Health & Fitness,1000000.0,0.0,4.3,8576.0,Free
5849,"Strava Training: Track Running, Cycling & Swimming",HEALTH_AND_FITNESS,Teen,Health & Fitness,10000000.0,0.0,4.5,328469.0,Free
5850,StrongLifts 5x5 Workout Gym Log & Personal Trainer,HEALTH_AND_FITNESS,Everyone,Health & Fitness,1000000.0,0.0,4.9,66791.0,Free
5851,Sworkit: Workouts & Fitness Plans,HEALTH_AND_FITNESS,Everyone,Health & Fitness,5000000.0,0.0,4.6,109756.0,Free
5852,"Technutri - calorie counter, diet and carb tracker",HEALTH_AND_FITNESS,Everyone,Health & Fitness,5000000.0,0.0,4.4,70416.0,Free
5853,The Bump Pregnancy Tracker,HEALTH_AND_FITNESS,Everyone,Health & Fitness,1000000.0,0.0,4.6,20301.0,Free
5854,The CJ Rubric,HEALTH_AND_FITNESS,Everyone,Health & Fitness,100.0,0.0,5.0,5.0,Free
5855,The ClubHouse CR,HEALTH_AND_FITNESS,Everyone,Health & Fitness,100.0,0.0,,5.0,Free
5856,The Daily BJ,HEALTH_AND_FITNESS,Everyone,Health & Fitness,500.0,0.0,4.8,38.0,Free
5857,The EO Bar,HEALTH_AND_FITNESS,Everyone,Health & Fitness,10000.0,6.99,4.7,416.0,Paid
5858,The TK-App - everything under control,HEALTH_AND_FITNESS,Everyone,Health & Fitness,100000.0,0.0,4.5,8642.0,Free
5859,Thrive CF,HEALTH_AND_FITNESS,Everyone,Health & Fitness,100.0,0.0,2.2,6.0,Free
5860,Tools & Mi Band,HEALTH_AND_FITNESS,Everyone,Health & Fitness,100000.0,3.49,4.4,15753.0,Paid
5861,Tracks,HEALTH_AND_FITNESS,Everyone 10+,Health & Fitness,50000.0,0.0,4.6,623.0,Free
5862,Treadmill Workouts Free (P),HEALTH_AND_FITNESS,Everyone,Health & Fitness,1000.0,0.0,3.3,10.0,Free
5863,Twilight: Blue light filter,HEALTH_AND_FITNESS,Everyone,Health & Fitness,5000000.0,0.0,4.6,318134.0,Free
5864,Ultimate Ab & Core Workouts,HEALTH_AND_FITNESS,Everyone,Health & Fitness,1000000.0,0.0,4.7,55571.0,Free
5865,Vi Trainer,HEALTH_AND_FITNESS,Everyone,Health & Fitness,5000.0,0.0,3.6,124.0,Free
5866,"ViewRanger - Hike, Ride or Walk",HEALTH_AND_FITNESS,Everyone,Health & Fitness,1000000.0,0.0,4.2,34356.0,Free
5867,Vital Tones EI Pro,HEALTH_AND_FITNESS,Everyone,Health & Fitness,50.0,9.99,,2.0,Paid
5868,Walk with Map My Walk,HEALTH_AND_FITNESS,Everyone,Health & Fitness,5000000.0,0.0,4.5,144040.0,Free
5869,Walk with Map My Walk,HEALTH_AND_FITNESS,Everyone,Health & Fitness,5000000.0,0.0,4.5,144050.0,Free
5870,Walking for Weight Loss - Walk Tracker,HEALTH_AND_FITNESS,Everyone,Health & Fitness,100000.0,0.0,4.5,644.0,Free
5871,Walking: Pedometer diet,HEALTH_AND_FITNESS,Everyone,Health & Fitness,1000000.0,0.0,3.7,1861.0,Free
5872,Water Drink Reminder,HEALTH_AND_FITNESS,Everyone,Health & Fitness,10000000.0,0.0,4.6,524299.0,Free
5873,Weight Loss Running by Verv,HEALTH_AND_FITNESS,Mature 17+,Health & Fitness,1000000.0,0.0,4.5,27393.0,Free
5874,Weight Loss Running by Verv,HEALTH_AND_FITNESS,Mature 17+,Health & Fitness,1000000.0,0.0,4.5,27396.0,Free
5875,Weight Loss Running by Verv,HEALTH_AND_FITNESS,Mature 17+,Health & Fitness,1000000.0,0.0,4.5,27396.0,Free
5876,Weight Loss Tracker - RecStyle,HEALTH_AND_FITNESS,Everyone,Health & Fitness,1000000.0,0.0,4.4,20547.0,Free
5877,Weight Loss Tracker - RecStyle,HEALTH_AND_FITNESS,Everyone,Health & Fitness,1000000.0,0.0,4.4,20547.0,Free
5878,Weight Watchers Mobile,HEALTH_AND_FITNESS,Everyone,Health & Fitness,5000000.0,0.0,4.2,270267.0,Free
5879,Weight Watchers Mobile,HEALTH_AND_FITNESS,Everyone,Health & Fitness,5000000.0,0.0,4.2,270294.0,Free
5880,Weight Watchers Mobile,HEALTH_AND_FITNESS,Everyone,Health & Fitness,5000000.0,0.0,4.2,270294.0,Free
5881,We're Working Out - Al Kavadlo,HEALTH_AND_FITNESS,Everyone,Health & Fitness,50000.0,0.0,4.3,979.0,Free
5882,White Noise Lite,HEALTH_AND_FITNESS,Everyone,Health & Fitness,1000000.0,0.0,4.4,57634.0,Free
5883,White Sound Pro,HEALTH_AND_FITNESS,Everyone,Health & Fitness,500000.0,0.0,4.7,16570.0,Free
5884,WomanLog Calendar,HEALTH_AND_FITNESS,Everyone,Health & Fitness,5000000.0,0.0,4.5,121838.0,Free
5885,"Women""s Health Tips(Breast,Face,Body,weight lose)",HEALTH_AND_FITNESS,Mature 17+,Health & Fitness,1000000.0,0.0,4.2,2509.0,Free
5886,Workout Tracker & Gym Trainer - Fitness Log Book,HEALTH_AND_FITNESS,Everyone,Health & Fitness,500000.0,0.0,4.6,5420.0,Free
5887,Workout Trainer: fitness coach,HEALTH_AND_FITNESS,Everyone,Health & Fitness,10000000.0,0.0,4.2,100406.0,Free
5888,Workout Trainer: fitness coach,HEALTH_AND_FITNESS,Everyone,Health & Fitness,10000000.0,0.0,4.2,100406.0,Free
5889,X your Ex - Break Up Treatment,HEALTH_AND_FITNESS,Everyone,Health & Fitness,5000.0,0.0,4.0,32.0,Free
5890,"YAZIO Calorie Counter, Nutrition Diary & Diet Plan",HEALTH_AND_FITNESS,Everyone,Health & Fitness,5000000.0,0.0,4.6,117176.0,Free
5891,Yoga - Track Yoga,HEALTH_AND_FITNESS,Everyone,Health & Fitness,500000.0,0.0,4.5,7976.0,Free
5892,Yoga Studio: Mind & Body,HEALTH_AND_FITNESS,Everyone,Health & Fitness,100000.0,0.0,4.3,5499.0,Free
5893,"Zombies, Run! 5k Training (Free)",HEALTH_AND_FITNESS,Teen,Health & Fitness,50000.0,0.0,4.0,267.0,Free
5894,591 Housing Trading - Hong Kong,HOUSE_AND_HOME,Everyone,House & Home,100000.0,0.0,4.3,3522.0,Free
5895,"591 housing transactions - renting houses, middle-class houses, new cases, real-time registration, villas through the sky, apartment suites, MRT, buying a house selling prices, housing mortgages",HOUSE_AND_HOME,Everyone,House & Home,1000000.0,0.0,4.1,24977.0,Free
5896,"乐屋网: Buying a house, selling a house, renting a house",HOUSE_AND_HOME,Everyone,House & Home,100000.0,0.0,3.7,2248.0,Free
5897,AC Mobile Control,HOUSE_AND_HOME,Everyone,House & Home,100000.0,0.0,3.4,1450.0,Free
5898,AJ Concept Group App,HOUSE_AND_HOME,Everyone,House & Home,10.0,0.0,,0.0,Free
5899,Alfred Home Security Camera,HOUSE_AND_HOME,Everyone,House & Home,5000000.0,0.0,4.5,103305.0,Free
5900,allhomes.com.au,HOUSE_AND_HOME,Everyone,House & Home,100000.0,0.0,3.8,874.0,Free
5901,Apartment Decorating Ideas,HOUSE_AND_HOME,Everyone,House & Home,100000.0,0.0,3.9,1478.0,Free
5902,"Apartment List: Housing, Apt, and Property Rentals",HOUSE_AND_HOME,Everyone,House & Home,1000000.0,0.0,4.5,8481.0,Free
5903,"Apartment List: Housing, Apt, and Property Rentals",HOUSE_AND_HOME,Everyone,House & Home,1000000.0,0.0,4.5,8481.0,Free
5904,"Apartment, Home Rental Search: Realtor.com Rentals",HOUSE_AND_HOME,Everyone,House & Home,1000000.0,0.0,3.9,10117.0,Free
5905,Apartments & Rentals - Zillow,HOUSE_AND_HOME,Everyone,House & Home,1000000.0,0.0,4.2,27386.0,Free
5906,Apartments & Rentals - Zillow,HOUSE_AND_HOME,Everyone,House & Home,1000000.0,0.0,4.2,27387.0,Free
5907,Apartments.com Rental Search,HOUSE_AND_HOME,Everyone,House & Home,1000000.0,0.0,4.3,22584.0,Free
5908,Apartments.com Rental Search,HOUSE_AND_HOME,Everyone,House & Home,1000000.0,0.0,4.3,22584.0,Free
5909,At home - rental · real estate · room finding application such as apartment · apartment,HOUSE_AND_HOME,Everyone,House & Home,500000.0,0.0,3.8,2496.0,Free
5910,Bathroom Decorating Ideas,HOUSE_AND_HOME,Everyone,House & Home,500000.0,0.0,4.1,2427.0,Free
5911,Bedroom Decorating Ideas,HOUSE_AND_HOME,Everyone,House & Home,500000.0,0.0,4.0,2382.0,Free
5912,Build.com - Shop Home Improvement & Expert Advice,HOUSE_AND_HOME,Everyone,House & Home,50000.0,0.0,4.5,118.0,Free
5913,ColorSnap® Visualizer,HOUSE_AND_HOME,Everyone,House & Home,1000000.0,0.0,3.4,3280.0,Free
5914,"CYANOGEN. Rent, buy an apartment, a room, a cottage 3+",HOUSE_AND_HOME,Everyone,House & Home,1000000.0,0.0,4.3,37711.0,Free
5915,DaBang - Rental Homes in Korea,HOUSE_AND_HOME,Everyone,House & Home,5000000.0,0.0,4.4,23013.0,Free
5916,DIY On A Budget,HOUSE_AND_HOME,Teen,House & Home,10000.0,0.0,4.7,114.0,Free
5917,"Domofond Real Estate. Buy, rent an apartment.",HOUSE_AND_HOME,Everyone,House & Home,1000000.0,0.0,4.5,39123.0,Free
5918,EC-Contractors,HOUSE_AND_HOME,Everyone,House & Home,1.0,0.0,,0.0,Free
5919,EyPools,HOUSE_AND_HOME,Everyone,House & Home,100.0,0.0,,2.0,Free
5920,Free Foreclosure Real Estate Search by USHUD.com,HOUSE_AND_HOME,Everyone,House & Home,100000.0,0.0,3.4,287.0,Free
5921,gardening ideas flower diy,HOUSE_AND_HOME,Everyone,House & Home,100.0,0.0,,0.0,Free
5922,Gold Butterfly Keyboard Theme,HOUSE_AND_HOME,Everyone,House & Home,1000000.0,0.0,4.3,10054.0,Free
5923,Good house to buy a house,HOUSE_AND_HOME,Everyone,House & Home,100000.0,0.0,3.8,491.0,Free
5924,Good room network fast rent,HOUSE_AND_HOME,Everyone,House & Home,500000.0,0.0,3.7,2758.0,Free
5925,G-REMOTE,HOUSE_AND_HOME,Everyone,House & Home,1000.0,0.0,4.5,30.0,Free
5926,Hemnet,HOUSE_AND_HOME,Everyone,House & Home,500000.0,0.0,3.6,4087.0,Free
5927,Home Decor Showpiece Art making: Medium Difficulty,HOUSE_AND_HOME,Everyone,House & Home,50000.0,0.0,4.3,273.0,Free
5928,Home Security Camera WardenCam - reuse old phones,HOUSE_AND_HOME,Everyone,House & Home,1000000.0,0.0,4.3,43800.0,Free
5929,Home Security Camera WardenCam - reuse old phones,HOUSE_AND_HOME,Everyone,House & Home,1000000.0,0.0,4.3,43847.0,Free
5930,Home tips and advice,HOUSE_AND_HOME,Everyone,House & Home,5000.0,0.0,,10.0,Free
5931,homegate.ch,HOUSE_AND_HOME,Everyone,House & Home,100000.0,0.0,4.2,2543.0,Free
5932,"Homes.com 🏠 For Sale, Rent",HOUSE_AND_HOME,Everyone,House & Home,1000000.0,0.0,4.0,6000.0,Free
5933,Homesnap Real Estate & Rentals,HOUSE_AND_HOME,Everyone,House & Home,500000.0,0.0,4.3,3834.0,Free
5934,House app: beautiful everyday ~,HOUSE_AND_HOME,Teen,House & Home,500000.0,0.0,4.6,2669.0,Free
5935,Houzz Interior Design Ideas,HOUSE_AND_HOME,Everyone,House & Home,10000000.0,0.0,4.6,353799.0,Free
5936,Houzz Interior Design Ideas,HOUSE_AND_HOME,Everyone,House & Home,10000000.0,0.0,4.6,353800.0,Free
5937,Houzz Interior Design Ideas,HOUSE_AND_HOME,Everyone,House & Home,10000000.0,0.0,4.6,353813.0,Free
5938,Houzz Interior Design Ideas,HOUSE_AND_HOME,Everyone,House & Home,10000000.0,0.0,4.6,353813.0,Free
5939,iProperty Malaysia,HOUSE_AND_HOME,Everyone,House & Home,100000.0,0.0,4.2,809.0,Free
5940,Kitchen Island Ideas,HOUSE_AND_HOME,Everyone,House & Home,50000.0,0.0,4.0,515.0,Free
5941,Latest 2018 Home Designs,HOUSE_AND_HOME,Everyone,House & Home,10000.0,0.0,,174.0,Free
5942,LH Housing Promotion Notice,HOUSE_AND_HOME,Everyone,House & Home,100000.0,0.0,,160.0,Free
5943,LIFULL HOME'S,HOUSE_AND_HOME,Everyone,House & Home,1000000.0,0.0,4.2,7573.0,Free
5944,Living Room Decorating Ideas,HOUSE_AND_HOME,Everyone,House & Home,1000000.0,0.0,4.0,4465.0,Free
5945,Living Smart Home,HOUSE_AND_HOME,Everyone,House & Home,1000000.0,0.0,4.6,39189.0,Free
5946,Mas Akıllı Ev,HOUSE_AND_HOME,Everyone,House & Home,100.0,0.0,,13.0,Free
5947,Minwa HA ( C.B ),HOUSE_AND_HOME,Everyone,House & Home,50.0,0.0,,0.0,Free
5948,Mortgage by Zillow: Calculator & Rates,HOUSE_AND_HOME,Everyone,House & Home,500000.0,0.0,4.3,4435.0,Free
5949,Mortgage by Zillow: Calculator & Rates,HOUSE_AND_HOME,Everyone,House & Home,500000.0,0.0,4.3,4435.0,Free
5950,"N1.RU - Real estate: apartments, new buildings, lodging",HOUSE_AND_HOME,Everyone,House & Home,100000.0,0.0,4.5,7619.0,Free
5951,Porch DV,HOUSE_AND_HOME,Everyone,House & Home,1000.0,0.0,2.8,5.0,Free
5952,RadPad: Apartment Finder App,HOUSE_AND_HOME,Everyone,House & Home,500000.0,0.0,4.4,6896.0,Free
5953,Real estate court auction information site - Hyundai court auction,HOUSE_AND_HOME,Everyone,House & Home,10000.0,0.0,,10.0,Free
5954,Real Estate sale & rent Trovit,HOUSE_AND_HOME,Everyone,House & Home,5000000.0,0.0,4.1,65913.0,Free
5955,"realestate.com.au - Buy, Rent & Sell Property",HOUSE_AND_HOME,Everyone,House & Home,1000000.0,0.0,3.8,14653.0,Free
5956,"realestate.com.au - Buy, Rent & Sell Property",HOUSE_AND_HOME,Everyone,House & Home,1000000.0,0.0,3.8,14657.0,Free
5957,reality.cz,HOUSE_AND_HOME,Everyone,House & Home,50000.0,0.0,4.1,1372.0,Free
5958,Realtor.com Real Estate: Homes for Sale and Rent,HOUSE_AND_HOME,Everyone,House & Home,10000000.0,0.0,4.5,162243.0,Free
5959,Realtor.com Real Estate: Homes for Sale and Rent,HOUSE_AND_HOME,Everyone,House & Home,10000000.0,0.0,4.5,162243.0,Free
5960,Redfin Real Estate,HOUSE_AND_HOME,Everyone,House & Home,1000000.0,0.0,4.6,36857.0,Free
5961,Redfin Real Estate,HOUSE_AND_HOME,Everyone,House & Home,1000000.0,0.0,4.6,36857.0,Free
5962,Rent.com Apartment Homes,HOUSE_AND_HOME,Everyone,House & Home,1000000.0,0.0,4.0,7508.0,Free
5963,Room Creator Interior Design,HOUSE_AND_HOME,Everyone,House & Home,1000000.0,0.0,3.9,59660.0,Free
5964,Room Painting Ideas,HOUSE_AND_HOME,Everyone,House & Home,1000000.0,0.0,4.0,4450.0,Free
5965,Room planner: Interior & Floorplan Design for IKEA,HOUSE_AND_HOME,Everyone,House & Home,100000.0,0.0,4.0,4281.0,Free
5966,Ruler,HOUSE_AND_HOME,Everyone,House & Home,10000.0,0.0,4.7,126.0,Free
5967,Santa Fe Sentry,HOUSE_AND_HOME,Everyone,House & Home,100.0,0.0,,0.0,Free
5968,Security Camera CZ,HOUSE_AND_HOME,Everyone,House & Home,10000.0,0.0,4.4,137.0,Free
5969,tinyCam Monitor FREE,HOUSE_AND_HOME,Everyone,House & Home,10000000.0,0.0,4.0,65914.0,Free
5970,Trulia Mortgage Calculators,HOUSE_AND_HOME,Everyone,House & Home,50000.0,0.0,4.1,81.0,Free
5971,Trulia Real Estate & Rentals,HOUSE_AND_HOME,Everyone,House & Home,10000000.0,0.0,4.5,175293.0,Free
5972,Trulia Real Estate & Rentals,HOUSE_AND_HOME,Everyone,House & Home,10000000.0,0.0,4.5,175293.0,Free
5973,Trulia Rent Apartments & Homes,HOUSE_AND_HOME,Everyone,House & Home,5000000.0,0.0,4.4,71419.0,Free
5974,Trulia Rent Apartments & Homes,HOUSE_AND_HOME,Everyone,House & Home,5000000.0,0.0,4.4,71421.0,Free
5975,"Viva Decora - Decoration, Photos, Architecture, House",HOUSE_AND_HOME,Everyone,House & Home,100000.0,0.0,4.8,3167.0,Free
5976,Wall Decorating Ideas,HOUSE_AND_HOME,Everyone,House & Home,1000000.0,0.0,3.9,6631.0,Free
5977,Yes319 real price login query,HOUSE_AND_HOME,Everyone,House & Home,5000.0,0.0,,12.0,Free
5978,Yongqing fast search,HOUSE_AND_HOME,Everyone,House & Home,100000.0,0.0,3.7,1437.0,Free
5979,Zillow: Find Houses for Sale & Apartments for Rent,HOUSE_AND_HOME,Everyone,House & Home,10000000.0,0.0,4.5,417907.0,Free
5980,Zillow: Find Houses for Sale & Apartments for Rent,HOUSE_AND_HOME,Everyone,House & Home,10000000.0,0.0,4.5,417907.0,Free
5981,Zumper - Apartment Rental Finder,HOUSE_AND_HOME,Everyone,House & Home,1000000.0,0.0,4.4,11200.0,Free
5982,Apk Installer,LIBRARIES_AND_DEMO,Everyone,Libraries & Demo,1000000.0,0.0,3.8,7750.0,Free
5983,auto Call Recorder 2018,LIBRARIES_AND_DEMO,Everyone,Libraries & Demo,50000.0,0.0,4.5,929.0,Free
5984,Aviary Effects: Classic,LIBRARIES_AND_DEMO,Everyone,Libraries & Demo,5000000.0,0.0,3.8,67007.0,Free
5985,Aviary Stickers: Free Pack,LIBRARIES_AND_DEMO,Everyone,Libraries & Demo,10000000.0,0.0,3.5,126862.0,Free
5986,Ayyush wih wih new without Net,LIBRARIES_AND_DEMO,Everyone,Libraries & Demo,500000.0,0.0,3.8,912.0,Free
5987,AZ Plugin 2 (newest),LIBRARIES_AND_DEMO,Everyone,Libraries & Demo,1000000.0,0.0,4.2,11087.0,Free
5988,Barcode Scanner,LIBRARIES_AND_DEMO,Everyone,Libraries & Demo,500000.0,0.0,4.2,3945.0,Free
5989,Benefits of olive oil with garlic,LIBRARIES_AND_DEMO,Everyone,Libraries & Demo,10000.0,0.0,,25.0,Free
5990,Best New Ringtones 2018 Free 🔥 For Android™,LIBRARIES_AND_DEMO,Everyone,Libraries & Demo,100000.0,0.0,4.6,3014.0,Free
5991,Binaural Beats Meditation,LIBRARIES_AND_DEMO,Everyone,Libraries & Demo,50000.0,0.0,4.3,411.0,Free
5992,Bird Sounds & Bird Ringtones for Free 2018,LIBRARIES_AND_DEMO,Everyone,Libraries & Demo,10000.0,0.0,4.6,130.0,Free
5993,Blackpink as if it's your last,LIBRARIES_AND_DEMO,Everyone,Libraries & Demo,100000.0,0.0,4.7,831.0,Free
5994,BN Pro Arial Legacy Text,LIBRARIES_AND_DEMO,Everyone,Libraries & Demo,10000.0,0.0,3.7,83.0,Free
5995,BN Pro ArialXL Legacy Text,LIBRARIES_AND_DEMO,Everyone,Libraries & Demo,10000.0,0.0,4.1,142.0,Free
5996,BN Pro ArialXL-b HD Text,LIBRARIES_AND_DEMO,Everyone,Libraries & Demo,1000.0,0.0,4.0,24.0,Free
5997,BN Pro ArialXL-b Neon HD Text,LIBRARIES_AND_DEMO,Everyone,Libraries & Demo,10000.0,0.0,4.1,66.0,Free
5998,BN Pro Battery Level-White,LIBRARIES_AND_DEMO,Everyone,Libraries & Demo,5000.0,0.0,,21.0,Free
5999,BN Pro Black Text,LIBRARIES_AND_DEMO,Everyone,Libraries & Demo,1000.0,0.0,3.8,18.0,Free
6000,BN Pro Black Text on White,LIBRARIES_AND_DEMO,Everyone,Libraries & Demo,10000.0,0.0,3.9,53.0,Free
6001,BN Pro BlueICS HD Text,LIBRARIES_AND_DEMO,Everyone,Libraries & Demo,10000.0,0.0,4.1,174.0,Free
6002,BN Pro BlueICS-b HD Text,LIBRARIES_AND_DEMO,Everyone,Libraries & Demo,10000.0,0.0,4.2,78.0,Free
6003,BN Pro LcdD HD Text,LIBRARIES_AND_DEMO,Everyone,Libraries & Demo,5000.0,0.0,4.0,50.0,Free
6004,BN Pro LcdD Legacy Text,LIBRARIES_AND_DEMO,Everyone,Libraries & Demo,10000.0,0.0,3.9,71.0,Free
6005,BN Pro LcdD-b HD Text,LIBRARIES_AND_DEMO,Everyone,Libraries & Demo,10000.0,0.0,3.9,131.0,Free
6006,BN Pro Percent White HD Text,LIBRARIES_AND_DEMO,Everyone,Libraries & Demo,5000.0,0.0,4.0,45.0,Free
6007,BN Pro PercentXL-b Neon HD Txt,LIBRARIES_AND_DEMO,Everyone,Libraries & Demo,5000.0,0.0,4.0,45.0,Free
6008,BN Pro Play HD Text,LIBRARIES_AND_DEMO,Everyone,Libraries & Demo,5000.0,0.0,4.4,63.0,Free
6009,BN Pro Play-b HD Text,LIBRARIES_AND_DEMO,Everyone,Libraries & Demo,1000.0,0.0,4.4,34.0,Free
6010,BN Pro Roboto-b Neon HD Text,LIBRARIES_AND_DEMO,Everyone,Libraries & Demo,5000.0,0.0,4.4,30.0,Free
6011,BN Pro RobotoXL HD Text,LIBRARIES_AND_DEMO,Everyone,Libraries & Demo,1000.0,0.0,4.3,15.0,Free
6012,BN Pro RobotoXL-b HD Text,LIBRARIES_AND_DEMO,Everyone,Libraries & Demo,10000.0,0.0,4.2,86.0,Free
6013,BN Pro Solid Battery-White,LIBRARIES_AND_DEMO,Everyone,Libraries & Demo,1000.0,0.0,3.6,7.0,Free
6014,BN Pro White HD Text,LIBRARIES_AND_DEMO,Everyone,Libraries & Demo,10000.0,0.0,4.1,120.0,Free
6015,BN Pro White Text,LIBRARIES_AND_DEMO,Everyone,Libraries & Demo,5000.0,0.0,4.4,50.0,Free
6016,BT (Usage Interne),LIBRARIES_AND_DEMO,Everyone,Libraries & Demo,100.0,0.0,,3.0,Free
6017,Call Recorder,LIBRARIES_AND_DEMO,Everyone,Libraries & Demo,1000.0,0.0,4.7,48.0,Free
6018,Cardboard,LIBRARIES_AND_DEMO,Everyone,Libraries & Demo,10000000.0,0.0,4.2,130272.0,Free
6019,Cardboard,LIBRARIES_AND_DEMO,Everyone,Libraries & Demo,10000000.0,0.0,4.2,130287.0,Free
6020,CD Music,LIBRARIES_AND_DEMO,Everyone,Libraries & Demo,100.0,0.0,,1.0,Free
6021,CE-SETRAM l’Appli,LIBRARIES_AND_DEMO,Everyone,Libraries & Demo,100.0,0.0,,0.0,Free
6022,Chakra Cleansing,LIBRARIES_AND_DEMO,Everyone,Libraries & Demo,50000.0,0.0,4.6,539.0,Free
6023,chicken song,LIBRARIES_AND_DEMO,Everyone,Libraries & Demo,100000.0,0.0,4.3,434.0,Free
6024,Cold Spirits,LIBRARIES_AND_DEMO,Everyone,Libraries & Demo,100000.0,0.0,,363.0,Free
6025,converter video to mp3,LIBRARIES_AND_DEMO,Everyone,Libraries & Demo,100000.0,0.0,4.4,783.0,Free
6026,Cool Popular Ringtones 2018 🔥,LIBRARIES_AND_DEMO,Everyone,Libraries & Demo,1000000.0,0.0,4.5,60170.0,Free
6027,db.Mobil App,LIBRARIES_AND_DEMO,Everyone,Libraries & Demo,5000.0,0.0,4.5,23.0,Free
6028,eBiblio,LIBRARIES_AND_DEMO,Everyone,Libraries & Demo,50000.0,0.0,3.4,2907.0,Free
6029,ES Chromecast plugin,LIBRARIES_AND_DEMO,Everyone,Libraries & Demo,1000000.0,0.0,4.2,23859.0,Free
6030,Essential Resources,LIBRARIES_AND_DEMO,Everyone,Libraries & Demo,50000.0,0.0,4.6,237.0,Free
6031,Eternal life,LIBRARIES_AND_DEMO,Everyone,Libraries & Demo,1000.0,0.0,5.0,26.0,Free
6032,EU CBRNE Glossary,LIBRARIES_AND_DEMO,Everyone,Libraries & Demo,500.0,0.0,,3.0,Free
6033,EyeCloud,LIBRARIES_AND_DEMO,Everyone,Libraries & Demo,100000.0,0.0,3.1,1267.0,Free
6034,FD VR - Virtual App Launcher,LIBRARIES_AND_DEMO,Everyone,Libraries & Demo,100000.0,0.0,4.1,1463.0,Free
6035,General culture,LIBRARIES_AND_DEMO,Everyone,Libraries & Demo,10000.0,0.0,,26.0,Free
6036,Girls Nancy Ajram Without Net,LIBRARIES_AND_DEMO,Everyone,Libraries & Demo,500000.0,0.0,4.7,2639.0,Free
6037,How to sew & make the easiest pattern,LIBRARIES_AND_DEMO,Everyone,Libraries & Demo,10000.0,0.0,,110.0,Free
6038,I will return his eggs,LIBRARIES_AND_DEMO,Everyone,Libraries & Demo,100000.0,0.0,,91.0,Free
6039,Lamp detector,LIBRARIES_AND_DEMO,Everyone,Libraries & Demo,1000.0,0.0,,5.0,Free
6040,Luffs,LIBRARIES_AND_DEMO,Everyone,Libraries & Demo,100000.0,0.0,,487.0,Free
6041,Mama Lala 's song,LIBRARIES_AND_DEMO,Everyone,Libraries & Demo,50000.0,0.0,,102.0,Free
6042,Market Update Helper,LIBRARIES_AND_DEMO,Everyone,Libraries & Demo,1000000.0,0.0,4.1,20145.0,Free
6043,Mizanul-Hikmət 2-ci cild,LIBRARIES_AND_DEMO,Everyone,Libraries & Demo,1000.0,0.0,,16.0,Free
6044,MOMOLAND BBoom BBoom,LIBRARIES_AND_DEMO,Everyone,Libraries & Demo,100000.0,0.0,4.6,2580.0,Free
6045,MX Player Codec (ARMv7),LIBRARIES_AND_DEMO,Everyone,Libraries & Demo,10000000.0,0.0,4.3,332083.0,Free
6046,New Ringtones 2018,LIBRARIES_AND_DEMO,Everyone,Libraries & Demo,1000000.0,0.0,4.1,3781.0,Free
6047,Nur təfsiri 1-ci cild,LIBRARIES_AND_DEMO,Everyone,Libraries & Demo,1000.0,0.0,5.0,15.0,Free
6048,OpenCV Manager,LIBRARIES_AND_DEMO,Everyone,Libraries & Demo,1000000.0,0.0,3.7,12657.0,Free
6049,Patience Words,LIBRARIES_AND_DEMO,Everyone,Libraries & Demo,10000.0,0.0,,31.0,Free
6050,Pink Water Sakura Keyboard Theme,LIBRARIES_AND_DEMO,Everyone,Libraries & Demo,100000.0,0.0,4.3,1465.0,Free
6051,Platincoin Wallet - PLC Group AG,LIBRARIES_AND_DEMO,Everyone,Libraries & Demo,10000.0,0.0,4.3,375.0,Free
6052,Public Digital Library,LIBRARIES_AND_DEMO,Everyone,Libraries & Demo,50000.0,0.0,3.9,2087.0,Free
6053,Quotes,LIBRARIES_AND_DEMO,Everyone,Libraries & Demo,10000.0,0.0,4.4,58.0,Free
6054,R M Lock Screen,LIBRARIES_AND_DEMO,Everyone,Libraries & Demo,100000.0,0.0,4.5,399.0,Free
6055,Sad hair without net,LIBRARIES_AND_DEMO,Everyone,Libraries & Demo,5000.0,0.0,,20.0,Free
6056,SAMSUNG RETAILMODE 2018,LIBRARIES_AND_DEMO,Everyone,Libraries & Demo,10000.0,0.0,4.3,6.0,Free
6057,Socle Commun BO du 23-04-2015,LIBRARIES_AND_DEMO,Everyone,Libraries & Demo,100.0,0.99,,4.0,Paid
6058,SUDOKU,LIBRARIES_AND_DEMO,Everyone,Libraries & Demo,100000.0,0.0,4.1,923.0,Free
6059,Super Funny Ringtones 2018 🔔,LIBRARIES_AND_DEMO,Everyone,Libraries & Demo,100000.0,0.0,4.5,1703.0,Free
6060,Supply Travis-CI POC,LIBRARIES_AND_DEMO,Everyone,Libraries & Demo,10.0,0.0,,0.0,Free
6061,Top Popular Ringtones 2018 Free 🔥,LIBRARIES_AND_DEMO,Everyone,Libraries & Demo,500000.0,0.0,4.4,7396.0,Free
6062,V380s,LIBRARIES_AND_DEMO,Everyone,Libraries & Demo,500000.0,0.0,3.2,1919.0,Free
6063,Wifi Connect Library,LIBRARIES_AND_DEMO,Everyone,Libraries & Demo,5000000.0,0.0,3.9,58055.0,Free
6064,Wifi Test,LIBRARIES_AND_DEMO,Everyone,Libraries & Demo,1000000.0,0.0,4.0,8671.0,Free
6065,Words (188 Category),LIBRARIES_AND_DEMO,Everyone,Libraries & Demo,10000.0,0.0,,54.0,Free
6066,Young Speeches,LIBRARIES_AND_DEMO,Everyone,Libraries & Demo,500000.0,0.0,,2221.0,Free
6067,"100000+ Messages - DP, Status, Jokes & GIF 2018",LIFESTYLE,Mature 17+,Lifestyle,10000.0,0.0,3.7,121.0,Free
6068,12 Step Meditations & Sober Prayers AA NA AL-ANON,LIFESTYLE,Everyone 10+,Lifestyle,50000.0,0.0,4.7,759.0,Free
6069,7 Day Food Journal Challenge,LIFESTYLE,Teen,Lifestyle,100000.0,0.0,4.5,3346.0,Free
6070,A.J. Green Wallpapers 4 Fans,LIFESTYLE,Everyone,Lifestyle,5.0,0.0,,0.0,Free
6071,သိင်္ Astrology - Min Thein Kha BayDin,LIFESTYLE,Everyone,Lifestyle,100000.0,0.0,4.7,2225.0,Free
6072,A41 WatchFace for Android Wear Smart Watch,LIFESTYLE,Everyone,Lifestyle,5000.0,0.99,4.5,231.0,Paid
6073,AC DC Power Monitor,LIFESTYLE,Everyone,Lifestyle,10.0,3.04,5.0,1.0,Paid
6074,Access Point Finder,LIFESTYLE,Everyone,Lifestyle,10000.0,0.0,4.0,22.0,Free
6075,AJ and Alyssa,LIFESTYLE,Everyone,Lifestyle,100.0,0.0,,0.0,Free
6076,AJ Men's Grooming,LIFESTYLE,Everyone,Lifestyle,100.0,0.0,5.0,2.0,Free
6077,Alachua County Sheriff FL,LIFESTYLE,Everyone,Lifestyle,100.0,0.0,3.2,5.0,Free
6078,Alarm Clock Plus★,LIFESTYLE,Everyone,Lifestyle,5000000.0,0.0,4.4,155693.0,Free
6079,Alarmy (Sleep If U Can) - Pro,LIFESTYLE,Everyone,Lifestyle,10000.0,2.49,4.8,10249.0,Paid
6080,All Type Ac Repair & Services,LIFESTYLE,Everyone,Lifestyle,10000.0,0.0,4.3,45.0,Free
6081,Al-Moazin Lite (Prayer Times),LIFESTYLE,Everyone,Lifestyle,10000000.0,0.0,4.6,284670.0,Free
6082,Anime Avatar Creator: Make Your Own Avatar,LIFESTYLE,Everyone,Lifestyle,1000000.0,0.0,4.2,10944.0,Free
6083,App for Craigslist Pro - Buy & Sell Postings,LIFESTYLE,Everyone,Lifestyle,100000.0,0.0,4.3,707.0,Free
6084,Aproveita DF,LIFESTYLE,Everyone,Lifestyle,1.0,0.0,,0.0,Free
6085,Aquarium Co-Op Podcast,LIFESTYLE,Everyone,Lifestyle,1000.0,0.0,4.9,206.0,Free
6086,Armani Exchange Connected,LIFESTYLE,Everyone,Lifestyle,10000.0,0.0,4.1,305.0,Free
6087,Arrayanes EC,LIFESTYLE,Everyone,Lifestyle,100.0,0.0,,2.0,Free
6088,AT&T Digital Life,LIFESTYLE,Everyone,Lifestyle,1000000.0,0.0,4.1,10067.0,Free
6089,AT&T Smart Limits℠,LIFESTYLE,Everyone,Lifestyle,10000000.0,0.0,3.8,2300.0,Free
6090,Au Pair Legend,LIFESTYLE,Everyone,Lifestyle,1000.0,0.0,4.4,28.0,Free
6091,Au Rubis les bijoutiers,LIFESTYLE,Everyone,Lifestyle,100.0,0.0,,0.0,Free
6092,autoricardo.ch – vehicles,LIFESTYLE,Everyone,Lifestyle,100000.0,0.0,3.3,1045.0,Free
6093,AV MAX,LIFESTYLE,Everyone,Lifestyle,1000.0,0.0,4.1,9.0,Free
6094,AX Selfie,LIFESTYLE,Everyone,Lifestyle,500.0,0.0,4.6,10.0,Free
6095,AX!OM,LIFESTYLE,Everyone,Lifestyle,50.0,0.0,,5.0,Free
6096,Ay Telekom Oim,LIFESTYLE,Everyone,Lifestyle,100.0,0.0,,6.0,Free
6097,Ba Zi Fortune,LIFESTYLE,Everyone,Lifestyle,100000.0,0.0,3.9,592.0,Free
6098,Büfe BU,LIFESTYLE,Everyone,Lifestyle,100.0,0.0,4.1,14.0,Free
6099,Band O'Clock,LIFESTYLE,Everyone,Lifestyle,100000.0,0.0,3.8,1140.0,Free
6100,Bangla Calendar 1425: (EN-BN-AR) Holiday,LIFESTYLE,Everyone,Lifestyle,1000.0,0.0,4.5,31.0,Free
6101,Bar BQ Tonight Dublin,LIFESTYLE,Everyone,Lifestyle,50.0,0.0,,0.0,Free
6102,Barbers.BH,LIFESTYLE,Everyone,Lifestyle,10.0,0.0,5.0,2.0,Free
6103,Barista Coffee Dictionary A-Z,LIFESTYLE,Everyone,Lifestyle,10000.0,0.0,4.3,127.0,Free
6104,BC Liquor Stores,LIFESTYLE,Everyone,Lifestyle,50000.0,0.0,3.7,492.0,Free
6105,BC Mobile Intro - Americas,LIFESTYLE,Everyone,Lifestyle,50.0,0.0,,0.0,Free
6106,BC Pizza,LIFESTYLE,Everyone,Lifestyle,500.0,0.0,2.3,3.0,Free
6107,BC's Pizza,LIFESTYLE,Everyone,Lifestyle,1000.0,0.0,4.7,113.0,Free
6108,bd's Mongolian Grill,LIFESTYLE,Everyone,Lifestyle,10000.0,0.0,4.2,120.0,Free
6109,B-Dubs®,LIFESTYLE,Everyone,Lifestyle,500000.0,0.0,3.1,3042.0,Free
6110,Be My Eyes - Helping the blind,LIFESTYLE,Everyone,Lifestyle,500000.0,0.0,4.9,8418.0,Free
6111,Be U Salons Hair-Beauty Deals In Delhi & Bangalore,LIFESTYLE,Everyone,Lifestyle,100000.0,0.0,4.0,889.0,Free
6112,"Beacon Baptist Jupiter, FL",LIFESTYLE,Everyone,Lifestyle,100.0,0.0,5.0,14.0,Free
6113,Beautiful Design Birthday Cake,LIFESTYLE,Everyone,Lifestyle,500000.0,0.0,4.3,665.0,Free
6114,Bed Time Fan - White Noise Sleep Sounds,LIFESTYLE,Everyone,Lifestyle,500000.0,0.0,4.5,10097.0,Free
6115,Bee.Bo,LIFESTYLE,Everyone,Lifestyle,1000.0,0.0,,11.0,Free
6116,Been Together (Ad) - D-day,LIFESTYLE,Everyone,Lifestyle,10000000.0,0.0,4.4,95736.0,Free
6117,Bell and Wyson Camera BW Pix +,LIFESTYLE,Everyone,Lifestyle,1000.0,0.0,2.0,8.0,Free
6118,Best Blood Type AB: Food Diet & Personality,LIFESTYLE,Everyone,Lifestyle,1000.0,0.0,,3.0,Free
6119,Best Design CD Ideas,LIFESTYLE,Everyone,Lifestyle,10.0,0.0,,0.0,Free
6120,BG BRIDAL GALLERY,LIFESTYLE,Everyone,Lifestyle,1000.0,0.0,4.6,17.0,Free
6121,B'H BURGER HEIM,LIFESTYLE,Everyone,Lifestyle,10.0,0.0,,0.0,Free
6122,Big Days - Events Countdown,LIFESTYLE,Everyone,Lifestyle,1000000.0,0.0,4.6,39724.0,Free
6123,BI-LO,LIFESTYLE,Everyone,Lifestyle,10000.0,0.0,3.5,43.0,Free
6124,BI-LO Rx,LIFESTYLE,Everyone,Lifestyle,10000.0,0.0,3.9,77.0,Free
6125,BK Murli Offline April 2017,LIFESTYLE,Everyone,Lifestyle,5000.0,0.0,4.8,33.0,Free
6126,BK Shivani Videos,LIFESTYLE,Everyone,Lifestyle,1000.0,0.0,4.7,29.0,Free
6127,BK Suraj bhai,LIFESTYLE,Everyone,Lifestyle,1000.0,0.0,4.6,9.0,Free
6128,Bk Usha behn,LIFESTYLE,Everyone,Lifestyle,1000.0,0.0,5.0,10.0,Free
6129,"Black Wallpaper, AMOLED, Dark Background: Darkify",LIFESTYLE,Everyone,Lifestyle,5000000.0,0.0,4.6,51357.0,Free
6130,bm offers,LIFESTYLE,Everyone,Lifestyle,50000.0,0.0,3.2,320.0,Free
6131,BMH-BJ Congregation,LIFESTYLE,Everyone,Lifestyle,10.0,0.0,,0.0,Free
6132,BN PERKS™,LIFESTYLE,Everyone,Lifestyle,100.0,0.0,,0.0,Free
6133,Board Game Stats: Play tracking for tabletop games,LIFESTYLE,Everyone,Lifestyle,5000.0,2.99,4.6,275.0,Paid
6134,Book of AK-47,LIFESTYLE,Everyone,Lifestyle,500.0,0.0,3.8,6.0,Free
6135,BP and Sugar Test Prank,LIFESTYLE,Everyone,Lifestyle,1000000.0,0.0,4.0,7808.0,Free
6136,BP Log lite,LIFESTYLE,Everyone,Lifestyle,100.0,0.0,5.0,3.0,Free
6137,bp Magazine for Bipolar,LIFESTYLE,Everyone 10+,Lifestyle,1000.0,0.0,1.8,5.0,Free
6138,BR,LIFESTYLE,Everyone,Lifestyle,100000.0,0.0,3.0,859.0,Free
6139,Breweries (CZ/SK),LIFESTYLE,Teen,Lifestyle,50000.0,0.0,4.4,1740.0,Free
6140,Brit + Co,LIFESTYLE,Everyone,Lifestyle,10000.0,0.0,3.9,987.0,Free
6141,Brit + Co,LIFESTYLE,Everyone,Lifestyle,10000.0,0.0,3.9,987.0,Free
6142,BT Church,LIFESTYLE,Teen,Lifestyle,1000.0,0.0,4.9,26.0,Free
6143,Burger King Italia,LIFESTYLE,Everyone,Lifestyle,500000.0,0.0,4.0,4160.0,Free
6144,BURGER KING® App,LIFESTYLE,Everyone,Lifestyle,5000000.0,0.0,4.0,41747.0,Free
6145,BURGER KING® MOBILE APP,LIFESTYLE,Everyone,Lifestyle,5000000.0,0.0,3.8,19221.0,Free
6146,BW App,LIFESTYLE,Everyone,Lifestyle,5000.0,0.0,2.8,48.0,Free
6147,C by GE,LIFESTYLE,Everyone,Lifestyle,10000.0,0.0,1.7,686.0,Free
6148,C.S. Lewis Daily Quotes,LIFESTYLE,Everyone,Lifestyle,10000.0,0.0,4.1,75.0,Free
6149,CA Speakers,LIFESTYLE,Teen,Lifestyle,100.0,0.99,5.0,12.0,Paid
6150,CA Speakers Free,LIFESTYLE,Teen,Lifestyle,5000.0,0.0,4.8,74.0,Free
6151,Caf - My Account,LIFESTYLE,Everyone,Lifestyle,5000000.0,0.0,3.9,18961.0,Free
6152,Calvary.ch App,LIFESTYLE,Teen,Lifestyle,500.0,0.0,4.4,10.0,Free
6153,Candy simply-Fi,LIFESTYLE,Everyone,Lifestyle,100000.0,0.0,2.1,2390.0,Free
6154,CAPTCHA Pack for Sleep as Android,LIFESTYLE,Everyone,Lifestyle,50000.0,0.0,4.0,448.0,Free
6155,CB Underground,LIFESTYLE,Everyone,Lifestyle,500.0,0.0,3.3,3.0,Free
6156,CD Live - Club del Deportista,LIFESTYLE,Everyone,Lifestyle,500.0,0.0,,8.0,Free
6157,CE Airbus,LIFESTYLE,Everyone,Lifestyle,100.0,0.0,,0.0,Free
6158,CE AR LOG,LIFESTYLE,Everyone,Lifestyle,1.0,0.0,,0.0,Free
6159,CE BF,LIFESTYLE,Everyone,Lifestyle,50.0,0.0,,0.0,Free
6160,CE KISIO,LIFESTYLE,Everyone,Lifestyle,100.0,0.0,,1.0,Free
6161,CF Appreciation,LIFESTYLE,Everyone,Lifestyle,1000.0,0.0,2.0,11.0,Free
6162,CF Calculator,LIFESTYLE,Everyone,Lifestyle,1000.0,0.0,3.3,25.0,Free
6163,CF Climb,LIFESTYLE,Everyone,Lifestyle,100.0,0.0,1.5,2.0,Free
6164,CF SHOP!,LIFESTYLE,Everyone,Lifestyle,10000.0,0.0,2.8,88.0,Free
6165,Chart - Myanmar Keyboard,LIFESTYLE,Everyone,Lifestyle,5000000.0,0.0,4.4,39364.0,Free
6166,Chictopia,LIFESTYLE,Everyone,Lifestyle,10000.0,0.0,4.1,360.0,Free
6167,Chictopia,LIFESTYLE,Everyone,Lifestyle,10000.0,0.0,4.1,360.0,Free
6168,CI Staff App,LIFESTYLE,Everyone,Lifestyle,10.0,0.0,,0.0,Free
6169,CK 初一 十五,LIFESTYLE,Everyone,Lifestyle,10000.0,0.0,4.0,294.0,Free
6170,Ck Coif,LIFESTYLE,Everyone,Lifestyle,10.0,0.0,,0.0,Free
6171,CL Pebble Apps,LIFESTYLE,Everyone,Lifestyle,5000.0,0.0,3.6,67.0,Free
6172,Co-Dependents Anonymous,LIFESTYLE,Everyone,Lifestyle,500.0,0.0,,0.0,Free
6173,Color CL,LIFESTYLE,Everyone,Lifestyle,100.0,0.0,5.0,2.0,Free
6174,Community by C Space,LIFESTYLE,Everyone,Lifestyle,5000.0,0.0,4.7,707.0,Free
6175,Company Kitchen,LIFESTYLE,Everyone,Lifestyle,10000.0,0.0,2.8,81.0,Free
6176,Comunidad De Fe Minitries,LIFESTYLE,Everyone,Lifestyle,500.0,0.0,5.0,19.0,Free
6177,Cook'n Recipe App,LIFESTYLE,Everyone,Lifestyle,10000.0,0.0,3.4,552.0,Free
6178,Co-op CRS,LIFESTYLE,Everyone,Lifestyle,100000.0,0.0,3.6,581.0,Free
6179,CP Clicker,LIFESTYLE,Everyone,Lifestyle,10000.0,0.0,4.2,251.0,Free
6180,CP HAPPS - Pittsburgh Events,LIFESTYLE,Teen,Lifestyle,5000.0,0.0,3.8,85.0,Free
6181,CP Parquet,LIFESTYLE,Everyone,Lifestyle,100.0,0.0,,2.0,Free
6182,CP Surprise,LIFESTYLE,Everyone,Lifestyle,100000.0,0.0,3.8,2548.0,Free
6183,CPlus for Craigslist - Officially Licensed,LIFESTYLE,Mature 17+,Lifestyle,1000000.0,0.0,4.5,8096.0,Free
6184,Creative CD Letter Holder,LIFESTYLE,Everyone,Lifestyle,10.0,0.0,,0.0,Free
6185,Creative Ideas - DIY & Craft,LIFESTYLE,Teen,Lifestyle,100000.0,0.0,4.0,5208.0,Free
6186,Culver's,LIFESTYLE,Everyone,Lifestyle,100000.0,0.0,3.9,1638.0,Free
6187,Cute Questions BF,LIFESTYLE,Everyone,Lifestyle,1000.0,0.0,4.0,3.0,Free
6188,CX-41,LIFESTYLE,Everyone,Lifestyle,100.0,0.0,,1.0,Free
6189,CX-95WIFI,LIFESTYLE,Everyone,Lifestyle,500.0,0.0,,6.0,Free
6190,Cy-Fair Christian Church,LIFESTYLE,Everyone,Lifestyle,100.0,0.0,5.0,2.0,Free
6191,CZ-USA,LIFESTYLE,Everyone,Lifestyle,1000.0,0.0,4.5,11.0,Free
6192,Daily Horoscope,LIFESTYLE,Everyone,Lifestyle,10000000.0,0.0,4.7,407589.0,Free
6193,DAILY: Free Classifieds App for Android,LIFESTYLE,Mature 17+,Lifestyle,500000.0,0.0,4.1,5025.0,Free
6194,DB HOME,LIFESTYLE,Everyone,Lifestyle,100.0,0.0,5.0,5.0,Free
6195,Design innovation CD Cassette,LIFESTYLE,Everyone,Lifestyle,500.0,0.0,,5.0,Free
6196,DG Hair,LIFESTYLE,Everyone,Lifestyle,10.0,0.0,,0.0,Free
6197,DH Mariage,LIFESTYLE,Everyone,Lifestyle,50.0,0.0,,0.0,Free
6198,D-H Pharmacy,LIFESTYLE,Everyone,Lifestyle,1000.0,0.0,5.0,6.0,Free
6199,Diary with lock,LIFESTYLE,Everyone,Lifestyle,10000000.0,0.0,4.6,815893.0,Free
6200,Diary with lock,LIFESTYLE,Everyone,Lifestyle,10000000.0,0.0,4.6,815280.0,Free
6201,Diary with lock password,LIFESTYLE,Everyone,Lifestyle,5000000.0,0.0,4.3,179139.0,Free
6202,"Digital Clock : Simple, Tiny, Ad-free Desk Clock.",LIFESTYLE,Everyone,Lifestyle,50000.0,0.0,4.4,317.0,Free
6203,Discovery Church Florida,LIFESTYLE,Teen,Lifestyle,1000.0,0.0,4.7,40.0,Free
6204,DIY CD Craft Ideas,LIFESTYLE,Everyone,Lifestyle,1000.0,0.0,4.4,5.0,Free
6205,DIY cd rom ideas,LIFESTYLE,Everyone,Lifestyle,500.0,0.0,,5.0,Free
6206,DIY Crafts Cds,LIFESTYLE,Everyone,Lifestyle,50000.0,0.0,4.0,209.0,Free
6207,DIY Garden Ideas,LIFESTYLE,Everyone,Lifestyle,500000.0,0.0,4.1,3309.0,Free
6208,DIY Recycled CD Wall Art,LIFESTYLE,Everyone,Lifestyle,1000.0,0.0,,3.0,Free
6209,DK Childcare Centers,LIFESTYLE,Everyone,Lifestyle,500.0,0.0,,0.0,Free
6210,DK Hair Design,LIFESTYLE,Everyone,Lifestyle,10.0,0.0,,0.0,Free
6211,Dollhouse Decorating Games,LIFESTYLE,Teen,Lifestyle,5000000.0,0.0,4.1,18968.0,Free
6212,DP and Status Images | All Latest Status 2018,LIFESTYLE,Teen,Lifestyle,10000.0,0.0,4.7,25.0,Free
6213,Dr Bk Sachin bhai,LIFESTYLE,Everyone,Lifestyle,1000.0,0.0,5.0,19.0,Free
6214,Dr D K Olukoya,LIFESTYLE,Teen,Lifestyle,1.0,0.0,,0.0,Free
6215,Dr. D.K. Olukoya Sermons,LIFESTYLE,Everyone,Lifestyle,100.0,0.0,,1.0,Free
6216,DREAM-e: Dream Analysis A.I.,LIFESTYLE,Everyone,Lifestyle,10000.0,0.0,3.8,89.0,Free
6217,DT,LIFESTYLE,Everyone,Lifestyle,100.0,0.0,,0.0,Free
6218,du app,LIFESTYLE,Everyone,Lifestyle,1000000.0,0.0,3.5,7578.0,Free
6219,DV Youth,LIFESTYLE,Everyone,Lifestyle,100.0,0.0,5.0,5.0,Free
6220,DX Alerts,LIFESTYLE,Everyone,Lifestyle,1000.0,0.0,4.5,22.0,Free
6221,dy n fly,LIFESTYLE,Everyone,Lifestyle,50.0,0.0,,1.0,Free
6222,I'm rich,LIFESTYLE,Everyone,Lifestyle,10000.0,399.99,3.8,718.0,Paid
6223,E2CR CL,LIFESTYLE,Everyone,Lifestyle,10.0,0.0,,0.0,Free
6224,Easy Hair Style Design,LIFESTYLE,Everyone,Lifestyle,100000.0,0.0,4.3,601.0,Free
6225,Easy Makeup Tutorials,LIFESTYLE,Everyone,Lifestyle,1000000.0,0.0,4.3,7287.0,Free
6226,Eat'n Park,LIFESTYLE,Everyone,Lifestyle,50000.0,0.0,3.5,292.0,Free
6227,EB Experience,LIFESTYLE,Everyone,Lifestyle,1.0,0.0,,0.0,Free
6228,EC Security,LIFESTYLE,Everyone,Lifestyle,1000.0,0.0,4.5,13.0,Free
6229,ec.tv,LIFESTYLE,Everyone,Lifestyle,50.0,0.0,,0.0,Free
6230,ECナビ×シュフー,LIFESTYLE,Everyone,Lifestyle,50000.0,0.0,4.0,576.0,Free
6231,EG India,LIFESTYLE,Everyone,Lifestyle,100.0,0.0,5.0,3.0,Free
6232,EH!,LIFESTYLE,Everyone,Lifestyle,1000.0,0.0,4.6,10.0,Free
6233,EJ Ecuador,LIFESTYLE,Teen,Lifestyle,100.0,0.0,,9.0,Free
6234,Ek Onkar Mantras,LIFESTYLE,Everyone,Lifestyle,5000.0,0.0,4.9,82.0,Free
6235,EK Platinum,LIFESTYLE,Everyone,Lifestyle,10000.0,0.0,3.8,52.0,Free
6236,Elim AG,LIFESTYLE,Everyone,Lifestyle,100.0,0.0,,7.0,Free
6237,Emerge EV App (eBike App),LIFESTYLE,Everyone,Lifestyle,1000.0,0.0,3.0,26.0,Free
6238,Entel,LIFESTYLE,Everyone,Lifestyle,1000000.0,0.0,3.2,16168.0,Free
6239,EO Bijbel Open,LIFESTYLE,Everyone,Lifestyle,10000.0,0.0,4.3,102.0,Free
6240,EO LAC,LIFESTYLE,Everyone,Lifestyle,10.0,0.0,,0.0,Free
6241,EP Church Annapolis,LIFESTYLE,Everyone,Lifestyle,100.0,0.0,5.0,2.0,Free
6242,EP Horlogerie,LIFESTYLE,Everyone,Lifestyle,1000.0,0.0,4.9,18.0,Free
6243,EP Joaillerie,LIFESTYLE,Teen,Lifestyle,5000.0,0.0,,54.0,Free
6244,ER,LIFESTYLE,Everyone,Lifestyle,500.0,0.0,,2.0,Free
6245,Etta Homes,LIFESTYLE,Everyone,Lifestyle,50000.0,0.0,4.2,220.0,Free
6246,EU Exit poll,LIFESTYLE,Everyone,Lifestyle,100.0,0.0,5.0,10.0,Free
6247,Ev Dizayn,LIFESTYLE,Everyone,Lifestyle,5000.0,0.0,3.6,30.0,Free
6248,EV Real Estate Search,LIFESTYLE,Everyone,Lifestyle,5000.0,0.0,4.1,88.0,Free
6249,EvAk Smart Home,LIFESTYLE,Everyone,Lifestyle,500.0,0.0,,14.0,Free
6250,Ex Quotes,LIFESTYLE,Everyone 10+,Lifestyle,50000.0,0.0,4.4,129.0,Free
6251,EY Staff ENTERTAINER,LIFESTYLE,Everyone,Lifestyle,10000.0,0.0,4.3,218.0,Free
6252,F N Bail Bonds,LIFESTYLE,Everyone,Lifestyle,500.0,0.0,3.8,4.0,Free
6253,Family convenience store FamilyMart,LIFESTYLE,Everyone,Lifestyle,1000000.0,0.0,3.3,9663.0,Free
6254,Family Locator - GPS Tracker,LIFESTYLE,Everyone,Lifestyle,10000000.0,0.0,4.4,726074.0,Free
6255,Fashion in Vogue,LIFESTYLE,Everyone,Lifestyle,100000.0,0.0,3.8,1797.0,Free
6256,Fashion in Vogue,LIFESTYLE,Everyone,Lifestyle,100000.0,0.0,3.8,1797.0,Free
6257,Fashion in Vogue,LIFESTYLE,Everyone,Lifestyle,100000.0,0.0,3.8,1797.0,Free
6258,f'east,LIFESTYLE,Everyone,Lifestyle,5000.0,0.0,3.8,38.0,Free
6259,Fish|Hunt FL,LIFESTYLE,Everyone,Lifestyle,100000.0,0.0,3.6,853.0,Free
6260,Fossil Q,LIFESTYLE,Everyone,Lifestyle,500000.0,0.0,2.9,6627.0,Free
6261,Fossil Q Legacy,LIFESTYLE,Everyone,Lifestyle,50000.0,0.0,2.6,680.0,Free
6262,FOSSIL Q: DESIGN YOUR DIAL,LIFESTYLE,Everyone,Lifestyle,500000.0,0.0,4.3,985.0,Free
6263,FQ India,LIFESTYLE,Everyone,Lifestyle,10.0,0.0,,0.0,Free
6264,FQ Magazine,LIFESTYLE,Everyone,Lifestyle,100.0,0.0,,1.0,Free
6265,Free Coupons for Burger King,LIFESTYLE,Everyone,Lifestyle,5000.0,0.0,2.8,17.0,Free
6266,Freedom Christian BF,LIFESTYLE,Everyone,Lifestyle,10.0,0.0,,0.0,Free
6267,Fuel Rewards® program,LIFESTYLE,Everyone,Lifestyle,1000000.0,0.0,4.6,32433.0,Free
6268,Gainesville Florida Police Department,LIFESTYLE,Everyone,Lifestyle,500.0,0.0,4.8,4.0,Free
6269,Galaxy Gift,LIFESTYLE,Everyone,Lifestyle,10000000.0,0.0,4.4,95557.0,Free
6270,GastroHunter.EU,LIFESTYLE,Everyone,Lifestyle,10.0,0.0,,1.0,Free
6271,G-Homa,LIFESTYLE,Everyone,Lifestyle,50000.0,0.0,3.1,777.0,Free
6272,Girly Wallpapers Backgrounds,LIFESTYLE,Everyone,Lifestyle,1000000.0,0.0,4.4,13565.0,Free
6273,GKPB FP Online Church,LIFESTYLE,Everyone,Lifestyle,1000.0,0.0,5.0,32.0,Free
6274,Graffiti Letters (A-Z),LIFESTYLE,Everyone,Lifestyle,50000.0,0.0,3.9,386.0,Free
6275,G-SHOCK Connected,LIFESTYLE,Everyone,Lifestyle,50000.0,0.0,3.0,543.0,Free
6276,G-SHOCK+,LIFESTYLE,Everyone,Lifestyle,100000.0,0.0,3.0,4710.0,Free
6277,H Pack,LIFESTYLE,Everyone,Lifestyle,1000000.0,0.0,4.3,9412.0,Free
6278,H&M,LIFESTYLE,Everyone,Lifestyle,10000000.0,0.0,3.7,41941.0,Free
6279,H&M,LIFESTYLE,Everyone,Lifestyle,10000000.0,0.0,3.7,41917.0,Free
6280,H*nest Meditation,LIFESTYLE,Mature 17+,Lifestyle,5000.0,1.99,4.9,145.0,Paid
6281,happn – Local dating app,LIFESTYLE,Mature 17+,Lifestyle,10000000.0,0.0,4.3,1118201.0,Free
6282,Helping BD,LIFESTYLE,Everyone,Lifestyle,100.0,0.0,5.0,15.0,Free
6283,Holl & Co Barbers,LIFESTYLE,Everyone,Lifestyle,500.0,0.0,4.7,12.0,Free
6284,Holy Quran Mehmet Emin Ay,LIFESTYLE,Everyone,Lifestyle,10000.0,0.0,,649.0,Free
6285,Home Scouting® MLS Mobile,LIFESTYLE,Everyone,Lifestyle,100000.0,0.0,4.3,1533.0,Free
6286,Homestyler Interior Design & Decorating Ideas,LIFESTYLE,Everyone,Lifestyle,5000000.0,0.0,4.1,78298.0,Free
6287,Horoscopes – Daily Zodiac Horoscope and Astrology,LIFESTYLE,Everyone 10+,Lifestyle,10000000.0,0.0,4.6,161143.0,Free
6288,Houlihan Lawrence,LIFESTYLE,Everyone,Lifestyle,5000.0,0.0,4.4,33.0,Free
6289,Housing-Real Estate & Property,LIFESTYLE,Everyone,Lifestyle,1000000.0,0.0,4.1,28301.0,Free
6290,How To Get Your Ex Back Fast,LIFESTYLE,Everyone,Lifestyle,5000.0,0.0,4.0,22.0,Free
6291,HTC Speak,LIFESTYLE,Everyone,Lifestyle,10000000.0,0.0,3.5,6145.0,Free
6292,I am extremely Rich,LIFESTYLE,Everyone,Lifestyle,1000.0,379.99,2.9,41.0,Paid
6293,I am Millionaire - Richest guy in the town,LIFESTYLE,Everyone,Lifestyle,5000.0,2.49,3.6,126.0,Paid
6294,I am rich,LIFESTYLE,Everyone,Lifestyle,100000.0,399.99,3.8,3547.0,Paid
6295,I am Rich Person,LIFESTYLE,Everyone,Lifestyle,1000.0,37.99,4.2,134.0,Paid
6296,I am rich VIP,LIFESTYLE,Everyone,Lifestyle,10000.0,299.99,3.8,411.0,Paid
6297,iHoroscope - 2018 Daily Horoscope & Astrology,LIFESTYLE,Everyone,Lifestyle,10000000.0,0.0,4.5,398307.0,Free
6298,I'm Rich - Trump Edition,LIFESTYLE,Everyone,Lifestyle,10000.0,400.0,3.6,275.0,Paid
6299,I'm Rich Eu sou Rico,LIFESTYLE,Everyone,Lifestyle,0.0,399.99,,0.0,Paid
6300,Jax Sheriff (FL),LIFESTYLE,Everyone,Lifestyle,5000.0,0.0,4.2,53.0,Free
6301,JOANN - Crafts & Coupons,LIFESTYLE,Everyone,Lifestyle,1000000.0,0.0,4.6,34782.0,Free
6302,JOANN - Crafts & Coupons,LIFESTYLE,Everyone,Lifestyle,1000000.0,0.0,4.6,34802.0,Free
6303,"Journey - Diary, Journal",LIFESTYLE,Everyone,Lifestyle,1000000.0,0.0,4.6,50338.0,Free
6304,justWink Greeting Cards,LIFESTYLE,Teen,Lifestyle,1000000.0,0.0,4.6,69177.0,Free
6305,Kawaii Easy Drawing : How to draw Step by Step,LIFESTYLE,Everyone,Lifestyle,5000000.0,0.0,4.3,34327.0,Free
6306,Keller Williams Real Estate,LIFESTYLE,Everyone,Lifestyle,1000000.0,0.0,4.4,13213.0,Free
6307,Kenmore Smart AC,LIFESTYLE,Everyone,Lifestyle,5000.0,0.0,1.9,71.0,Free
6308,KFC CZ,LIFESTYLE,Everyone,Lifestyle,100000.0,0.0,2.8,1189.0,Free
6309,Kicker U,LIFESTYLE,Everyone,Lifestyle,5000.0,3.99,4.1,124.0,Paid
6310,Kicker U Lite,LIFESTYLE,Everyone,Lifestyle,50000.0,0.0,4.1,438.0,Free
6311,Kinot Tisha'a Be'av - Ashkenaz,LIFESTYLE,Everyone,Lifestyle,5000.0,0.0,4.5,82.0,Free
6312,"L.POINT - 엘포인트 [ 포인트, 멤버십, 적립, 사용, 모바일 카드, 쿠폰, 롯데]",LIFESTYLE,Everyone,Lifestyle,5000000.0,0.0,4.0,45224.0,Free
6313,Lakeside AG Moultrie,LIFESTYLE,Everyone,Lifestyle,50.0,0.0,5.0,3.0,Free
6314,Legit Check App by Ch Daniel,LIFESTYLE,Everyone,Lifestyle,1000.0,0.0,4.9,66.0,Free
6315,Lennox iComfort Wi-Fi,LIFESTYLE,Everyone,Lifestyle,50000.0,0.0,3.0,552.0,Free
6316,lesparticuliers.fr,LIFESTYLE,Everyone,Lifestyle,50000.0,0.0,,96.0,Free
6317,Lexus Tech BH Service Pro,LIFESTYLE,Teen,Lifestyle,10.0,0.0,,0.0,Free
6318,LG AC Smart Diagnosis,LIFESTYLE,Everyone,Lifestyle,100000.0,0.0,3.4,377.0,Free
6319,LifePoint Church - FL,LIFESTYLE,Everyone,Lifestyle,50.0,0.0,,1.0,Free
6320,Live 4D Results ! (MY & SG),LIFESTYLE,Everyone,Lifestyle,5000000.0,0.0,4.6,116079.0,Free
6321,Long Realty AZ Home Search,LIFESTYLE,Everyone,Lifestyle,10000.0,0.0,4.4,132.0,Free
6322,Lunar Calendar,LIFESTYLE,Mature 17+,Lifestyle,1000.0,4.99,4.5,484.0,Paid
6323,Lunar Calendar Lite,LIFESTYLE,Mature 17+,Lifestyle,100000.0,0.0,4.1,2954.0,Free
6324,Málaga CF Wallpapers 4 Fans,LIFESTYLE,Everyone,Lifestyle,10.0,0.0,,2.0,Free
6325,MagicLight BT,LIFESTYLE,Everyone,Lifestyle,10000.0,0.0,2.7,135.0,Free
6326,metroZONE,LIFESTYLE,Everyone,Lifestyle,10000000.0,0.0,4.1,47497.0,Free
6327,"MexiRoomies - roomies, mexico, df, apt, house room",LIFESTYLE,Everyone,Lifestyle,500.0,0.0,,2.0,Free
6328,Mirror,LIFESTYLE,Everyone,Lifestyle,10000000.0,0.0,4.1,367505.0,Free
6329,MK eCatalog,LIFESTYLE,Everyone,Lifestyle,1000000.0,0.0,4.0,6676.0,Free
6330,Moto LED for Moto X & E [Root],LIFESTYLE,Everyone,Lifestyle,500000.0,0.0,3.4,4082.0,Free
6331,MOTOBAZAR EU,LIFESTYLE,Everyone,Lifestyle,100.0,0.0,,1.0,Free
6332,Music Collector Inventory Organizer UPC Discogs,LIFESTYLE,Everyone,Lifestyle,10000.0,0.0,3.5,155.0,Free
6333,"Muslim Pro - Prayer Times, Azan, Quran & Qibla",LIFESTYLE,Everyone,Lifestyle,10000000.0,0.0,4.7,1133393.0,Free
6334,My Day - Countdown Calendar 🗓️,LIFESTYLE,Everyone,Lifestyle,1000000.0,0.0,4.1,49147.0,Free
6335,My Dressing - Fashion closet,LIFESTYLE,Everyone,Lifestyle,500000.0,0.0,4.1,12452.0,Free
6336,My Dressing - Fashion closet,LIFESTYLE,Everyone,Lifestyle,500000.0,0.0,4.1,12452.0,Free
6337,My Dy Dice - 3D Dice Roller,LIFESTYLE,Everyone,Lifestyle,100.0,0.0,4.2,9.0,Free
6338,My EZ-Link Mobile,LIFESTYLE,Everyone,Lifestyle,100000.0,0.0,2.8,3187.0,Free
6339,My MLS App,LIFESTYLE,Everyone,Lifestyle,100000.0,0.0,4.1,1213.0,Free
6340,My Movies Pro - Movie & TV Collection Library,LIFESTYLE,Everyone,Lifestyle,10000.0,7.99,4.6,6477.0,Paid
6341,MyAV Remote for Denon & Marantz AV Receivers,LIFESTYLE,Everyone,Lifestyle,50000.0,0.0,3.8,250.0,Free
6342,myChevrolet,LIFESTYLE,Everyone,Lifestyle,1000000.0,0.0,3.5,6747.0,Free
6343,Nature Sounds,LIFESTYLE,Everyone,Lifestyle,1000000.0,0.0,4.8,28588.0,Free
6344,Neighborhoods & Apartments,LIFESTYLE,Everyone,Lifestyle,100000.0,0.0,3.9,2042.0,Free
6345,Neuvaine au Saint-Esprit,LIFESTYLE,Everyone,Lifestyle,10000.0,0.0,4.7,57.0,Free
6346,Neuvaines et prières au Coeur Sacré de Jésus,LIFESTYLE,Everyone,Lifestyle,5000.0,0.0,,17.0,Free
6347,"Niche: College, K-12, and Neighborhood Search",LIFESTYLE,Everyone,Lifestyle,5000.0,0.0,4.0,42.0,Free
6348,Nights Keeper (do not disturb),LIFESTYLE,Everyone,Lifestyle,500000.0,0.0,4.5,16426.0,Free
6349,NissanConnect® EV & Services,LIFESTYLE,Everyone,Lifestyle,50000.0,0.0,2.3,853.0,Free
6350,"Notes : Colorful Notepad Note,To Do,Reminder,Memo",LIFESTYLE,Everyone,Lifestyle,1000000.0,0.0,4.6,10484.0,Free
6351,Official Madhuban Murli,LIFESTYLE,Everyone,Lifestyle,10000.0,0.0,4.9,301.0,Free
6352,Official Matsumoto Kiyoshi application,LIFESTYLE,Everyone,Lifestyle,1000000.0,0.0,3.2,3031.0,Free
6353,OK cashbag [point of pleasure],LIFESTYLE,Everyone,Lifestyle,10000000.0,0.0,3.7,33264.0,Free
6354,On a Bu Pour Vous OBPV,LIFESTYLE,Teen,Lifestyle,10.0,0.0,,0.0,Free
6355,One Today by Google,LIFESTYLE,Everyone,Lifestyle,100000.0,0.0,4.5,2586.0,Free
6356,Oración CX,LIFESTYLE,Everyone,Lifestyle,5000.0,0.0,5.0,103.0,Free
6357,Overcomers CF - GA,LIFESTYLE,Everyone,Lifestyle,100.0,0.0,5.0,7.0,Free
6358,PASS by KT (formerly KT certified),LIFESTYLE,Everyone,Lifestyle,1000000.0,0.0,3.5,7869.0,Free
6359,Philips Hue,LIFESTYLE,Everyone,Lifestyle,1000000.0,0.0,3.1,10006.0,Free
6360,Photo Background Changer 2018 - Blur Background,LIFESTYLE,Everyone,Lifestyle,5000000.0,0.0,3.7,34079.0,Free
6361,Pick-a-Paint,LIFESTYLE,Everyone,Lifestyle,50000.0,0.0,1.6,242.0,Free
6362,PLAYBULB X,LIFESTYLE,Everyone,Lifestyle,100000.0,0.0,2.9,2160.0,Free
6363,Pronunciation and know the name of the caller from his number,LIFESTYLE,Everyone,Lifestyle,500000.0,0.0,4.6,2167.0,Free
6364,Propertyfinder,LIFESTYLE,Everyone,Lifestyle,100000.0,0.0,4.2,1506.0,Free
6365,Ríos de Fe,LIFESTYLE,Everyone,Lifestyle,1000.0,0.0,5.0,141.0,Free
6366,Rate Guide Bill Letter,LIFESTYLE,Everyone,Lifestyle,10000000.0,0.0,3.8,17368.0,Free
6367,Read it easy for BK,LIFESTYLE,Everyone,Lifestyle,50.0,0.0,5.0,1.0,Free
6368,Real Estate by Movoto,LIFESTYLE,Everyone,Lifestyle,100000.0,0.0,4.4,3114.0,Free
6369,Recycling Cy,LIFESTYLE,Everyone,Lifestyle,1000.0,0.0,4.0,47.0,Free
6370,Relax Ocean ~ Nature Sounds,LIFESTYLE,Everyone,Lifestyle,500000.0,0.0,4.5,9464.0,Free
6371,Relax Rain ~ Rain Sounds,LIFESTYLE,Everyone,Lifestyle,5000000.0,0.0,4.6,118034.0,Free
6372,Safety stepping stone,LIFESTYLE,Everyone,Lifestyle,1000000.0,0.0,3.7,4212.0,Free
6373,Safeway,LIFESTYLE,Everyone,Lifestyle,1000000.0,0.0,4.3,33572.0,Free
6374,Salah Widget (DK+Malmo),LIFESTYLE,Everyone,Lifestyle,10000.0,0.0,4.5,532.0,Free
6375,Samsung+,LIFESTYLE,Everyone,Lifestyle,50000000.0,0.0,4.5,82145.0,Free
6376,Scarf Fashion Designer,LIFESTYLE,Everyone,Lifestyle,1000000.0,0.0,4.4,16637.0,Free
6377,Scarf Fashion Designer,LIFESTYLE,Everyone,Lifestyle,1000000.0,0.0,4.4,16637.0,Free
6378,Scoreboard FR,LIFESTYLE,Everyone,Lifestyle,100.0,0.0,4.3,3.0,Free
6379,S-Home DK,LIFESTYLE,Everyone,Lifestyle,1000.0,0.0,,4.0,Free
6380,Sleep as Android Unlock,LIFESTYLE,Everyone,Lifestyle,1000000.0,5.99,4.5,23966.0,Paid
6381,"Sleep as Android: Sleep cycle tracker, smart alarm",LIFESTYLE,Everyone,Lifestyle,10000000.0,0.0,4.3,246201.0,Free
6382,Sleep as Microsoft Band Add-On,LIFESTYLE,Everyone,Lifestyle,1000.0,0.0,3.5,28.0,Free
6383,SleepCloud Backup for Sleep as Android,LIFESTYLE,Everyone,Lifestyle,100000.0,0.0,4.2,2563.0,Free
6384,SleepyTime: Bedtime Calculator,LIFESTYLE,Everyone,Lifestyle,500000.0,0.0,4.4,19621.0,Free
6385,Sona - Nær við allastaðni,LIFESTYLE,Everyone,Lifestyle,1000.0,0.0,4.2,31.0,Free
6386,Sotheby's International Realty,LIFESTYLE,Everyone,Lifestyle,50000.0,0.0,4.2,894.0,Free
6387,South Florida AA Meetings,LIFESTYLE,Everyone,Lifestyle,1000.0,0.0,5.0,10.0,Free
6388,South Florida MLS,LIFESTYLE,Everyone,Lifestyle,10000.0,0.0,4.4,133.0,Free
6389,Sports DV,LIFESTYLE,Everyone,Lifestyle,10000.0,0.0,2.1,86.0,Free
6390,StartPage Private Search,LIFESTYLE,Everyone,Lifestyle,100000.0,0.0,4.6,10198.0,Free
6391,StyleSeat,LIFESTYLE,Everyone,Lifestyle,500000.0,0.0,4.7,20304.0,Free
6392,StyleSeat,LIFESTYLE,Everyone,Lifestyle,500000.0,0.0,4.7,20304.0,Free
6393,Super Slime Simulator - Satisfying Slime App,LIFESTYLE,Everyone,Lifestyle,1000000.0,0.0,4.5,53652.0,Free
6394,sustainability@BU,LIFESTYLE,Everyone,Lifestyle,1000.0,0.0,4.8,10.0,Free
6395,Taco Bell,LIFESTYLE,Everyone,Lifestyle,1000000.0,0.0,3.8,28140.0,Free
6396,Tafsiir Quraan MP3 Af Soomaali Quraanka Kariimka,LIFESTYLE,Everyone,Lifestyle,1000.0,0.0,5.0,7.0,Free
6397,Taha Al Junaid Quran Mp3,LIFESTYLE,Everyone,Lifestyle,50000.0,0.0,4.6,518.0,Free
6398,Talking Babsy Baby: Baby Games,LIFESTYLE,Everyone,Lifestyle;Pretend Play,10000000.0,0.0,4.0,140995.0,Free
6399,Tassa.fi Finland,LIFESTYLE,Everyone,Lifestyle,50000.0,0.0,3.6,346.0,Free
6400,Tattoodo - Find your next tattoo,LIFESTYLE,Teen,Lifestyle,1000000.0,0.0,4.5,7457.0,Free
6401,Team CF,LIFESTYLE,Everyone,Lifestyle,100.0,0.0,,0.0,Free
6402,Telstra,LIFESTYLE,Everyone,Lifestyle,5000000.0,0.0,3.0,4260.0,Free
6403,The Church at CW,LIFESTYLE,Teen,Lifestyle,100.0,0.0,4.5,2.0,Free
6404,The Divine Feminine App: the DF App,LIFESTYLE,Everyone,Lifestyle,1000.0,0.0,5.0,8.0,Free
6405,The Holy Rosary,LIFESTYLE,Everyone,Lifestyle,1000000.0,0.0,4.7,56197.0,Free
6406,The PCH App,LIFESTYLE,Everyone,Lifestyle,1000000.0,0.0,4.5,234971.0,Free
6407,The Secret Daily Teachings,LIFESTYLE,Everyone,Lifestyle,1000.0,4.99,4.3,206.0,Paid
6408,theCut,LIFESTYLE,Everyone,Lifestyle,50000.0,0.0,4.7,499.0,Free
6409,Theme for Tecno Camon CX / C8,LIFESTYLE,Everyone,Lifestyle,10000.0,0.0,4.6,147.0,Free
6410,Timely Alarm Clock,LIFESTYLE,Everyone,Lifestyle,10000000.0,0.0,4.3,258717.0,Free
6411,Tinder,LIFESTYLE,Mature 17+,Lifestyle,100000000.0,0.0,4.0,2789775.0,Free
6412,T-Mobile Tuesdays,LIFESTYLE,Everyone,Lifestyle,5000000.0,0.0,4.0,53144.0,Free
6413,TN Electricity (TNEB),LIFESTYLE,Everyone,Lifestyle,10000.0,0.0,3.9,73.0,Free
6414,Trell: An app for Explorers | Best Wanderlust App,LIFESTYLE,Teen,Lifestyle,100000.0,0.0,4.6,8004.0,Free
6415,"Trinity Church Deltona, FL",LIFESTYLE,Everyone,Lifestyle,500.0,0.0,5.0,33.0,Free
6416,T-shirt design - Snaptee,LIFESTYLE,Everyone,Lifestyle,1000000.0,0.0,4.2,29756.0,Free
6417,Type S LED,LIFESTYLE,Everyone,Lifestyle,100000.0,0.0,3.5,628.0,Free
6418,Unity CF,LIFESTYLE,Everyone,Lifestyle,100.0,0.0,5.0,5.0,Free
6419,US Mission - buy gourmet movie KTV,LIFESTYLE,Teen,Lifestyle,500000.0,0.0,3.8,6554.0,Free
6420,usgang.ch,LIFESTYLE,Everyone 10+,Lifestyle,100000.0,0.0,3.7,492.0,Free
6421,Valencia CF Wallpapers 4 Fans,LIFESTYLE,Everyone,Lifestyle,100.0,0.0,,4.0,Free
6422,van Gennip Textiles BV,LIFESTYLE,Everyone,Lifestyle,100.0,0.0,,1.0,Free
6423,Van Nien 2018 - Lich Van su & Lich Am,LIFESTYLE,Everyone,Lifestyle,1000000.0,0.0,4.4,3829.0,Free
6424,Vaniday - Beauty Booking App,LIFESTYLE,Everyone,Lifestyle,100000.0,0.0,3.6,1067.0,Free
6425,Vaniday - Beauty Booking App,LIFESTYLE,Everyone,Lifestyle,100000.0,0.0,3.6,1067.0,Free
6426,VCalendar - VenkatRama and Co,LIFESTYLE,Everyone,Lifestyle,10000.0,0.0,4.3,87.0,Free
6427,"view.com.au - Buy, Rent or Research Real Estate",LIFESTYLE,Everyone,Lifestyle,50000.0,0.0,3.1,212.0,Free
6428,Villarreal CF Wallpapers 4 Fans,LIFESTYLE,Everyone,Lifestyle,50.0,0.0,,2.0,Free
6429,Vira.cz Widget,LIFESTYLE,Everyone,Lifestyle,1000.0,0.0,,86.0,Free
6430,Voice Lock Screen,LIFESTYLE,Everyone,Lifestyle,1000000.0,0.0,3.7,6667.0,Free
6431,w UN map,LIFESTYLE,Mature 17+,Lifestyle,1000000.0,0.0,4.2,23164.0,Free
6432,Wedding Countdown Widget,LIFESTYLE,Everyone,Lifestyle,1000000.0,0.0,3.9,7376.0,Free
6433,Wedding LookBook by The Knot,LIFESTYLE,Everyone,Lifestyle,100000.0,0.0,4.2,3448.0,Free
6434,"Wedding Planner by WeddingWire - Venues, Checklist",LIFESTYLE,Everyone,Lifestyle,1000000.0,0.0,4.2,3788.0,Free
6435,WedMeGood - Wedding Planner,LIFESTYLE,Everyone,Lifestyle,100000.0,0.0,4.6,1658.0,Free
6436,What's Up,LIFESTYLE,Everyone,Lifestyle,1000000.0,0.0,4.1,23453.0,Free
6437,Wheretoget: Shop in style,LIFESTYLE,Teen,Lifestyle,500000.0,0.0,4.1,6808.0,Free
6438,Wheretoget: Shop in style,LIFESTYLE,Teen,Lifestyle,500000.0,0.0,4.1,6808.0,Free
6439,White Classic Petite Watch Theme for DW,LIFESTYLE,Everyone,Lifestyle,500.0,0.0,,2.0,Free
6440,White Noise ~ Sleeping Sounds,LIFESTYLE,Everyone,Lifestyle,100000.0,0.0,4.5,4427.0,Free
6441,White Noise Baby,LIFESTYLE,Everyone,Lifestyle,1000000.0,0.0,4.5,10544.0,Free
6442,WowBox,LIFESTYLE,Everyone,Lifestyle,5000000.0,0.0,4.4,101957.0,Free
6443,Z App,LIFESTYLE,Everyone,Lifestyle,50000.0,0.0,2.8,405.0,Free
6444,Zara,LIFESTYLE,Everyone,Lifestyle,10000000.0,0.0,4.3,95904.0,Free
6445,Zara,LIFESTYLE,Everyone,Lifestyle,10000000.0,0.0,4.3,95905.0,Free
6446,ZenUI Safeguard,LIFESTYLE,Everyone,Lifestyle,1000000.0,0.0,4.5,100.0,Free
6447,ZipRealty Real Estate & Homes,LIFESTYLE,Everyone,Lifestyle,100000.0,0.0,4.0,3937.0,Free
6448,Zoopla Property Search UK - Home to buy & rent,LIFESTYLE,Everyone,Lifestyle,1000000.0,0.0,4.1,21195.0,Free
6449,A & B Taxi,MAPS_AND_NAVIGATION,Everyone,Maps & Navigation,1000.0,0.0,4.1,41.0,Free
6450,乗換NAVITIME　Timetable & Route Search in Japan Tokyo,MAPS_AND_NAVIGATION,Everyone,Maps & Navigation,5000000.0,0.0,4.4,50459.0,Free
6451,ÖBB Scotty,MAPS_AND_NAVIGATION,Everyone,Maps & Navigation,1000000.0,0.0,4.2,12572.0,Free
6452,Air Traffic,MAPS_AND_NAVIGATION,Everyone,Maps & Navigation,1000000.0,0.0,4.3,14110.0,Free
6453,AJ Reminders,MAPS_AND_NAVIGATION,Everyone,Maps & Navigation,10.0,0.0,,0.0,Free
6454,AJ렌터카 법인 카셰어링,MAPS_AND_NAVIGATION,Everyone,Maps & Navigation,10.0,0.0,,0.0,Free
6455,Alopec - Online Shipping System,MAPS_AND_NAVIGATION,Everyone,Maps & Navigation,100000.0,0.0,4.3,1240.0,Free
6456,AT&T DriveMode,MAPS_AND_NAVIGATION,Everyone,Maps & Navigation,10000000.0,0.0,3.3,8465.0,Free
6457,Atlan3D Navigation: Korea navigator,MAPS_AND_NAVIGATION,Everyone,Maps & Navigation,1000000.0,0.0,4.2,22063.0,Free
6458,BackCountry Navigator TOPO GPS PRO,MAPS_AND_NAVIGATION,Everyone,Maps & Navigation,100000.0,11.99,4.5,6230.0,Paid
6459,Berlin Subway – BVG U-Bahn & S-Bahn map and routes,MAPS_AND_NAVIGATION,Everyone,Maps & Navigation,100000.0,0.0,4.4,509.0,Free
6460,Big Q Car Service,MAPS_AND_NAVIGATION,Everyone,Maps & Navigation,5000.0,0.0,4.4,75.0,Free
6461,BL Driver,MAPS_AND_NAVIGATION,Everyone,Maps & Navigation,10000.0,0.0,3.9,230.0,Free
6462,BL Taxi,MAPS_AND_NAVIGATION,Everyone,Maps & Navigation,1000.0,0.0,4.9,124.0,Free
6463,Blitzer.de,MAPS_AND_NAVIGATION,Everyone,Maps & Navigation,5000000.0,0.0,4.5,65590.0,Free
6464,BringGo AU & NZ,MAPS_AND_NAVIGATION,Everyone,Maps & Navigation,10000.0,0.99,2.8,440.0,Paid
6465,British Columbia Transit Info,MAPS_AND_NAVIGATION,Everyone 10+,Maps & Navigation,100.0,0.0,,0.0,Free
6466,BS MAPS,MAPS_AND_NAVIGATION,Everyone,Maps & Navigation,50.0,0.0,4.5,6.0,Free
6467,BT Mobile,MAPS_AND_NAVIGATION,Everyone,Maps & Navigation,1000.0,0.0,3.9,22.0,Free
6468,BU Bus Tracker,MAPS_AND_NAVIGATION,Everyone,Maps & Navigation,10000.0,0.0,4.2,57.0,Free
6469,BV Taxi - Driver,MAPS_AND_NAVIGATION,Everyone,Maps & Navigation,10.0,0.0,,1.0,Free
6470,BV Taxi Sudan,MAPS_AND_NAVIGATION,Everyone,Maps & Navigation,10.0,0.0,3.5,8.0,Free
6471,BW Taxi,MAPS_AND_NAVIGATION,Everyone,Maps & Navigation,5000.0,0.0,3.0,67.0,Free
6472,CD COMET,MAPS_AND_NAVIGATION,Everyone,Maps & Navigation,100.0,0.0,4.3,12.0,Free
6473,CE Map - Interactive Conan Exiles Map,MAPS_AND_NAVIGATION,Everyone,Maps & Navigation,1000.0,0.99,4.5,62.0,Paid
6474,Cestovné poriadky CP,MAPS_AND_NAVIGATION,Everyone,Maps & Navigation,100000.0,0.0,4.6,2681.0,Free
6475,ChargeHub - Find EV & Tesla Charging Stations,MAPS_AND_NAVIGATION,Everyone,Maps & Navigation,50000.0,0.0,4.6,796.0,Free
6476,Circle ratio,MAPS_AND_NAVIGATION,Everyone,Maps & Navigation,1000000.0,0.0,3.7,10562.0,Free
6477,Citymapper - Transit Navigation,MAPS_AND_NAVIGATION,Everyone,Maps & Navigation,5000000.0,0.0,4.5,65448.0,Free
6478,Comboios de Portugal,MAPS_AND_NAVIGATION,Everyone,Maps & Navigation,100000.0,0.0,3.4,1147.0,Free
6479,Compass,MAPS_AND_NAVIGATION,Everyone,Maps & Navigation,10000000.0,0.0,4.3,286454.0,Free
6480,Convert Coordinates DM to DMS,MAPS_AND_NAVIGATION,Everyone,Maps & Navigation,5000.0,0.0,4.3,15.0,Free
6481,Co-op Taxi,MAPS_AND_NAVIGATION,Everyone,Maps & Navigation,10000.0,0.0,3.4,168.0,Free
6482,Cordova BG Geolocation,MAPS_AND_NAVIGATION,Everyone,Maps & Navigation,1000.0,0.0,3.0,4.0,Free
6483,CY:ME - real time gps tracker,MAPS_AND_NAVIGATION,Everyone,Maps & Navigation,1000.0,0.0,,8.0,Free
6484,Cyprus Bus Companion,MAPS_AND_NAVIGATION,Everyone,Maps & Navigation,10000.0,0.0,3.9,112.0,Free
6485,Czech Public Transport IDOS,MAPS_AND_NAVIGATION,Everyone,Maps & Navigation,1000000.0,0.0,4.3,26014.0,Free
6486,DB Busradar NRW,MAPS_AND_NAVIGATION,Everyone,Maps & Navigation,10000.0,0.0,3.7,78.0,Free
6487,DB Navigator,MAPS_AND_NAVIGATION,Everyone,Maps & Navigation,10000000.0,0.0,4.0,119685.0,Free
6488,DB Streckenagent,MAPS_AND_NAVIGATION,Everyone,Maps & Navigation,500000.0,0.0,3.9,4569.0,Free
6489,DB Transport,MAPS_AND_NAVIGATION,Everyone,Maps & Navigation,10000.0,0.0,1.9,179.0,Free
6490,DC Metro,MAPS_AND_NAVIGATION,Everyone,Maps & Navigation,10000.0,0.0,3.4,59.0,Free
6491,DC Rider,MAPS_AND_NAVIGATION,Everyone,Maps & Navigation,50000.0,0.0,3.6,258.0,Free
6492,DF 司機,MAPS_AND_NAVIGATION,Everyone,Maps & Navigation,500.0,0.0,,9.0,Free
6493,Discovery Insure,MAPS_AND_NAVIGATION,Everyone,Maps & Navigation,100000.0,0.0,2.8,1911.0,Free
6494,DM TrackMan,MAPS_AND_NAVIGATION,Everyone,Maps & Navigation,100.0,0.0,,10.0,Free
6495,DS Speedometer & Odometer,MAPS_AND_NAVIGATION,Everyone,Maps & Navigation,1000000.0,0.0,3.9,22382.0,Free
6496,DV Car Service,MAPS_AND_NAVIGATION,Everyone,Maps & Navigation,100.0,0.0,4.6,10.0,Free
6497,"Dynavix - Navigation, Maps, Traffic data & Cameras",MAPS_AND_NAVIGATION,Everyone,Maps & Navigation,50000.0,0.0,4.2,1688.0,Free
6498,Electric Car Charging Points: Ev charger Stations,MAPS_AND_NAVIGATION,Everyone,Maps & Navigation,100.0,0.0,4.5,8.0,Free
6499,ELMO EV Charging,MAPS_AND_NAVIGATION,Everyone,Maps & Navigation,1000.0,0.0,3.4,14.0,Free
6500,EV Charging,MAPS_AND_NAVIGATION,Everyone,Maps & Navigation,1000.0,0.0,3.5,8.0,Free
6501,EV Connect,MAPS_AND_NAVIGATION,Everyone,Maps & Navigation,1000.0,0.0,2.8,25.0,Free
6502,EV Stations Hawaii,MAPS_AND_NAVIGATION,Everyone,Maps & Navigation,1000.0,0.0,3.6,7.0,Free
6503,FC Parking,MAPS_AND_NAVIGATION,Everyone,Maps & Navigation,500.0,0.0,,0.0,Free
6504,FindShip,MAPS_AND_NAVIGATION,Everyone,Maps & Navigation,1000000.0,0.0,4.2,23279.0,Free
6505,FP Legacy,MAPS_AND_NAVIGATION,Everyone,Maps & Navigation,1000.0,0.0,4.0,3.0,Free
6506,Free GPS Navigation,MAPS_AND_NAVIGATION,Everyone,Maps & Navigation,50000000.0,0.0,4.2,618562.0,Free
6507,Gainesville Bus Tracker,MAPS_AND_NAVIGATION,Everyone,Maps & Navigation,10000.0,0.0,4.2,63.0,Free
6508,GPS Navigation & Offline Maps Sygic,MAPS_AND_NAVIGATION,Everyone,Maps & Navigation,50000000.0,0.0,4.4,1421884.0,Free
6509,Gps Route Finder,MAPS_AND_NAVIGATION,Everyone,Maps & Navigation,100000.0,0.0,4.4,652.0,Free
6510,GPS Speedometer - Trip Meter - Altimeter,MAPS_AND_NAVIGATION,Everyone,Maps & Navigation,1000000.0,0.0,4.3,32225.0,Free
6511,GPS Speedometer and Odometer,MAPS_AND_NAVIGATION,Everyone,Maps & Navigation,1000000.0,0.0,4.8,15865.0,Free
6512,"GPS Speedometer, Distance Meter",MAPS_AND_NAVIGATION,Everyone,Maps & Navigation,1000000.0,0.0,4.6,16094.0,Free
6513,GPS Traffic Speedcam Route Planner by ViaMichelin,MAPS_AND_NAVIGATION,Everyone,Maps & Navigation,5000000.0,0.0,4.3,63920.0,Free
6514,GPS.AZ,MAPS_AND_NAVIGATION,Everyone,Maps & Navigation,1000.0,0.0,,30.0,Free
6515,Grab Driver,MAPS_AND_NAVIGATION,Everyone,Maps & Navigation,5000000.0,0.0,4.2,301413.0,Free
6516,Hamburg Transit - Offline HVV DB times and plans,MAPS_AND_NAVIGATION,Everyone,Maps & Navigation,1000.0,0.0,,9.0,Free
6517,Hondata Mobile,MAPS_AND_NAVIGATION,Everyone,Maps & Navigation,10000.0,0.0,4.3,334.0,Free
6518,hum app,MAPS_AND_NAVIGATION,Everyone,Maps & Navigation,1000000.0,0.0,4.4,10218.0,Free
6519,ixigo Cabs-Compare & Book Taxi,MAPS_AND_NAVIGATION,Everyone,Maps & Navigation,1000000.0,0.0,4.2,11838.0,Free
6520,Jeppesen CR Flight Computer,MAPS_AND_NAVIGATION,Everyone,Maps & Navigation,100.0,9.99,3.3,3.0,Paid
6521,JuiceNet - Smart EV Charging,MAPS_AND_NAVIGATION,Everyone,Maps & Navigation,5000.0,0.0,3.5,106.0,Free
6522,Karta GPS - Offline Navigation,MAPS_AND_NAVIGATION,Everyone,Maps & Navigation,1000000.0,0.0,4.5,53562.0,Free
6523,Map and Router Badge,MAPS_AND_NAVIGATION,Everyone,Maps & Navigation,500000.0,0.0,4.4,3652.0,Free
6524,Map Coordinates,MAPS_AND_NAVIGATION,Everyone,Maps & Navigation,1000000.0,0.0,4.3,16657.0,Free
6525,"Mappy - Plan, route comparison, GPS",MAPS_AND_NAVIGATION,Everyone,Maps & Navigation,1000000.0,0.0,4.1,15922.0,Free
6526,"MapQuest: Directions, Maps, GPS & Navigation",MAPS_AND_NAVIGATION,Everyone,Maps & Navigation,10000000.0,0.0,4.1,53481.0,Free
6527,Maps & GPS Navigation — OsmAnd,MAPS_AND_NAVIGATION,Everyone,Maps & Navigation,5000000.0,0.0,4.2,60838.0,Free
6528,Maps & GPS Navigation — OsmAnd,MAPS_AND_NAVIGATION,Everyone,Maps & Navigation,5000000.0,0.0,4.2,60820.0,Free
6529,"Maps, GPS Navigation & Directions, Street View",MAPS_AND_NAVIGATION,Everyone,Maps & Navigation,10000000.0,0.0,4.2,207440.0,Free
6530,Mapy.cz - Cycling & Hiking offline maps,MAPS_AND_NAVIGATION,Everyone,Maps & Navigation,1000000.0,0.0,4.5,56443.0,Free
6531,Mapy.cz - Cycling & Hiking offline maps,MAPS_AND_NAVIGATION,Everyone,Maps & Navigation,1000000.0,0.0,4.5,56409.0,Free
6532,MBTA GPS - Track the T,MAPS_AND_NAVIGATION,Everyone,Maps & Navigation,5000.0,0.0,3.8,82.0,Free
6533,Moovit: Bus Time & Train Time Live Info,MAPS_AND_NAVIGATION,Everyone,Maps & Navigation,10000000.0,0.0,4.4,617477.0,Free
6534,Moovit: Bus Time & Train Time Live Info,MAPS_AND_NAVIGATION,Everyone,Maps & Navigation,10000000.0,0.0,4.4,616742.0,Free
6535,My G:,MAPS_AND_NAVIGATION,Everyone,Maps & Navigation,10000.0,0.0,3.7,96.0,Free
6536,"My Location: GPS Maps, Share & Save Places",MAPS_AND_NAVIGATION,Everyone,Maps & Navigation,5000000.0,0.0,4.3,29768.0,Free
6537,MYTO CZ,MAPS_AND_NAVIGATION,Everyone,Maps & Navigation,5000.0,0.0,2.9,30.0,Free
6538,National Rail Enquiries,MAPS_AND_NAVIGATION,Everyone,Maps & Navigation,1000000.0,0.0,3.5,18857.0,Free
6539,NAVITIME - Map & Transfer Navi,MAPS_AND_NAVIGATION,Everyone,Maps & Navigation,5000000.0,0.0,4.2,41225.0,Free
6540,NAVITIME Bus Transit JAPAN,MAPS_AND_NAVIGATION,Everyone,Maps & Navigation,1000000.0,0.0,3.7,6939.0,Free
6541,NEXTCHARGE - Charging Stations,MAPS_AND_NAVIGATION,Everyone,Maps & Navigation,50000.0,0.0,4.3,891.0,Free
6542,Offline Jízdní řády CG Transit,MAPS_AND_NAVIGATION,Everyone,Maps & Navigation,100000.0,0.0,4.6,7314.0,Free
6543,Paris ci la Sortie du Métro,MAPS_AND_NAVIGATION,Everyone,Maps & Navigation,10000.0,2.99,4.2,453.0,Paid
6544,payermonstationnement.fr,MAPS_AND_NAVIGATION,Everyone,Maps & Navigation,5000.0,0.0,,38.0,Free
6545,Plan B,MAPS_AND_NAVIGATION,Everyone,Maps & Navigation,5000.0,0.0,3.3,19.0,Free
6546,PlugShare,MAPS_AND_NAVIGATION,Teen,Maps & Navigation,100000.0,0.0,4.7,4501.0,Free
6547,Posta App,MAPS_AND_NAVIGATION,Everyone,Maps & Navigation,1000.0,0.0,3.6,8.0,Free
6548,Power Plug EV charger,MAPS_AND_NAVIGATION,Everyone,Maps & Navigation,1000.0,0.0,3.7,13.0,Free
6549,Q-Ticketing,MAPS_AND_NAVIGATION,Everyone,Maps & Navigation,10000.0,0.0,3.8,114.0,Free
6550,Radarbot Free: Speed Camera Detector & Speedometer,MAPS_AND_NAVIGATION,Everyone,Maps & Navigation,5000000.0,0.0,4.5,44348.0,Free
6551,Rail Planner Eurail/Interrail,MAPS_AND_NAVIGATION,Everyone,Maps & Navigation,1000000.0,0.0,4.2,3596.0,Free
6552,Red Transporte DF,MAPS_AND_NAVIGATION,Everyone,Maps & Navigation,500000.0,0.0,4.3,11100.0,Free
6553,Robin - AI Voice Assistant,MAPS_AND_NAVIGATION,Everyone,Maps & Navigation,1000000.0,0.0,4.2,55313.0,Free
6554,Südtirol2Go,MAPS_AND_NAVIGATION,Everyone,Maps & Navigation,50000.0,0.0,3.3,555.0,Free
6555,SBB Mobile,MAPS_AND_NAVIGATION,Everyone,Maps & Navigation,1000000.0,0.0,3.7,20605.0,Free
6556,Sentin Information Map,MAPS_AND_NAVIGATION,Everyone,Maps & Navigation,100000.0,0.0,4.1,2909.0,Free
6557,Snapp,MAPS_AND_NAVIGATION,Everyone,Maps & Navigation,1000000.0,0.0,4.5,37937.0,Free
6558,Soviet Military Maps Free,MAPS_AND_NAVIGATION,Everyone,Maps & Navigation,1000000.0,0.0,4.3,21589.0,Free
6559,Speed Camera Radar,MAPS_AND_NAVIGATION,Teen,Maps & Navigation,5000000.0,0.0,4.1,54034.0,Free
6560,Speed Cameras Radar,MAPS_AND_NAVIGATION,Everyone,Maps & Navigation,1000000.0,0.0,4.4,18710.0,Free
6561,Strætó.is,MAPS_AND_NAVIGATION,Everyone,Maps & Navigation,100000.0,0.0,3.1,742.0,Free
6562,Subway Terminator: Smarter Subway,MAPS_AND_NAVIGATION,Everyone,Maps & Navigation,10000000.0,0.0,4.3,70556.0,Free
6563,Sygic Car Navigation,MAPS_AND_NAVIGATION,Everyone,Maps & Navigation,5000000.0,0.0,4.7,162049.0,Free
6564,"T map (te map, T map, navigation)",MAPS_AND_NAVIGATION,Everyone,Maps & Navigation,5000000.0,0.0,4.2,15681.0,Free
6565,Táxi Nacional BR,MAPS_AND_NAVIGATION,Everyone,Maps & Navigation,5000.0,0.0,,88.0,Free
6566,TomTom GPS Navigation Traffic,MAPS_AND_NAVIGATION,Everyone,Maps & Navigation,10000000.0,0.0,4.1,132792.0,Free
6567,Tour BD (Bahir Dar Map),MAPS_AND_NAVIGATION,Everyone,Maps & Navigation,100.0,0.0,4.9,49.0,Free
6568,Traffic Info and Traffic Alert,MAPS_AND_NAVIGATION,Everyone,Maps & Navigation,100000.0,0.0,3.6,695.0,Free
6569,TrainPal EU- Book German Train Tickets,MAPS_AND_NAVIGATION,Everyone,Maps & Navigation,100.0,0.0,,1.0,Free
6570,Transit: Real-Time Transit App,MAPS_AND_NAVIGATION,Everyone,Maps & Navigation,5000000.0,0.0,4.2,43269.0,Free
6571,Transit: Real-Time Transit App,MAPS_AND_NAVIGATION,Everyone,Maps & Navigation,5000000.0,0.0,4.2,43252.0,Free
6572,Transport DK,MAPS_AND_NAVIGATION,Everyone,Maps & Navigation,10000.0,0.0,4.1,204.0,Free
6573,"Truck Car Navi by Navitime Large size car, traffic jam, traffic closure, live camera, typhoon / precipitation map",MAPS_AND_NAVIGATION,Everyone,Maps & Navigation,100000.0,0.0,4.2,3682.0,Free
6574,Truck Chat & CB for Truckers,MAPS_AND_NAVIGATION,Mature 17+,Maps & Navigation,10000.0,0.0,2.7,89.0,Free
6575,Trucker Path – Truck Stops & Weigh Stations,MAPS_AND_NAVIGATION,Everyone,Maps & Navigation,1000000.0,0.0,4.7,38375.0,Free
6576,Uber,MAPS_AND_NAVIGATION,Everyone,Maps & Navigation,100000000.0,0.0,4.2,4928420.0,Free
6577,Uber,MAPS_AND_NAVIGATION,Everyone,Maps & Navigation,100000000.0,0.0,4.2,4921866.0,Free
6578,Vienna U-Bahn,MAPS_AND_NAVIGATION,Everyone,Maps & Navigation,10000.0,0.0,3.9,139.0,Free
6579,"Waze - GPS, Maps, Traffic Alerts & Live Navigation",MAPS_AND_NAVIGATION,Everyone,Maps & Navigation,100000000.0,0.0,4.6,7232629.0,Free
6580,"Waze - GPS, Maps, Traffic Alerts & Live Navigation",MAPS_AND_NAVIGATION,Everyone,Maps & Navigation,100000000.0,0.0,4.6,7231017.0,Free
6581,"Yahoo! transit guide free timetable, operation information, transfer search",MAPS_AND_NAVIGATION,Everyone,Maps & Navigation,10000000.0,0.0,4.4,104800.0,Free
6582,Yandex.Trains,MAPS_AND_NAVIGATION,Everyone,Maps & Navigation,5000000.0,0.0,4.4,56471.0,Free
6583,Yandex.Transport,MAPS_AND_NAVIGATION,Everyone,Maps & Navigation,10000000.0,0.0,4.0,126282.0,Free
6584,"Yanosik: ""antyradar"", traffic jams, navigation, camera",MAPS_AND_NAVIGATION,Everyone,Maps & Navigation,5000000.0,0.0,4.4,102248.0,Free
6585,Zap-Map: EV charging points UK,MAPS_AND_NAVIGATION,Everyone,Maps & Navigation,10000.0,0.0,3.8,181.0,Free
6586,14thStreetVet,MEDICAL,Everyone,Medical,5.0,0.0,,0.0,Free
6587,1800 Contacts - Lens Store,MEDICAL,Everyone,Medical,1000000.0,0.0,4.7,23160.0,Free
6588,1800 Contacts - Lens Store,MEDICAL,Everyone,Medical,1000000.0,0.0,4.7,23160.0,Free
6589,2017 EMRA Antibiotic Guide,MEDICAL,Everyone,Medical,1000.0,16.99,4.4,12.0,Paid
6590,2017 EMRA Antibiotic Guide,MEDICAL,Everyone,Medical,1000.0,16.99,4.4,12.0,Paid
6591,4 Paws PH,MEDICAL,Everyone,Medical,5.0,0.0,,1.0,Free
6592,420 BZ Budeze Delivery,MEDICAL,Mature 17+,Medical,100.0,0.0,5.0,2.0,Free
6593,420 BZ Budeze Delivery,MEDICAL,Mature 17+,Medical,100.0,0.0,5.0,2.0,Free
6594,5 Minute Clinical Consult 2019 - #1 for 25 years,MEDICAL,Everyone,Medical,10000.0,0.0,4.2,33.0,Free
6595,5 Minute Veterinary Consult: Canine & Feline,MEDICAL,Everyone,Medical,1000.0,0.0,2.3,17.0,Free
6596,5-Minute Clinical Consult,MEDICAL,Everyone,Medical,10000.0,0.0,4.1,84.0,Free
6597,98point6,MEDICAL,Everyone,Medical,10000.0,0.0,4.6,47.0,Free
6598,A Manual of Acupuncture,MEDICAL,Everyone,Medical,1000.0,33.99,3.5,214.0,Paid
6599,A Manual of Acupuncture,MEDICAL,Everyone,Medical,1000.0,33.99,3.5,214.0,Paid
6600,AAFP,MEDICAL,Everyone,Medical,10000.0,0.0,3.8,63.0,Free
6601,AAFP,MEDICAL,Everyone,Medical,10000.0,0.0,3.8,63.0,Free
6602,Abdominal CT Sectional Walker,MEDICAL,Everyone,Medical,100.0,9.99,,2.0,Paid
6603,abeoCoder,MEDICAL,Everyone,Medical,10000.0,0.0,3.1,83.0,Free
6604,ABG Master,MEDICAL,Everyone,Medical,50.0,0.99,,2.0,Paid
6605,Acupuncture Assistant,MEDICAL,Everyone,Medical,10000.0,7.99,4.5,492.0,Paid
6606,Ada - Your Health Guide,MEDICAL,Everyone,Medical,1000000.0,0.0,4.7,87418.0,Free
6607,Ada - Your Health Guide,MEDICAL,Everyone,Medical,1000000.0,0.0,4.7,87418.0,Free
6608,Advanced Comprehension Therapy,MEDICAL,Everyone,Medical,100.0,24.99,,3.0,Paid
6609,Advanced Comprehension Therapy,MEDICAL,Everyone,Medical,100.0,24.99,,3.0,Paid
6610,AF-STROKE,MEDICAL,Teen,Medical,100.0,5.0,,5.0,Paid
6611,AF-STROKE (FREE),MEDICAL,Teen,Medical,10000.0,0.0,4.5,93.0,Free
6612,AH Lake Villa,MEDICAL,Everyone,Medical,100.0,0.0,,3.0,Free
6613,AH of Rocky Hill,MEDICAL,Everyone,Medical,100.0,0.0,,0.0,Free
6614,Airway Ex - Intubate. Anesthetize. Train.,MEDICAL,Everyone,Medical,10000.0,0.0,4.3,123.0,Free
6615,Airway Ex - Intubate. Anesthetize. Train.,MEDICAL,Everyone,Medical,10000.0,0.0,4.3,123.0,Free
6616,All Mental disorders,MEDICAL,Everyone,Medical,100000.0,0.0,4.5,453.0,Free
6617,All Mental disorders,MEDICAL,Everyone,Medical,100000.0,0.0,4.5,453.0,Free
6618,Anatomy & Physiology Vocabulary Exam Review App,MEDICAL,Everyone,Medical,5.0,0.0,5.0,1.0,Free
6619,Anatomy Learning - 3D Atlas,MEDICAL,Everyone,Medical,1000000.0,0.0,4.5,72167.0,Free
6620,AnatomyMapp,MEDICAL,Everyone,Medical,5000.0,14.99,4.1,80.0,Paid
6621,AnatomyMapp,MEDICAL,Everyone,Medical,5000.0,14.99,4.1,80.0,Paid
6622,Angelcare AH,MEDICAL,Everyone,Medical,50.0,0.0,,0.0,Free
6623,Anthem Anywhere,MEDICAL,Everyone,Medical,500000.0,0.0,2.7,2657.0,Free
6624,Anthem Anywhere,MEDICAL,Everyone,Medical,500000.0,0.0,2.7,2657.0,Free
6625,Anthem BC Anywhere,MEDICAL,Everyone,Medical,100000.0,0.0,2.6,496.0,Free
6626,Anthem BC Anywhere,MEDICAL,Everyone,Medical,100000.0,0.0,2.6,496.0,Free
6627,Anti Mosquito simulation,MEDICAL,Everyone,Medical,1000.0,1.5,4.2,74.0,Paid
6628,AO Surgery Reference,MEDICAL,Everyone,Medical,100000.0,0.0,4.7,2570.0,Free
6629,AO/OTA Fracture Classification,MEDICAL,Everyone,Medical,5000.0,0.0,4.9,25.0,Free
6630,AQ Aspergers Test,MEDICAL,Everyone,Medical,10000.0,0.0,3.9,265.0,Free
6631,Arogyam EH,MEDICAL,Everyone,Medical,1000.0,0.0,3.6,18.0,Free
6632,Arrhythmias and Dysrhythmias,MEDICAL,Everyone,Medical,500.0,1.0,,3.0,Paid
6633,Arrowhead AH App,MEDICAL,Everyone,Medical,100.0,0.0,5.0,3.0,Free
6634,ASCCP Mobile,MEDICAL,Everyone,Medical,10000.0,9.99,4.5,63.0,Paid
6635,ASCCP Mobile,MEDICAL,Everyone,Medical,10000.0,9.99,4.5,63.0,Paid
6636,Asha Ek Hope - ALS/ MND,MEDICAL,Everyone,Medical,100.0,0.0,5.0,2.0,Free
6637,ASRA Coags,MEDICAL,Everyone,Medical,1000.0,3.99,4.4,15.0,Paid
6638,Aster DM Healthcare,MEDICAL,Everyone,Medical,5000.0,0.0,2.4,32.0,Free
6639,AZ Immune Related AEManagement,MEDICAL,Everyone,Medical,500.0,0.0,3.7,3.0,Free
6640,bacterial vaginosis,MEDICAL,Teen,Medical,10.0,0.0,,0.0,Free
6641,Bacterial Vaginosis Symptoms,MEDICAL,Everyone 10+,Medical,100000.0,0.0,4.1,698.0,Free
6642,Bacterial Vaginosis Symptoms & Treatment,MEDICAL,Everyone,Medical,500.0,0.0,,0.0,Free
6643,Bacterial Vaginosis Treatment,MEDICAL,Everyone,Medical,50.0,0.0,,0.0,Free
6644,Banfield Pet Health Tracker,MEDICAL,Everyone,Medical,100000.0,0.0,4.2,1747.0,Free
6645,Banfield Pet Health Tracker,MEDICAL,Everyone,Medical,100000.0,0.0,4.2,1747.0,Free
6646,Baritastic - Bariatric Tracker,MEDICAL,Everyone,Medical,100000.0,0.0,4.7,4318.0,Free
6647,Basics of Orthopaedics,MEDICAL,Everyone,Medical,10.0,0.0,5.0,1.0,Free
6648,Bayview Hill AH,MEDICAL,Everyone,Medical,50.0,0.0,,0.0,Free
6649,BC Hospital Wait Times,MEDICAL,Everyone,Medical,500.0,0.0,4.2,8.0,Free
6650,BD Briight: Your Diabetes Personal Assistant,MEDICAL,Everyone,Medical,5000.0,0.0,4.8,17.0,Free
6651,Be the Expert in Phlebotomy - Professional Nursing,MEDICAL,Everyone,Medical,1.0,0.99,,0.0,Paid
6652,BELONG Beating Cancer Together,MEDICAL,Teen,Medical,50000.0,0.0,4.7,623.0,Free
6653,BG Monitor Diabetes,MEDICAL,Everyone,Medical,10000.0,0.0,4.4,643.0,Free
6654,BG Monitor Diabetes Pro,MEDICAL,Everyone,Medical,500.0,5.99,4.6,87.0,Paid
6655,BioLife Plasma Services,MEDICAL,Everyone,Medical,100000.0,0.0,3.5,250.0,Free
6656,B-L Animal Hospital,MEDICAL,Everyone,Medical,100.0,0.0,,1.0,Free
6657,Block Buddy,MEDICAL,Everyone,Medical,1000.0,14.99,4.0,15.0,Paid
6658,Block Buddy,MEDICAL,Everyone,Medical,1000.0,14.99,4.0,15.0,Paid
6659,Blood Donor,MEDICAL,Everyone,Medical,500000.0,0.0,4.2,4476.0,Free
6660,Blood Pressure,MEDICAL,Everyone,Medical,5000000.0,0.0,4.2,33033.0,Free
6661,Blood Pressure,MEDICAL,Everyone,Medical,1000.0,0.0,,10.0,Free
6662,Blood Pressure,MEDICAL,Everyone,Medical,5000000.0,0.0,4.2,33033.0,Free
6663,Blood Pressure - Heartcare,MEDICAL,Everyone,Medical,10000.0,0.0,4.2,70.0,Free
6664,Blood Pressure - Stay Healthy,MEDICAL,Everyone,Medical,1000.0,0.0,4.6,7.0,Free
6665,Blood Pressure Companion,MEDICAL,Everyone,Medical,1000.0,0.99,4.2,178.0,Paid
6666,Blood Pressure Companion,MEDICAL,Everyone,Medical,1000.0,0.99,4.2,178.0,Paid
6667,Blood Pressure Log - bpresso.com,MEDICAL,Everyone,Medical,500000.0,0.0,4.2,5661.0,Free
6668,Blood Pressure Log - MyDiary,MEDICAL,Everyone,Medical,500000.0,0.0,4.7,8348.0,Free
6669,Blood Pressure Log - MyDiary,MEDICAL,Everyone,Medical,500000.0,0.0,4.7,8347.0,Free
6670,Blood Pressure Monitor,MEDICAL,Everyone,Medical,10000.0,0.0,4.3,17.0,Free
6671,Blood Pressure Monitor,MEDICAL,Everyone,Medical,10000.0,0.0,4.3,17.0,Free
6672,Blood Pressure Tracker,MEDICAL,Everyone,Medical,1000.0,0.0,4.0,11.0,Free
6673,Blood Pressure(BP) Diary,MEDICAL,Everyone,Medical,1000000.0,0.0,3.7,3596.0,Free
6674,Blood Pressure(BP) Diary,MEDICAL,Everyone,Medical,1000000.0,0.0,3.7,3596.0,Free
6675,Blood Pressure(BP) Report Lite,MEDICAL,Everyone,Medical,10000.0,0.0,4.0,91.0,Free
6676,Blue CareOnDemand,MEDICAL,Everyone,Medical,10000.0,0.0,4.4,163.0,Free
6677,Boston AH,MEDICAL,Everyone,Medical,50.0,0.0,,1.0,Free
6678,BP Journal - Blood Pressure Diary,MEDICAL,Everyone,Medical,1000.0,0.0,5.0,6.0,Free
6679,BP Journal - Blood Pressure Diary,MEDICAL,Everyone,Medical,1000.0,0.0,5.0,6.0,Free
6680,BP Tracker-Symptoms & Solution,MEDICAL,Everyone,Medical,1000.0,0.0,4.2,34.0,Free
6681,bpresso PRO,MEDICAL,Everyone,Medical,1000.0,5.49,4.4,515.0,Paid
6682,Brandon Lakes AH,MEDICAL,Everyone,Medical,100.0,0.0,2.6,5.0,Free
6683,Breastfeeding Tracker Baby Log,MEDICAL,Everyone,Medical,100.0,0.0,,6.0,Free
6684,Breastfeeding Tracker Baby Log,MEDICAL,Everyone,Medical,100.0,0.0,,6.0,Free
6685,Breathing Zone,MEDICAL,Everyone,Medical,5000.0,3.99,4.6,319.0,Paid
6686,Brilliant Distinctions®,MEDICAL,Everyone,Medical,50000.0,0.0,2.8,78.0,Free
6687,BURST Professionals,MEDICAL,Everyone,Medical,1000.0,0.0,4.5,11.0,Free
6688,Calcium Pro,MEDICAL,Everyone,Medical,5000.0,2.99,3.4,77.0,Paid
6689,CARDIAC CT TECHNIQUE,MEDICAL,Everyone,Medical,1000.0,0.0,5.0,6.0,Free
6690,"Cardiac diagnosis (heart rate, arrhythmia)",MEDICAL,Everyone,Medical,100.0,12.99,4.4,8.0,Paid
6691,"Cardiac diagnosis (heart rate, arrhythmia)",MEDICAL,Everyone,Medical,100.0,12.99,4.4,8.0,Paid
6692,"Cardiac diagnosis (heart rate, arrhythmia)",MEDICAL,Everyone,Medical,100000.0,0.0,4.2,4559.0,Free
6693,Cardinal Glennon ER Reference,MEDICAL,Everyone 10+,Medical,1000.0,0.0,4.2,19.0,Free
6694,Cardio Journal — Blood Pressure Log,MEDICAL,Everyone,Medical,100000.0,0.0,4.5,3320.0,Free
6695,Cardio Z,MEDICAL,Everyone,Medical,100.0,5.99,,24.0,Paid
6696,Cardio-FR,MEDICAL,Everyone,Medical,10000.0,0.0,,67.0,Free
6697,CareZone,MEDICAL,Everyone,Medical,1000000.0,0.0,4.4,27524.0,Free
6698,Castlight Mobile,MEDICAL,Everyone,Medical,100000.0,0.0,3.7,529.0,Free
6699,CCHT PREP,MEDICAL,Everyone,Medical,1000.0,10.99,3.6,25.0,Paid
6700,CE Genius Nurses Edition,MEDICAL,Everyone,Medical,1.0,3.99,,0.0,Paid
6701,Cerebral Palsy,MEDICAL,Everyone,Medical,1000.0,0.0,4.4,38.0,Free
6702,CF GeneE,MEDICAL,Everyone,Medical,1000.0,0.0,4.3,16.0,Free
6703,Chenoweth AH,MEDICAL,Everyone,Medical,100.0,0.0,5.0,1.0,Free
6704,Chest CT Sectional Walker,MEDICAL,Everyone,Medical,100.0,9.99,,2.0,Paid
6705,Christella VoiceUp,MEDICAL,Everyone,Medical,5000.0,0.0,4.1,38.0,Free
6706,CL-App,MEDICAL,Everyone,Medical,100.0,0.0,4.7,6.0,Free
6707,Clarksburg AH,MEDICAL,Everyone,Medical,50.0,0.0,1.0,1.0,Free
6708,Claus Paws AH,MEDICAL,Everyone,Medical,100.0,0.0,,1.0,Free
6709,ClearCareGo Caregiver,MEDICAL,Everyone,Medical,50000.0,0.0,4.2,1746.0,Free
6710,Clinic Doctor EHr,MEDICAL,Everyone,Medical,5.0,0.0,5.0,2.0,Free
6711,Clinical Pharmacology,MEDICAL,Everyone,Medical,10.0,0.0,,0.0,Free
6712,CL-Phlebotomist,MEDICAL,Everyone,Medical,100.0,0.0,4.7,19.0,Free
6713,Club,MEDICAL,Everyone,Medical,50000.0,0.0,4.4,3786.0,Free
6714,Cochrane Library,MEDICAL,Everyone,Medical,100.0,0.0,3.7,3.0,Free
6715,Complete Anatomy for Android,MEDICAL,Everyone,Medical,1000.0,0.0,4.1,90.0,Free
6716,ConnectLine,MEDICAL,Everyone,Medical,50000.0,0.0,3.1,253.0,Free
6717,COPD GOLD 2017,MEDICAL,Everyone,Medical,10.0,0.0,,5.0,Free
6718,Critical Care Paramedic Review,MEDICAL,Everyone 10+,Medical,1000.0,9.99,4.4,17.0,Paid
6719,CT Abdomen Pelvis,MEDICAL,Everyone,Medical,10000.0,0.0,4.0,36.0,Free
6720,CT and XR Dose Calculator,MEDICAL,Everyone,Medical,50.0,0.99,,3.0,Paid
6721,CT Cervical Spine,MEDICAL,Everyone,Medical,1000.0,0.0,5.0,5.0,Free
6722,CT MyChiroTown Mobile,MEDICAL,Everyone,Medical,5000.0,0.0,3.9,40.0,Free
6723,CT Neck,MEDICAL,Everyone,Medical,1000.0,0.0,4.4,7.0,Free
6724,CT POSITIONING,MEDICAL,Everyone,Medical,5000.0,0.0,4.5,18.0,Free
6725,CT Pulmonary Angiography,MEDICAL,Everyone,Medical,100.0,0.0,,0.0,Free
6726,CT Scan Cross Sectional Anatomy,MEDICAL,Everyone,Medical,100.0,0.0,4.3,10.0,Free
6727,CT Scan Cross Sectional Anatomy,MEDICAL,Everyone,Medical,100.0,0.0,4.3,10.0,Free
6728,CT Scan Viewer 3D,MEDICAL,Everyone,Medical,1000.0,0.0,4.2,6.0,Free
6729,CT Sessions,MEDICAL,Everyone,Medical,5000.0,0.0,4.3,62.0,Free
6730,CVS Caremark,MEDICAL,Everyone,Medical,500000.0,0.0,3.5,3707.0,Free
6731,Cy-Fair VFD EMS Protocols,MEDICAL,Everyone 10+,Medical,100.0,0.0,5.0,2.0,Free
6732,Dare EMS Protocols,MEDICAL,Everyone 10+,Medical,10.0,0.0,,0.0,Free
6733,Davis's Drug Guide,MEDICAL,Everyone,Medical,50000.0,0.0,3.9,272.0,Free
6734,Davis's Drug Guide for Nurses,MEDICAL,Everyone,Medical,50000.0,0.0,4.5,572.0,Free
6735,Deaf Interpreter,MEDICAL,Everyone,Medical,1000.0,0.0,3.8,24.0,Free
6736,Deep Sleep and Relax Hypnosis,MEDICAL,Everyone,Medical,100000.0,0.0,4.2,4852.0,Free
6737,Delta Dental,MEDICAL,Everyone,Medical,100000.0,0.0,3.0,914.0,Free
6738,Dermatology Atlas (Colored & Illustrative),MEDICAL,Everyone,Medical,100.0,0.0,5.0,3.0,Free
6739,Dexcom G6,MEDICAL,Everyone,Medical,5000.0,0.0,3.0,45.0,Free
6740,Diabetes & Diet Tracker,MEDICAL,Everyone,Medical,1000.0,9.99,4.6,395.0,Paid
6741,Diabetes & Diet Tracker,MEDICAL,Everyone,Medical,1000.0,9.99,4.6,395.0,Paid
6742,Diabetes Connect,MEDICAL,Everyone,Medical,100000.0,0.0,4.5,4027.0,Free
6743,Diabetes mellitus (DM) from zero to hero,MEDICAL,Everyone,Medical,1000.0,0.0,4.9,18.0,Free
6744,Diabetes Testing,MEDICAL,Mature 17+,Medical,500.0,0.0,,1.0,Free
6745,"Diabetes, Blood Pressure, Health Tracker App",MEDICAL,Everyone,Medical,10000.0,0.0,4.5,309.0,Free
6746,Diabetes:M,MEDICAL,Everyone,Medical,100000.0,0.0,4.6,15545.0,Free
6747,Diabetes:M,MEDICAL,Everyone,Medical,100000.0,0.0,4.6,15537.0,Free
6748,Dialysis of Drugs,MEDICAL,Everyone,Medical,10000.0,0.0,2.9,92.0,Free
6749,Differential Dx,MEDICAL,Everyone,Medical,500.0,3.99,4.0,8.0,Paid
6750,Differential Dx Free,MEDICAL,Everyone 10+,Medical,50000.0,0.0,4.0,238.0,Free
6751,Diligan CD VR,MEDICAL,Everyone,Medical,50.0,0.0,,1.0,Free
6752,DMC ER Now,MEDICAL,Everyone,Medical,1000.0,0.0,4.3,6.0,Free
6753,Do I Snore or Grind,MEDICAL,Everyone,Medical,100000.0,0.0,4.4,2295.0,Free
6754,Doctor Finder CY,MEDICAL,Everyone,Medical,1000.0,0.0,4.9,57.0,Free
6755,Doctor On Demand,MEDICAL,Everyone,Medical,1000000.0,0.0,4.7,18674.0,Free
6756,Doctors Care,MEDICAL,Everyone,Medical,10.0,0.0,,0.0,Free
6757,Doctr – ER wait times in Canada,MEDICAL,Everyone,Medical,50000.0,0.0,4.2,980.0,Free
6758,Dosecast - Medication Reminder,MEDICAL,Everyone,Medical,100000.0,0.0,4.3,4107.0,Free
6759,Downers Grove AH,MEDICAL,Everyone,Medical,100.0,0.0,,0.0,Free
6760,DreamMapper,MEDICAL,Everyone,Medical,100000.0,0.0,4.2,10710.0,Free
6761,Drug Calculator,MEDICAL,Everyone,Medical,10.0,0.0,,0.0,Free
6762,Drugs Dz - Algeria,MEDICAL,Everyone,Medical,10000.0,0.0,4.4,187.0,Free
6763,Drugs.com Medication Guide,MEDICAL,Everyone,Medical,1000000.0,0.0,4.4,15875.0,Free
6764,DT Health,MEDICAL,Everyone,Medical,10.0,0.0,,1.0,Free
6765,e-Anatomy,MEDICAL,Everyone,Medical,100000.0,0.0,4.0,1545.0,Free
6766,ear super hearing,MEDICAL,Everyone,Medical,5.0,0.0,,0.0,Free
6767,Ebenezer AH,MEDICAL,Everyone,Medical,500.0,0.0,4.0,4.0,Free
6768,Emergency Brain CT,MEDICAL,Everyone,Medical,10.0,0.99,,2.0,Paid
6769,EMT PASS,MEDICAL,Everyone,Medical,1000.0,29.99,3.4,51.0,Paid
6770,EMT PASS,MEDICAL,Everyone,Medical,1000.0,29.99,3.4,51.0,Paid
6771,EMT Review Plus,MEDICAL,Everyone,Medical,10000.0,11.99,4.5,199.0,Paid
6772,EMT Review Plus,MEDICAL,Everyone,Medical,10000.0,11.99,4.5,199.0,Paid
6773,EMT Study - NREMT Test Prep,MEDICAL,Everyone,Medical,5000.0,3.99,4.3,35.0,Paid
6774,EMT Tutor NREMT-B Study Guide,MEDICAL,Everyone,Medical,10000.0,3.99,4.6,625.0,Paid
6775,EMT Tutor NREMT-B Study Guide,MEDICAL,Everyone,Medical,10000.0,3.99,4.6,625.0,Paid
6776,EMT-B Pocket Prep,MEDICAL,Everyone,Medical,50000.0,0.0,4.5,2951.0,Free
6777,EMT-B Pocket Prep,MEDICAL,Everyone,Medical,50000.0,0.0,4.5,2948.0,Free
6778,"End Anxiety Pro - Stress, Panic Attack Help",MEDICAL,Everyone,Medical,1000.0,3.99,4.2,33.0,Paid
6779,EP Calipers,MEDICAL,Everyone,Medical,100.0,0.99,,4.0,Paid
6780,EP Coding,MEDICAL,Everyone,Medical,50.0,0.99,,0.0,Paid
6781,EP Cook Book,MEDICAL,Everyone,Medical,0.0,200.0,,0.0,Paid
6782,EP Lab Digest,MEDICAL,Everyone,Medical,500.0,0.0,2.3,11.0,Free
6783,EP Mobile,MEDICAL,Everyone,Medical,50000.0,0.0,4.3,267.0,Free
6784,Epocrates Plus,MEDICAL,Everyone,Medical,1000000.0,0.0,4.3,23889.0,Free
6785,ERres- Emergency Medicine,MEDICAL,Everyone,Medical,1000.0,4.99,4.2,45.0,Paid
6786,Essential Anatomy 3,MEDICAL,Mature 17+,Medical,50000.0,11.99,4.1,1533.0,Paid
6787,Essential Anatomy 3,MEDICAL,Mature 17+,Medical,50000.0,11.99,4.1,1533.0,Paid
6788,EVA - Menstrual calendar and fertility,MEDICAL,Everyone,Medical,1000.0,0.0,,25.0,Free
6789,Eversense,MEDICAL,Everyone,Medical,100.0,0.0,,3.0,Free
6790,Every disease has a drug without internet,MEDICAL,Everyone,Medical,10000.0,0.0,,44.0,Free
6791,EXOGEN Connects (US),MEDICAL,Everyone,Medical,10.0,0.0,,0.0,Free
6792,Exposure Ed,MEDICAL,Everyone,Medical,500.0,0.0,3.0,2.0,Free
6793,ExtendedCare Virtual Care Room,MEDICAL,Everyone,Medical,5.0,0.0,,0.0,Free
6794,Familial Hypercholesterolaemia,MEDICAL,Everyone,Medical,10.0,0.0,,0.0,Free
6795,Familial Hypercholesterolaemia Handbook,MEDICAL,Everyone,Medical,100.0,0.0,1.0,2.0,Free
6796,Familyfirst Messenger,MEDICAL,Everyone,Medical,10.0,0.0,4.0,1.0,Free
6797,Ferguson AH,MEDICAL,Everyone,Medical,100.0,0.0,,0.0,Free
6798,Fever Care,MEDICAL,Everyone,Medical,5000.0,0.0,3.5,19.0,Free
6799,Fever Meter,MEDICAL,Everyone,Medical,5000.0,0.0,3.6,26.0,Free
6800,FH® Cost Lookup / FH® CCSalud,MEDICAL,Everyone,Medical,1000.0,0.0,4.5,30.0,Free
6801,FHR 5-Tier 2.0,MEDICAL,Everyone,Medical,500.0,2.99,5.0,2.0,Paid
6802,FK,MEDICAL,Everyone,Medical,100000.0,0.0,4.4,1517.0,Free
6803,FollowMyHealth®,MEDICAL,Everyone,Medical,1000000.0,0.0,4.6,73118.0,Free
6804,FoothillsVet,MEDICAL,Everyone,Medical,50.0,0.0,5.0,2.0,Free
6805,Forest Crossing AH,MEDICAL,Everyone,Medical,10.0,0.0,,0.0,Free
6806,FP Notebook,MEDICAL,Everyone,Medical,50000.0,0.0,4.5,408.0,Free
6807,FP Notebook,MEDICAL,Everyone,Medical,50000.0,0.0,4.5,410.0,Free
6808,fred's Pharmacy,MEDICAL,Everyone,Medical,100000.0,0.0,3.0,315.0,Free
6809,fred's Pharmacy,MEDICAL,Everyone,Medical,100000.0,0.0,3.0,315.0,Free
6810,Free Blood Pressure,MEDICAL,Everyone,Medical,5000.0,0.0,,7.0,Free
6811,Free Blood Pressure,MEDICAL,Everyone,Medical,5000.0,0.0,,7.0,Free
6812,Free Blood Pressure,MEDICAL,Everyone,Medical,5000.0,0.0,,7.0,Free
6813,Free Hypnosis,MEDICAL,Everyone,Medical,100000.0,0.0,4.2,4303.0,Free
6814,Freeland AH,MEDICAL,Everyone,Medical,100.0,0.0,,0.0,Free
6815,Full Code - Emergency Medicine Simulation,MEDICAL,Everyone,Medical,100.0,0.0,,0.0,Free
6816,Galaxies of Hope,MEDICAL,Everyone,Medical,50.0,0.0,5.0,2.0,Free
6817,Get SMART ER/LA Opioids,MEDICAL,Everyone,Medical,500.0,0.0,,0.0,Free
6818,GGDE: Prevent & Beat Depression Symptoms,MEDICAL,Everyone,Medical,50.0,0.0,,2.0,Free
6819,GlassesOff,MEDICAL,Everyone,Medical,100000.0,0.0,3.5,1288.0,Free
6820,GoodRx Drug Prices and Coupons,MEDICAL,Everyone,Medical,1000000.0,0.0,4.8,59158.0,Free
6821,Gravidez ao Vivo,MEDICAL,Everyone,Medical,1000.0,2.99,,61.0,Paid
6822,HACH Cares,MEDICAL,Everyone,Medical,10.0,0.0,,0.0,Free
6823,HEAD TRAUMA CT EVALUATION,MEDICAL,Everyone,Medical,10000.0,0.0,4.5,18.0,Free
6824,HealtheLife,MEDICAL,Everyone,Medical,100000.0,0.0,3.6,190.0,Free
6825,Hello Face,MEDICAL,Everyone,Medical,10.0,0.0,,0.0,Free
6826,HESI A2 Pocket Prep,MEDICAL,Everyone,Medical,50000.0,0.0,4.3,2108.0,Free
6827,HHS,MEDICAL,Everyone,Medical,500.0,0.0,,0.0,Free
6828,High Blood Pressure,MEDICAL,Everyone,Medical,1000.0,0.0,3.8,4.0,Free
6829,High Blood Pressure Symptoms,MEDICAL,Everyone,Medical,100000.0,0.0,4.0,531.0,Free
6830,High Blood Pressure Symptoms,MEDICAL,Everyone,Medical,10000.0,0.0,4.3,46.0,Free
6831,high cholesterol levels,MEDICAL,Everyone,Medical,100.0,0.0,,0.0,Free
6832,Hilltop AH,MEDICAL,Everyone,Medical,100.0,0.0,,0.0,Free
6833,Homeopathic Medicine Finder,MEDICAL,Everyone,Medical,1000.0,0.0,3.6,10.0,Free
6834,Hospitalist Handbook,MEDICAL,Everyone,Medical,1000.0,19.99,4.8,12.0,Paid
6835,Hospitalist Handbook,MEDICAL,Everyone,Medical,1000.0,19.99,4.8,12.0,Paid
6836,Human Anatomy Atlas 2018: Complete 3D Human Body,MEDICAL,Everyone,Medical,100000.0,24.99,4.5,2921.0,Paid
6837,Human Anatomy Atlas 2018: Complete 3D Human Body,MEDICAL,Everyone,Medical,100000.0,24.99,4.5,2921.0,Paid
6838,Human Anatomy Atlas 2018: Complete 3D Human Body,MEDICAL,Everyone,Medical,100000.0,24.99,4.5,2923.0,Paid
6839,Human Dx,MEDICAL,Everyone,Medical,500.0,0.0,4.8,6.0,Free
6840,Hypertension Hi blood pressure,MEDICAL,Everyone,Medical,100000.0,0.0,3.8,292.0,Free
6841,Hypertension High blood pressure,MEDICAL,Everyone,Medical,100000.0,0.0,3.8,292.0,Free
6842,IBM Micromedex Drug Info,MEDICAL,Everyone,Medical,10000.0,2.99,3.8,206.0,Paid
6843,IBM Micromedex Drug Info,MEDICAL,Everyone,Medical,10000.0,2.99,3.8,206.0,Paid
6844,iBP Blood Pressure,MEDICAL,Everyone,Medical,10000.0,0.99,4.4,578.0,Paid
6845,iBP Blood Pressure,MEDICAL,Everyone,Medical,10000.0,0.99,4.4,578.0,Paid
6846,iFORA BM,MEDICAL,Everyone,Medical,100.0,0.0,,3.0,Free
6847,iFORA BP,MEDICAL,Everyone,Medical,1000.0,0.0,3.4,18.0,Free
6848,IHSS Help,MEDICAL,Everyone,Medical,1000.0,0.0,4.7,10.0,Free
6849,InfantRisk Center HCP,MEDICAL,Everyone,Medical,1000.0,9.99,2.6,41.0,Paid
6850,infirmiers,MEDICAL,Everyone,Medical,10000.0,0.0,4.7,125.0,Free
6851,Interactive CT & MRI Anat.Lite,MEDICAL,Everyone,Medical,100000.0,0.0,3.8,534.0,Free
6852,Interactive CT and MRI Anatomy,MEDICAL,Everyone,Medical,1000.0,15.46,3.4,35.0,Paid
6853,Interpret Chest X-Ray With 100 Cases,MEDICAL,Everyone,Medical,100.0,0.0,4.6,5.0,Free
6854,Jaylex,MEDICAL,Everyone,Medical,10.0,0.0,,0.0,Free
6855,JH Blood Pressure Monitor,MEDICAL,Everyone,Medical,500.0,0.0,3.7,9.0,Free
6856,JH Blood Pressure Monitor,MEDICAL,Everyone,Medical,500.0,0.0,3.7,9.0,Free
6857,Johns Hopkins Guides ABX...,MEDICAL,Everyone,Medical,10000.0,0.0,4.7,73.0,Free
6858,Journal Club: Medicine,MEDICAL,Everyone,Medical,10000.0,6.99,4.8,216.0,Paid
6859,Journal Club: Medicine,MEDICAL,Everyone,Medical,10000.0,6.99,4.8,216.0,Paid
6860,Kay AH GA,MEDICAL,Everyone,Medical,1.0,0.0,,0.0,Free
6861,KBA-EZ Health Guide,MEDICAL,Everyone,Medical,1.0,0.0,5.0,4.0,Free
6862,Kimbrough AH,MEDICAL,Everyone,Medical,100.0,0.0,5.0,5.0,Free
6863,Lab Values + Medical Reference,MEDICAL,Everyone,Medical,10000.0,2.99,4.5,133.0,Paid
6864,LabCorp | Patient,MEDICAL,Everyone,Medical,10000.0,0.0,3.6,27.0,Free
6865,Labs on Demand,MEDICAL,Everyone,Medical,10.0,0.0,5.0,1.0,Free
6866,LactMed,MEDICAL,Everyone,Medical,100000.0,0.0,4.3,573.0,Free
6867,Language Therapy: Aphasia,MEDICAL,Everyone,Medical,1000.0,74.99,,10.0,Paid
6868,Lego Ninjago Wallpaper,MEDICAL,Everyone,Medical,100.0,0.0,,2.0,Free
6869,Libre Scan (Diabetes:M addon),MEDICAL,Everyone,Medical,10000.0,0.0,2.4,102.0,Free
6870,Lippincott Nursing Advisor,MEDICAL,Everyone,Medical,50000.0,0.0,3.8,343.0,Free
6871,live Point,MEDICAL,Mature 17+,Medical,5000.0,0.0,3.6,54.0,Free
6872,Lord Fairfax EMS Council,MEDICAL,Everyone,Medical,50.0,0.0,,0.0,Free
6873,Low Blood Pressure Symptoms,MEDICAL,Everyone,Medical,10000.0,0.0,4.2,28.0,Free
6874,LTC AS Legal,MEDICAL,Everyone,Medical,100.0,39.99,4.0,6.0,Paid
6875,Manage My Pain Pro,MEDICAL,Everyone,Medical,5000.0,3.99,4.4,726.0,Paid
6876,Maricopa AH,MEDICAL,Everyone,Medical,100.0,0.0,,0.0,Free
6877,Maricopa AH,MEDICAL,Everyone,Medical,100.0,0.0,,0.0,Free
6878,Mayo Clinic,MEDICAL,Everyone,Medical,500000.0,0.0,4.3,2218.0,Free
6879,MbH BM,MEDICAL,Everyone,Medical,100.0,0.0,1.0,1.0,Free
6880,MbH BP,MEDICAL,Everyone,Medical,1000.0,0.0,3.7,9.0,Free
6881,MD PAWS AH,MEDICAL,Everyone,Medical,100.0,0.0,,0.0,Free
6882,MDLIVE: Talk to a Doctor 24/7,MEDICAL,Everyone,Medical,100000.0,0.0,3.4,650.0,Free
6883,Medical ID - In Case of Emergency (ICE),MEDICAL,Everyone,Medical,5000.0,5.99,4.6,717.0,Paid
6884,Medical ID - In Case of Emergency (ICE),MEDICAL,Everyone,Medical,5000.0,5.99,4.6,717.0,Paid
6885,Medical terms (OFFLINE),MEDICAL,Teen,Medical,1000.0,2.99,4.4,104.0,Paid
6886,MedM Blood Pressure,MEDICAL,Everyone,Medical,10000.0,0.0,4.0,255.0,Free
6887,MedStar eVisit,MEDICAL,Everyone,Medical,5000.0,0.0,4.5,20.0,Free
6888,Menstrual Calendar Premium,MEDICAL,Everyone,Medical,50000.0,3.99,4.4,4207.0,Paid
6889,Migraine Buddy - The Migraine and Headache tracker,MEDICAL,Everyone,Medical,500000.0,0.0,4.7,26862.0,Free
6890,"Migraine, Headache Diary HeadApp Pro",MEDICAL,Everyone,Medical,500.0,3.49,4.6,156.0,Paid
6891,Mitchell AH,MEDICAL,Everyone,Medical,50.0,0.0,,0.0,Free
6892,mobileRx Pharmacy,MEDICAL,Everyone,Medical,10000.0,0.0,2.5,124.0,Free
6893,MommyMeds,MEDICAL,Everyone,Medical,5000.0,3.99,3.2,45.0,Paid
6894,Monash Uni Low FODMAP Diet,MEDICAL,Everyone,Medical,100000.0,9.0,4.2,1135.0,Paid
6895,Monash Uni Low FODMAP Diet,MEDICAL,Everyone,Medical,100000.0,9.0,4.2,1135.0,Paid
6896,Monticello AH,MEDICAL,Everyone,Medical,50.0,0.0,,0.0,Free
6897,Moodpath - Depression & Anxiety Test,MEDICAL,Everyone,Medical,100000.0,0.0,4.6,6035.0,Free
6898,MoodSpace,MEDICAL,Everyone,Medical,50000.0,0.0,4.5,503.0,Free
6899,MoodSpace,MEDICAL,Everyone,Medical,50000.0,0.0,4.5,503.0,Free
6900,Mukwonago AH,MEDICAL,Everyone,Medical,100.0,0.0,,1.0,Free
6901,Multiple Sclerosis Dx & Mgmt.,MEDICAL,Everyone,Medical,10000.0,0.0,4.5,131.0,Free
6902,"Muscle Premium - Human Anatomy, Kinesiology, Bones",MEDICAL,Everyone,Medical,10000.0,24.99,4.2,168.0,Paid
6903,"Muscle Premium - Human Anatomy, Kinesiology, Bones",MEDICAL,Everyone,Medical,10000.0,24.99,4.2,168.0,Paid
6904,Muscle Trigger Point Anatomy,MEDICAL,Everyone,Medical,50000.0,2.99,4.4,1361.0,Paid
6905,My Calendar - Period Tracker,MEDICAL,Everyone,Medical,5000000.0,0.0,4.7,156410.0,Free
6906,My Cancer Coach,MEDICAL,Everyone,Medical,10000.0,0.0,4.3,44.0,Free
6907,myAir™ for Air10™ by ResMed,MEDICAL,Everyone,Medical,50000.0,0.0,3.7,236.0,Free
6908,MyChart,MEDICAL,Everyone,Medical,1000000.0,0.0,4.2,19473.0,Free
6909,myNaida CI,MEDICAL,Everyone,Medical,5000.0,0.0,4.6,64.0,Free
6910,MyQuest for Patients,MEDICAL,Everyone,Medical,100000.0,0.0,4.0,3803.0,Free
6911,mySugr: the blood sugar tracker made just for you,MEDICAL,Everyone,Medical,1000000.0,0.0,4.6,21189.0,Free
6912,mySugr: the blood sugar tracker made just for you,MEDICAL,Everyone,Medical,1000000.0,0.0,4.6,21189.0,Free
6913,mySugr: the blood sugar tracker made just for you,MEDICAL,Everyone,Medical,1000000.0,0.0,4.6,21187.0,Free
6914,myvi by,MEDICAL,Everyone,Medical,10000.0,0.0,3.8,122.0,Free
6915,MyWoundDoctor - Provider,MEDICAL,Everyone,Medical,1.0,0.0,,0.0,Free
6916,Navi Radiography Pro,MEDICAL,Everyone,Medical,500.0,15.99,4.7,11.0,Paid
6917,NCLEX Multi-topic Nursing Exam Review-Quiz & notes,MEDICAL,Everyone,Medical,10.0,0.0,5.0,1.0,Free
6918,NCLEX-RN Q&A FLASH CARDS - FA Davis,MEDICAL,Everyone,Medical,1000.0,0.0,,2.0,Free
6919,Nemours CareConnect,MEDICAL,Everyone,Medical,10000.0,0.0,4.4,65.0,Free
6920,Nucleus Smart,MEDICAL,Everyone,Medical,1000.0,0.0,3.7,20.0,Free
6921,Number Therapy,MEDICAL,Everyone,Medical,50.0,14.99,,0.0,Paid
6922,Nurse Grid,MEDICAL,Everyone,Medical,100000.0,0.0,4.5,1686.0,Free
6923,Nurse Grid,MEDICAL,Everyone,Medical,100000.0,0.0,4.5,1686.0,Free
6924,Nursing Care Plan NANDA Tables,MEDICAL,Everyone,Medical,500.0,0.99,3.0,4.0,Paid
6925,Nursing Central,MEDICAL,Everyone,Medical,10000.0,0.0,4.3,168.0,Free
6926,OB-GYN USMLE Stp2 CK 300 Q & A,MEDICAL,Everyone,Medical,10000.0,0.0,4.4,34.0,Free
6927,OE TRACKER CE Attendance App,MEDICAL,Everyone,Medical,5000.0,0.0,3.4,16.0,Free
6928,Official NBSTSA CSFA Exam Prep,MEDICAL,Everyone,Medical,1000.0,0.0,4.4,137.0,Free
6929,Official NBSTSA CST Exam Prep,MEDICAL,Everyone,Medical,10000.0,0.0,4.4,2159.0,Free
6930,OMD Protocols,MEDICAL,Everyone,Medical,10.0,0.0,,0.0,Free
6931,OmniMedix Medical Calculator,MEDICAL,Everyone,Medical,1000.0,4.99,4.7,25.0,Paid
6932,OneTouch Reveal,MEDICAL,Everyone,Medical,500000.0,0.0,3.9,6266.0,Free
6933,OnTrack Diabetes,MEDICAL,Everyone,Medical,500000.0,0.0,4.3,6079.0,Free
6934,Open Sesame - Touch Free Control,MEDICAL,Everyone,Medical,10000.0,0.0,4.4,197.0,Free
6935,OptoDrum,MEDICAL,Everyone,Medical,1000.0,5.99,3.9,10.0,Paid
6936,OptumRx,MEDICAL,Everyone,Medical,100000.0,0.0,3.4,1838.0,Free
6937,OrthoFlow,MEDICAL,Everyone,Medical,10.0,5.99,,0.0,Paid
6938,Ovia Fertility Tracker & Ovulation Calculator,MEDICAL,Everyone,Medical,1000000.0,0.0,4.8,53743.0,Free
6939,Ovia Fertility Tracker & Ovulation Calculator,MEDICAL,Everyone,Medical,1000000.0,0.0,4.8,53747.0,Free
6940,Ovia Parenting & Baby Development Tracker,MEDICAL,Everyone,Medical,100000.0,0.0,4.7,6185.0,Free
6941,Ovia Pregnancy Tracker & Baby Countdown Calendar,MEDICAL,Everyone,Medical,1000000.0,0.0,4.8,102858.0,Free
6942,Pain Tracker & Diary,MEDICAL,Everyone,Medical,100.0,2.99,4.3,3.0,Paid
6943,palmPEDi: Pediatric Tape,MEDICAL,Everyone,Medical,5000.0,0.99,4.6,66.0,Paid
6944,Paramedic Meds,MEDICAL,Everyone,Medical,10000.0,1.99,4.5,163.0,Paid
6945,Paramedic Pocket Prep,MEDICAL,Everyone,Medical,10000.0,0.0,4.3,460.0,Free
6946,Paramedic Protocol Provider,MEDICAL,Everyone 10+,Medical,10000.0,10.0,4.5,171.0,Paid
6947,Paramedic Protocol Provider,MEDICAL,Everyone 10+,Medical,10000.0,10.0,4.5,171.0,Paid
6948,Parkinson Exercices FR,MEDICAL,Everyone,Medical,1000.0,0.0,,3.0,Free
6949,Patient Portal,MEDICAL,Everyone,Medical,50000.0,0.0,2.8,66.0,Free
6950,PatientPORTAL by InteliChart,MEDICAL,Everyone,Medical,500.0,0.0,,1.0,Free
6951,PCOS Guide - Fight PCOS naturally,MEDICAL,Everyone,Medical,100.0,0.0,,0.0,Free
6952,Pedi STAT,MEDICAL,Everyone,Medical,10000.0,5.49,4.6,129.0,Paid
6953,Pedi STAT,MEDICAL,Everyone,Medical,10000.0,5.49,4.6,129.0,Paid
6954,Pediatric Emergency Guide,MEDICAL,Everyone,Medical,100.0,0.0,,0.0,Free
6955,Pediatric Nursing,MEDICAL,Everyone,Medical,100.0,0.0,4.9,14.0,Free
6956,Penn State Health OnDemand,MEDICAL,Everyone,Medical,50.0,0.0,,0.0,Free
6957,Penn State Health OnDemand,MEDICAL,Everyone,Medical,50.0,0.0,,0.0,Free
6958,Period Tracker,MEDICAL,Everyone,Medical,1000000.0,0.0,4.9,100082.0,Free
6959,Philips IQon Spectral CT Fundamentals.,MEDICAL,Everyone,Medical,100.0,0.0,,2.0,Free
6960,Pill Identifier and Drug list,MEDICAL,Everyone,Medical,100000.0,0.0,4.0,488.0,Free
6961,PMHNP-BC Pocket Prep,MEDICAL,Everyone,Medical,1000.0,0.0,4.4,112.0,Free
6962,PMHNP-BC Pocket Prep,MEDICAL,Everyone,Medical,1000.0,0.0,4.4,112.0,Free
6963,POCKET ATLAS CARDIAC MRI AND CT,MEDICAL,Everyone,Medical,50.0,0.0,,0.0,Free
6964,POCKET ATLAS OF CT HEAD,MEDICAL,Everyone,Medical,10000.0,0.0,4.3,22.0,Free
6965,POCKET BOOK CT ABDOMEN,MEDICAL,Everyone,Medical,100.0,0.0,,0.0,Free
6966,Pocket Lab Values,MEDICAL,Everyone,Medical,10000.0,2.99,4.3,214.0,Paid
6967,PPCNP-BC Pocket Prep,MEDICAL,Everyone,Medical,50.0,0.0,,3.0,Free
6968,Pregnancy Calculator and Tracker app,MEDICAL,Everyone,Medical,1000000.0,0.0,4.8,69126.0,Free
6969,Pregnancy Week By Week,MEDICAL,Everyone,Medical,1000000.0,0.0,4.8,78825.0,Free
6970,Prestige AH,MEDICAL,Everyone,Medical,100.0,0.0,4.0,2.0,Free
6971,PrimeDelivery,MEDICAL,Everyone,Medical,10.0,0.0,5.0,3.0,Free
6972,PTA Content Master,MEDICAL,Everyone,Medical,1000.0,29.99,4.2,64.0,Paid
6973,PTA Content Master,MEDICAL,Everyone,Medical,1000.0,29.99,4.2,64.0,Paid
6974,PulsePoint AED,MEDICAL,Everyone,Medical,50000.0,0.0,4.5,330.0,Free
6975,PulsePoint Respond,MEDICAL,Everyone,Medical,100000.0,0.0,4.5,7837.0,Free
6976,"Pzizz - Sleep, Nap, Focus",MEDICAL,Everyone,Medical,100000.0,0.0,4.3,5521.0,Free
6977,Radiological Anatomy For FRCR1,MEDICAL,Everyone,Medical,100.0,6.99,4.8,12.0,Paid
6978,Radiology CT Anatomy,MEDICAL,Everyone,Medical,50000.0,0.0,4.2,345.0,Free
6979,Radiology CT Viewer,MEDICAL,Everyone,Medical,10000.0,0.0,3.6,35.0,Free
6980,RadRevision: Anatomy on CT,MEDICAL,Everyone,Medical,50000.0,0.0,3.8,568.0,Free
6981,Recognise Foot,MEDICAL,Everyone,Medical,1000.0,7.49,4.2,9.0,Paid
6982,REDCap Mobile App,MEDICAL,Everyone,Medical,10000.0,0.0,4.3,56.0,Free
6983,Registered Dietitian Pocket Prep,MEDICAL,Everyone,Medical,5000.0,0.0,4.3,283.0,Free
6984,Renesas PMA,MEDICAL,Everyone,Medical,5.0,0.0,,0.0,Free
6985,RT 516 VET,MEDICAL,Everyone,Medical,10.0,0.0,,0.0,Free
6986,RT 516 VET,MEDICAL,Everyone,Medical,10.0,0.0,,0.0,Free
6987,San Dimas AH,MEDICAL,Everyone,Medical,100.0,0.0,,0.0,Free
6988,Sanford Guide:Antimicrobial Rx,MEDICAL,Everyone,Medical,100000.0,0.0,4.5,1388.0,Free
6989,Saunders Comprehensive Review NCLEX-PN Examination,MEDICAL,Everyone,Medical,5000.0,0.0,3.7,3.0,Free
6990,Sayers AH,MEDICAL,Everyone,Medical,50.0,0.0,,0.0,Free
6991,ScriptSave WellRx Rx Discounts,MEDICAL,Everyone,Medical,100000.0,0.0,3.8,700.0,Free
6992,ScriptSave WellRx Rx Discounts,MEDICAL,Everyone,Medical,100000.0,0.0,3.8,700.0,Free
6993,Sherbourne AH,MEDICAL,Everyone,Medical,50.0,0.0,,1.0,Free
6994,Simple Blood Pressure log,MEDICAL,Everyone,Medical,1000.0,0.0,3.9,31.0,Free
6995,Smartshading AI,MEDICAL,Everyone,Medical,10.0,0.0,,0.0,Free
6996,SnakeBite911 ER,MEDICAL,Everyone,Medical,500.0,0.0,,1.0,Free
6997,SnakeBite911 FR,MEDICAL,Everyone,Medical,500.0,0.0,,1.0,Free
6998,SonicCloud: Hearing App,MEDICAL,Everyone,Medical,1000.0,0.0,4.4,15.0,Free
6999,"Speak quietly: Autism, CP",MEDICAL,Everyone,Medical,1000.0,0.0,,6.0,Free
7000,Squeezy CF,MEDICAL,Everyone,Medical,10.0,2.99,,0.0,Paid
7001,Summit Medical Video Visits,MEDICAL,Everyone,Medical,10.0,0.0,,0.0,Free
7002,Super Ear,MEDICAL,Everyone,Medical,100000.0,0.0,4.0,3498.0,Free
7003,Super Ear Super Hearing,MEDICAL,Everyone,Medical,10000.0,0.0,4.0,122.0,Free
7004,Super Hearing Secret Voices Recorder PRO,MEDICAL,Everyone,Medical,100.0,2.99,5.0,3.0,Paid
7005,Super Hearing Super Ear Amplifier,MEDICAL,Everyone,Medical,1000.0,0.0,4.1,21.0,Free
7006,Super Hearing Super Ear Amplifier,MEDICAL,Everyone,Medical,1000.0,0.0,4.1,21.0,Free
7007,Sway Medical,MEDICAL,Everyone,Medical,100.0,0.0,5.0,3.0,Free
7008,Sway Medical,MEDICAL,Everyone,Medical,100.0,0.0,5.0,3.0,Free
7009,tökr,MEDICAL,Everyone,Medical,1000.0,0.0,4.6,17.0,Free
7010,Tablet Reminder,MEDICAL,Everyone,Medical,5.0,0.0,5.0,4.0,Free
7011,"Talking Pictures: Autism, CP",MEDICAL,Everyone,Medical,5000.0,0.0,3.9,22.0,Free
7012,Tarascon Pharmacopoeia,MEDICAL,Everyone 10+,Medical,10000.0,0.0,4.4,275.0,Free
7013,Teach Me Anatomy,MEDICAL,Everyone,Medical,500000.0,0.0,4.7,9945.0,Free
7014,TelaDoc,MEDICAL,Everyone,Medical,1000.0,0.0,4.7,6.0,Free
7015,Teladoc Member,MEDICAL,Everyone,Medical,500000.0,0.0,4.0,2094.0,Free
7016,Teladoc Member,MEDICAL,Everyone,Medical,500000.0,0.0,4.0,2094.0,Free
7017,Thyroid Nodules,MEDICAL,Everyone,Medical,10.0,0.0,,0.0,Free
7018,Tinnitus Alleviator,MEDICAL,Everyone,Medical,5000.0,0.0,3.1,82.0,Free
7019,To,MEDICAL,Everyone,Medical,10000.0,0.0,4.2,22.0,Free
7020,Traditional Chinese Medicine Fangfang Liangfang Daquan - Practical and ancient Chinese medicine and old prescriptions for the treatment of various incurable diseases,MEDICAL,Everyone,Medical,10.0,0.0,,1.0,Free
7021,Training course: Learn Nursing,MEDICAL,Everyone,Medical,100.0,0.0,,0.0,Free
7022,Trauma CT Head Rules,MEDICAL,Everyone,Medical,100.0,0.0,,2.0,Free
7023,Tuberculose Dz,MEDICAL,Everyone,Medical,1000.0,0.0,4.9,26.0,Free
7024,TUTORIAL CT SCAN CARDIAC,MEDICAL,Everyone,Medical,1000.0,0.0,,1.0,Free
7025,UM BP Track,MEDICAL,Everyone,Medical,50.0,0.0,2.0,1.0,Free
7026,Vargo Anesthesia Mega App,MEDICAL,Everyone,Medical,1000.0,79.99,4.6,92.0,Paid
7027,Vargo Anesthesia Mega App,MEDICAL,Everyone,Medical,1000.0,79.99,4.6,92.0,Paid
7028,VeinSeek,MEDICAL,Everyone,Medical,1000.0,3.99,2.5,79.0,Paid
7029,VetCode,MEDICAL,Everyone,Medical,5000.0,0.0,4.9,28.0,Free
7030,Visual Anatomy 2,MEDICAL,Everyone,Medical,5000.0,2.49,4.4,576.0,Paid
7031,Visualmed,MEDICAL,Everyone,Medical,1.0,2.99,,0.0,Paid
7032,VITAS Hospice Referral App for Healthcare Pros,MEDICAL,Everyone,Medical,5000.0,0.0,4.4,27.0,Free
7033,VitusVet: Pet Health Care App,MEDICAL,Everyone,Medical,100000.0,0.0,4.8,3052.0,Free
7034,WAH 247,MEDICAL,Everyone,Medical,1.0,0.0,,0.0,Free
7035,WAH AH,MEDICAL,Everyone,Medical,100.0,0.0,,0.0,Free
7036,Warfarin Dose Calculator,MEDICAL,Everyone,Medical,50.0,0.0,,0.0,Free
7037,Weill Cornell Medicine,MEDICAL,Everyone,Medical,50.0,0.0,,0.0,Free
7038,Whist - Tinnitus Relief,MEDICAL,Everyone,Medical,1000.0,1.99,4.1,12.0,Paid
7039,Wide address pocket prep,MEDICAL,Everyone,Medical,5000.0,0.0,4.5,513.0,Free
7040,Wireless BP,MEDICAL,Everyone,Medical,500.0,0.0,1.8,30.0,Free
7041,With Helper Pro Pill Reminder,MEDICAL,Everyone,Medical,5000.0,3.99,4.6,358.0,Paid
7042,Woodland AH,MEDICAL,Everyone,Medical,50.0,0.0,,0.0,Free
7043,Youper - AI Therapy,MEDICAL,Everyone,Medical,50000.0,0.0,4.6,2006.0,Free
7044,Youper - AI Therapy,MEDICAL,Everyone,Medical,50000.0,0.0,4.6,2014.0,Free
7045,Youper - AI Therapy,MEDICAL,Everyone,Medical,50000.0,0.0,4.6,1976.0,Free
7046,You're an Anime,MEDICAL,Everyone,Medical,10.0,0.0,5.0,2.0,Free
7047,Zen Leaf,MEDICAL,Mature 17+,Medical,100.0,0.0,5.0,1.0,Free
7048,Zocdoc: Find Doctors & Book Appointments,MEDICAL,Everyone,Medical,500000.0,0.0,4.5,6099.0,Free
7049,058.ba,NEWS_AND_MAGAZINES,Everyone,News & Magazines,100.0,0.0,4.4,27.0,Free
7050,20 Minuten (CH),NEWS_AND_MAGAZINES,Everyone 10+,News & Magazines,1000000.0,0.0,3.5,14153.0,Free
7051,20 minutes (CH),NEWS_AND_MAGAZINES,Teen,News & Magazines,1000000.0,0.0,3.7,4379.0,Free
7052,Égalité et Réconciliation,NEWS_AND_MAGAZINES,Everyone,News & Magazines,500.0,2.99,4.9,58.0,Paid
7053,Aaj Bangla: ei samay er khobor,NEWS_AND_MAGAZINES,Everyone,News & Magazines,1000.0,0.0,4.9,34.0,Free
7054,ABC News - US & World News,NEWS_AND_MAGAZINES,Everyone 10+,News & Magazines,1000000.0,0.0,4.0,18976.0,Free
7055,ABC News - US & World News,NEWS_AND_MAGAZINES,Everyone 10+,News & Magazines,1000000.0,0.0,4.0,18976.0,Free
7056,ABC15 Arizona,NEWS_AND_MAGAZINES,Everyone,News & Magazines,100000.0,0.0,3.6,1820.0,Free
7057,AC - Tips & News for Android™,NEWS_AND_MAGAZINES,Everyone 10+,News & Magazines,1000000.0,0.0,4.2,23292.0,Free
7058,AC - Tips & News for Android™,NEWS_AND_MAGAZINES,Everyone 10+,News & Magazines,1000000.0,0.0,4.2,23291.0,Free
7059,"AD - News, Sports, Region & Entertainment",NEWS_AND_MAGAZINES,Everyone,News & Magazines,1000000.0,0.0,3.7,10382.0,Free
7060,"AD - Nieuws, Sport, Regio & Entertainment",NEWS_AND_MAGAZINES,Everyone,News & Magazines,1000000.0,0.0,3.7,10369.0,Free
7061,AF Link,NEWS_AND_MAGAZINES,Everyone,News & Magazines,10000.0,0.0,4.7,210.0,Free
7062,AI Today : Artificial Intelligence News & AI 101,NEWS_AND_MAGAZINES,Everyone,News & Magazines,100.0,0.0,5.0,43.0,Free
7063,Aj Di Awaaz,NEWS_AND_MAGAZINES,Everyone,News & Magazines,500.0,0.0,,9.0,Free
7064,Aj. Vallbona,NEWS_AND_MAGAZINES,Everyone,News & Magazines,10.0,0.0,,0.0,Free
7065,AJ+ Beta,NEWS_AND_MAGAZINES,Everyone,News & Magazines,1000.0,0.0,,0.0,Free
7066,Al Jazeera English,NEWS_AND_MAGAZINES,Everyone,News & Magazines,1000000.0,0.0,4.1,24456.0,Free
7067,Al Mayadeen,NEWS_AND_MAGAZINES,Everyone,News & Magazines,500000.0,0.0,4.7,13620.0,Free
7068,AL.com,NEWS_AND_MAGAZINES,Everyone 10+,News & Magazines,50000.0,0.0,3.4,803.0,Free
7069,"AOL - News, Mail & Video",NEWS_AND_MAGAZINES,Everyone 10+,News & Magazines,5000000.0,0.0,4.1,62465.0,Free
7070,AP App for Android™,NEWS_AND_MAGAZINES,Everyone,News & Magazines,10000.0,0.0,3.6,188.0,Free
7071,AP Mobile - Breaking News,NEWS_AND_MAGAZINES,Everyone 10+,News & Magazines,1000000.0,0.0,4.5,76677.0,Free
7072,AP Mobile - Breaking News,NEWS_AND_MAGAZINES,Everyone 10+,News & Magazines,1000000.0,0.0,4.5,76616.0,Free
7073,Apple Daily Apple News,NEWS_AND_MAGAZINES,Teen,News & Magazines,5000000.0,0.0,3.4,41490.0,Free
7074,Ariana News AF,NEWS_AND_MAGAZINES,Everyone,News & Magazines,5000.0,0.0,4.1,20.0,Free
7075,ARY NEWS,NEWS_AND_MAGAZINES,Everyone,News & Magazines,1000000.0,0.0,4.4,2959.0,Free
7076,ARY NEWS URDU,NEWS_AND_MAGAZINES,Everyone,News & Magazines,500000.0,0.0,4.4,1071.0,Free
7077,"AS - Diario online deportivo. Fútbol, motor y más",NEWS_AND_MAGAZINES,Everyone,News & Magazines,50.0,0.0,,0.0,Free
7078,Asahi Shimbun Digital,NEWS_AND_MAGAZINES,Everyone,News & Magazines,500000.0,0.0,3.1,735.0,Free
7079,Australia Newspapers - AU News Apps,NEWS_AND_MAGAZINES,Everyone,News & Magazines,1000.0,0.0,4.7,48.0,Free
7080,AW - Le News di AndroidWorld,NEWS_AND_MAGAZINES,Everyone,News & Magazines,100000.0,0.0,4.1,2808.0,Free
7081,AW Reader: news & apps [Dutch],NEWS_AND_MAGAZINES,Everyone,News & Magazines,100000.0,0.0,4.1,1948.0,Free
7082,AW TeamUp,NEWS_AND_MAGAZINES,Everyone,News & Magazines,500.0,0.0,4.6,9.0,Free
7083,B.T.,NEWS_AND_MAGAZINES,Everyone,News & Magazines,100000.0,0.0,2.8,636.0,Free
7084,B.Z. Live-Ticker,NEWS_AND_MAGAZINES,Everyone,News & Magazines,10000.0,0.0,,114.0,Free
7085,BaBe - Read News,NEWS_AND_MAGAZINES,Teen,News & Magazines,10000000.0,0.0,4.3,355921.0,Free
7086,BaBe + - Indonesian News,NEWS_AND_MAGAZINES,Everyone 10+,News & Magazines,1000000.0,0.0,4.3,42624.0,Free
7087,BaBe Lite - Read Quota Saving News,NEWS_AND_MAGAZINES,Everyone,News & Magazines,1000000.0,0.0,4.5,9548.0,Free
7088,BaconReader for Reddit,NEWS_AND_MAGAZINES,Mature 17+,News & Magazines,1000000.0,0.0,4.5,103074.0,Free
7089,Badische Zeitung,NEWS_AND_MAGAZINES,Everyone,News & Magazines,10000.0,0.0,3.9,262.0,Free
7090,Barcelona FC Noticias Live,NEWS_AND_MAGAZINES,Everyone,News & Magazines,500.0,0.0,,2.0,Free
7091,BBC News,NEWS_AND_MAGAZINES,Everyone 10+,News & Magazines,10000000.0,0.0,4.3,296781.0,Free
7092,BBC News,NEWS_AND_MAGAZINES,Everyone 10+,News & Magazines,10000000.0,0.0,4.3,296781.0,Free
7093,BBC News,NEWS_AND_MAGAZINES,Everyone 10+,News & Magazines,10000000.0,0.0,4.3,296781.0,Free
7094,BBC Persian | BBC Farsi News,NEWS_AND_MAGAZINES,Everyone,News & Magazines,100000.0,0.0,4.3,978.0,Free
7095,BD Internet Package Activator,NEWS_AND_MAGAZINES,Everyone,News & Magazines,100.0,0.0,4.9,13.0,Free
7096,BD Online News,NEWS_AND_MAGAZINES,Everyone,News & Magazines,1000.0,0.0,4.6,30.0,Free
7097,Bengali Newspaper - The first L.,NEWS_AND_MAGAZINES,Everyone,News & Magazines,1000000.0,0.0,4.0,11908.0,Free
7098,Berner Zeitung,NEWS_AND_MAGAZINES,Teen,News & Magazines,50000.0,0.0,3.4,736.0,Free
7099,BeyondPod Podcast Manager,NEWS_AND_MAGAZINES,Everyone,News & Magazines,1000000.0,0.0,3.9,32121.0,Free
7100,BG Sports News,NEWS_AND_MAGAZINES,Everyone,News & Magazines,1000.0,0.0,,41.0,Free
7101,Bhuiyan Land Records Chhattisgarh (CG),NEWS_AND_MAGAZINES,Everyone,News & Magazines,5000.0,0.0,4.5,12.0,Free
7102,BI News,NEWS_AND_MAGAZINES,Everyone,News & Magazines,1000.0,0.0,5.0,22.0,Free
7103,BK Manager,NEWS_AND_MAGAZINES,Everyone,News & Magazines,5000.0,0.0,,19.0,Free
7104,Bloomberg: Market & Financial News,NEWS_AND_MAGAZINES,Everyone,News & Magazines,10000000.0,0.0,4.2,61692.0,Free
7105,bq magazine,NEWS_AND_MAGAZINES,Everyone,News & Magazines,50.0,0.0,,2.0,Free
7106,"Breaking News, Local news, Attacks and Alerts Free",NEWS_AND_MAGAZINES,Everyone,News & Magazines,500000.0,0.0,4.7,2543.0,Free
7107,BT App,NEWS_AND_MAGAZINES,Everyone,News & Magazines,1000.0,0.0,,24.0,Free
7108,"BuzzFeed: News, Tasty, Quizzes",NEWS_AND_MAGAZINES,Teen,News & Magazines,5000000.0,0.0,4.3,131028.0,Free
7109,"BuzzFeed: News, Tasty, Quizzes",NEWS_AND_MAGAZINES,Teen,News & Magazines,5000000.0,0.0,4.3,131028.0,Free
7110,bz Basel E-Paper,NEWS_AND_MAGAZINES,Everyone,News & Magazines,5000.0,0.0,,72.0,Free
7111,bz Basel News,NEWS_AND_MAGAZINES,Everyone,News & Magazines,1000.0,0.0,2.2,23.0,Free
7112,bz Baselland E-Paper,NEWS_AND_MAGAZINES,Everyone,News & Magazines,5000.0,0.0,4.2,69.0,Free
7113,bz Basellandschaftliche News,NEWS_AND_MAGAZINES,Everyone,News & Magazines,1000.0,0.0,2.8,33.0,Free
7114,BZ Berner Oberländer,NEWS_AND_MAGAZINES,Everyone,News & Magazines,1000.0,0.0,,64.0,Free
7115,BZ Berner Zeitung E-Paper,NEWS_AND_MAGAZINES,Everyone,News & Magazines,1000.0,0.0,,4.0,Free
7116,BZ Langenthaler Tagblatt E-Paper,NEWS_AND_MAGAZINES,Everyone,News & Magazines,10.0,0.0,,0.0,Free
7117,BZ-Digital,NEWS_AND_MAGAZINES,Everyone,News & Magazines,100.0,0.0,,4.0,Free
7118,BZ-Smart,NEWS_AND_MAGAZINES,Everyone,News & Magazines,10000.0,0.0,4.3,828.0,Free
7119,Cafe.ba,NEWS_AND_MAGAZINES,Everyone,News & Magazines,10000.0,0.0,4.0,677.0,Free
7120,Capitalnews.com.cy,NEWS_AND_MAGAZINES,Everyone,News & Magazines,10.0,0.0,,0.0,Free
7121,CBS News,NEWS_AND_MAGAZINES,Everyone 10+,News & Magazines,1000000.0,0.0,4.3,23641.0,Free
7122,CE HPJM 69,NEWS_AND_MAGAZINES,Everyone,News & Magazines,50.0,0.0,,2.0,Free
7123,CG Creative Sets: 2D/3D Artist,NEWS_AND_MAGAZINES,Everyone,News & Magazines,10000.0,0.0,4.3,117.0,Free
7124,CG Daily News,NEWS_AND_MAGAZINES,Everyone,News & Magazines,10000.0,0.0,4.3,65.0,Free
7125,CG Freelancer,NEWS_AND_MAGAZINES,Everyone,News & Magazines,1000.0,0.0,4.7,10.0,Free
7126,CG Vidhansabha Chunav 2018,NEWS_AND_MAGAZINES,Teen,News & Magazines,100.0,0.0,,0.0,Free
7127,CH info,NEWS_AND_MAGAZINES,Everyone,News & Magazines,5000.0,0.0,3.9,45.0,Free
7128,Chicago Tribune,NEWS_AND_MAGAZINES,Everyone,News & Magazines,100000.0,0.0,3.6,1380.0,Free
7129,CI On The Go,NEWS_AND_MAGAZINES,Everyone,News & Magazines,100.0,0.0,3.0,2.0,Free
7130,CNN Breaking US & World News,NEWS_AND_MAGAZINES,Everyone 10+,News & Magazines,10000000.0,0.0,4.0,293080.0,Free
7131,CNN Breaking US & World News,NEWS_AND_MAGAZINES,Everyone 10+,News & Magazines,10000000.0,0.0,4.0,293080.0,Free
7132,CNN Breaking US & World News,NEWS_AND_MAGAZINES,Everyone 10+,News & Magazines,10000000.0,0.0,4.0,293080.0,Free
7133,Coast To Coast AM Insider,NEWS_AND_MAGAZINES,Everyone,News & Magazines,100000.0,0.0,3.9,4581.0,Free
7134,Courier Journal,NEWS_AND_MAGAZINES,Everyone 10+,News & Magazines,10000.0,0.0,3.5,254.0,Free
7135,CQ,NEWS_AND_MAGAZINES,Everyone 10+,News & Magazines,1000.0,0.0,3.7,7.0,Free
7136,CT Prepares,NEWS_AND_MAGAZINES,Everyone,News & Magazines,1000.0,0.0,2.6,13.0,Free
7137,CW TV,NEWS_AND_MAGAZINES,Everyone,News & Magazines,50000.0,0.0,1.7,367.0,Free
7138,Cy-Ranch,NEWS_AND_MAGAZINES,Everyone,News & Magazines,500.0,0.0,4.5,27.0,Free
7139,РИА Новости,NEWS_AND_MAGAZINES,Everyone,News & Magazines,1000000.0,0.0,4.5,44274.0,Free
7140,Dagens Nyheter,NEWS_AND_MAGAZINES,Everyone,News & Magazines,100000.0,0.0,2.5,2055.0,Free
7141,Daily Mail Online,NEWS_AND_MAGAZINES,Everyone 10+,News & Magazines,5000000.0,0.0,4.1,56807.0,Free
7142,daily News,NEWS_AND_MAGAZINES,Everyone,News & Magazines,1000000.0,0.0,4.5,26411.0,Free
7143,"Dailyhunt (Newshunt) - Latest News, Viral Videos",NEWS_AND_MAGAZINES,Teen,News & Magazines,50000000.0,0.0,4.3,948198.0,Free
7144,DB Welt - Die Zeitung der DB,NEWS_AND_MAGAZINES,Everyone,News & Magazines,10000.0,0.0,,145.0,Free
7145,Dete.bg,NEWS_AND_MAGAZINES,Everyone,News & Magazines,100.0,0.0,,0.0,Free
7146,detikcom - Latest & Most Complete News,NEWS_AND_MAGAZINES,Teen,News & Magazines,10000000.0,0.0,4.1,190888.0,Free
7147,Dezeen Magazine RSS Reader,NEWS_AND_MAGAZINES,Everyone,News & Magazines,10000.0,0.0,4.3,350.0,Free
7148,DG ग्राम / Digital Gram Panchayat,NEWS_AND_MAGAZINES,Teen,News & Magazines,10000.0,0.0,4.5,53.0,Free
7149,DG TV,NEWS_AND_MAGAZINES,Everyone,News & Magazines,100.0,0.0,5.0,3.0,Free
7150,DH News,NEWS_AND_MAGAZINES,Mature 17+,News & Magazines,10000.0,0.0,2.5,81.0,Free
7151,Digg,NEWS_AND_MAGAZINES,Teen,News & Magazines,100000.0,0.0,3.9,6105.0,Free
7152,DM Magazine,NEWS_AND_MAGAZINES,Everyone,News & Magazines,10.0,0.0,,0.0,Free
7153,DN,NEWS_AND_MAGAZINES,Everyone,News & Magazines,10000.0,0.0,3.3,78.0,Free
7154,DN - Diário de Notícias,NEWS_AND_MAGAZINES,Everyone,News & Magazines,100000.0,0.0,3.7,794.0,Free
7155,DN eAvis,NEWS_AND_MAGAZINES,Everyone,News & Magazines,10000.0,0.0,2.9,61.0,Free
7156,DN Radio FM,NEWS_AND_MAGAZINES,Teen,News & Magazines,10.0,0.0,,0.0,Free
7157,DN Reader,NEWS_AND_MAGAZINES,Everyone,News & Magazines,100.0,0.0,4.6,18.0,Free
7158,DN Sync,NEWS_AND_MAGAZINES,Everyone 10+,News & Magazines,1000.0,0.0,4.1,56.0,Free
7159,DN.VR,NEWS_AND_MAGAZINES,Everyone 10+,News & Magazines,5000.0,0.0,3.0,29.0,Free
7160,Doorstep EU,NEWS_AND_MAGAZINES,Everyone,News & Magazines,1000.0,0.0,4.5,67.0,Free
7161,dt.se,NEWS_AND_MAGAZINES,Everyone,News & Magazines,10000.0,0.0,3.1,124.0,Free
7162,DW,NEWS_AND_MAGAZINES,Everyone 10+,News & Magazines,10000.0,0.0,,0.0,Free
7163,DW - Breaking World News,NEWS_AND_MAGAZINES,Everyone 10+,News & Magazines,1000000.0,0.0,4.4,17671.0,Free
7164,DW Amharic by AudioNow Digital,NEWS_AND_MAGAZINES,Everyone,News & Magazines,10000.0,0.0,4.5,322.0,Free
7165,DW Arabic By dw-arab.com,NEWS_AND_MAGAZINES,Everyone,News & Magazines,50000.0,0.0,4.3,386.0,Free
7166,DW Espanol,NEWS_AND_MAGAZINES,Everyone,News & Magazines,100.0,0.0,,0.0,Free
7167,DW فارسی By dw-arab.com,NEWS_AND_MAGAZINES,Everyone,News & Magazines,1000.0,0.0,4.7,11.0,Free
7168,DWWW 774 Ultimate AM Radio,NEWS_AND_MAGAZINES,Everyone,News & Magazines,10000.0,0.0,4.7,327.0,Free
7169,dz NEWS Algerie,NEWS_AND_MAGAZINES,Everyone,News & Magazines,100000.0,0.0,4.2,2318.0,Free
7170,dz press,NEWS_AND_MAGAZINES,Everyone,News & Magazines,1000.0,0.0,,30.0,Free
7171,E! News,NEWS_AND_MAGAZINES,Teen,News & Magazines,1000000.0,0.0,4.0,15443.0,Free
7172,Economic Times : Market News,NEWS_AND_MAGAZINES,Everyone,News & Magazines,5000000.0,0.0,4.3,93708.0,Free
7173,Economic Times : Market News Go Edition,NEWS_AND_MAGAZINES,Everyone,News & Magazines,5000.0,0.0,4.3,39.0,Free
7174,e-DN - den digitala tidningen från Dagens Nyheter,NEWS_AND_MAGAZINES,Everyone 10+,News & Magazines,50000.0,0.0,2.2,160.0,Free
7175,Ei Samay - Bengali News Paper,NEWS_AND_MAGAZINES,Everyone,News & Magazines,1000000.0,0.0,4.3,20620.0,Free
7176,Ei Somoy & Dainik Sangbad & Statesman (PDF),NEWS_AND_MAGAZINES,Everyone,News & Magazines,100.0,0.0,4.0,4.0,Free
7177,EJ Insight,NEWS_AND_MAGAZINES,Everyone,News & Magazines,1000.0,0.0,4.0,33.0,Free
7178,EJ.by,NEWS_AND_MAGAZINES,Everyone,News & Magazines,500.0,0.0,,10.0,Free
7179,EL NORTE,NEWS_AND_MAGAZINES,Everyone,News & Magazines,100000.0,0.0,3.4,2436.0,Free
7180,El Nueve,NEWS_AND_MAGAZINES,Teen,News & Magazines,50000.0,0.0,,221.0,Free
7181,El Nuevo Día,NEWS_AND_MAGAZINES,Everyone 10+,News & Magazines,500000.0,0.0,4.1,8011.0,Free
7182,ET Telecom from Economic Times,NEWS_AND_MAGAZINES,Everyone,News & Magazines,10000.0,0.0,4.7,273.0,Free
7183,EU Life Explorer,NEWS_AND_MAGAZINES,Everyone,News & Magazines,50.0,0.0,4.0,2.0,Free
7184,EU-Schwerbehinderung,NEWS_AND_MAGAZINES,Everyone 10+,News & Magazines,100.0,0.0,,3.0,Free
7185,ew-Magazin,NEWS_AND_MAGAZINES,Everyone,News & Magazines,100.0,0.0,,2.0,Free
7186,Fast News,NEWS_AND_MAGAZINES,Everyone 10+,News & Magazines,1000000.0,0.0,4.4,84957.0,Free
7187,FD e-paper,NEWS_AND_MAGAZINES,Everyone,News & Magazines,10000.0,0.0,3.1,183.0,Free
7188,Feeder.co,NEWS_AND_MAGAZINES,Everyone,News & Magazines,5000.0,0.0,3.2,77.0,Free
7189,Financial Times,NEWS_AND_MAGAZINES,Everyone 10+,News & Magazines,1000000.0,0.0,4.2,27104.0,Free
7190,Flipboard: News For Our Time,NEWS_AND_MAGAZINES,Everyone 10+,News & Magazines,500000000.0,0.0,4.4,1284017.0,Free
7191,Flipboard: News For Our Time,NEWS_AND_MAGAZINES,Everyone 10+,News & Magazines,500000000.0,0.0,4.4,1284017.0,Free
7192,Flipboard: News For Our Time,NEWS_AND_MAGAZINES,Everyone 10+,News & Magazines,500000000.0,0.0,4.4,1284018.0,Free
7193,Florida Lottery Results,NEWS_AND_MAGAZINES,Everyone,News & Magazines,100000.0,0.0,4.1,763.0,Free
7194,Florida Today,NEWS_AND_MAGAZINES,Everyone 10+,News & Magazines,10000.0,0.0,3.3,202.0,Free
7195,FOX 5 DC,NEWS_AND_MAGAZINES,Everyone,News & Magazines,100000.0,0.0,4.5,1440.0,Free
7196,"Fox News – Breaking News, Live Video & News Alerts",NEWS_AND_MAGAZINES,Everyone 10+,News & Magazines,10000000.0,0.0,4.5,249919.0,Free
7197,"Fox News – Breaking News, Live Video & News Alerts",NEWS_AND_MAGAZINES,Everyone 10+,News & Magazines,10000000.0,0.0,4.5,249919.0,Free
7198,"Fox News – Breaking News, Live Video & News Alerts",NEWS_AND_MAGAZINES,Everyone 10+,News & Magazines,10000000.0,0.0,4.5,249919.0,Free
7199,FRANCE 24,NEWS_AND_MAGAZINES,Everyone 10+,News & Magazines,5000000.0,0.0,4.3,47069.0,Free
7200,"Free TV Shows App:News, TV Series, Episode, Movies",NEWS_AND_MAGAZINES,Teen,News & Magazines,1000000.0,0.0,4.6,29706.0,Free
7201,Fresh News,NEWS_AND_MAGAZINES,Everyone,News & Magazines,100000.0,0.0,4.4,2207.0,Free
7202,Gnoche entertainment news · sports news is also free,NEWS_AND_MAGAZINES,Everyone,News & Magazines,5000000.0,0.0,3.8,54256.0,Free
7203,Google News,NEWS_AND_MAGAZINES,Teen,News & Magazines,1000000000.0,0.0,3.9,877635.0,Free
7204,Google News,NEWS_AND_MAGAZINES,Teen,News & Magazines,1000000000.0,0.0,3.9,877635.0,Free
7205,Google News,NEWS_AND_MAGAZINES,Teen,News & Magazines,1000000000.0,0.0,3.9,877643.0,Free
7206,Google News,NEWS_AND_MAGAZINES,Teen,News & Magazines,1000000000.0,0.0,3.9,878065.0,Free
7207,Handbreit by a.w.niemeyer,NEWS_AND_MAGAZINES,Everyone,News & Magazines,1000.0,0.0,,21.0,Free
7208,Hausa Radio,NEWS_AND_MAGAZINES,Everyone,News & Magazines,100000.0,0.0,4.4,3375.0,Free
7209,Haystack TV: Local & World News - Free,NEWS_AND_MAGAZINES,Everyone 10+,News & Magazines,100000.0,0.0,4.3,3684.0,Free
7210,Haystack TV: Local & World News - Free,NEWS_AND_MAGAZINES,Everyone 10+,News & Magazines,100000.0,0.0,4.3,3684.0,Free
7211,HuffPost - News,NEWS_AND_MAGAZINES,Everyone 10+,News & Magazines,1000000.0,0.0,4.2,78154.0,Free
7212,INTERKINOIS.CD,NEWS_AND_MAGAZINES,Everyone,News & Magazines,5.0,0.0,,1.0,Free
7213,"issuu - Read Magazines, Catalogs, Newspapers.",NEWS_AND_MAGAZINES,Everyone,News & Magazines,1000000.0,0.0,4.4,74425.0,Free
7214,JailBase - Arrests + Mugshots,NEWS_AND_MAGAZINES,Everyone 10+,News & Magazines,1000000.0,0.0,4.0,17240.0,Free
7215,JNews DZ - Algerian Newspapers,NEWS_AND_MAGAZINES,Everyone,News & Magazines,10000.0,0.0,4.0,146.0,Free
7216,Kiosko BS,NEWS_AND_MAGAZINES,Everyone,News & Magazines,1000.0,0.0,,55.0,Free
7217,Klix.ba,NEWS_AND_MAGAZINES,Everyone,News & Magazines,100000.0,0.0,4.0,3647.0,Free
7218,KMTV 3 News Now,NEWS_AND_MAGAZINES,Everyone 10+,News & Magazines,10000.0,0.0,3.8,265.0,Free
7219,"Kolkata News:Anandbazar Patrika,ei samay&AllRating",NEWS_AND_MAGAZINES,Everyone,News & Magazines,100.0,0.0,5.0,10.0,Free
7220,Kurio - Read the Latest News,NEWS_AND_MAGAZINES,Everyone,News & Magazines,1000000.0,0.0,4.2,40167.0,Free
7221,LA Times: Your California News,NEWS_AND_MAGAZINES,Everyone,News & Magazines,100000.0,0.0,3.6,3311.0,Free
7222,Latest Barcelona News 24h,NEWS_AND_MAGAZINES,Everyone,News & Magazines,10000.0,0.0,4.5,104.0,Free
7223,Lazionews.eu,NEWS_AND_MAGAZINES,Everyone,News & Magazines,1000.0,0.0,,25.0,Free
7224,"Le Monde, the continuous news",NEWS_AND_MAGAZINES,Everyone,News & Magazines,5000000.0,0.0,4.2,83558.0,Free
7225,Loop - Caribbean Local News,NEWS_AND_MAGAZINES,Everyone,News & Magazines,1000000.0,0.0,4.0,4332.0,Free
7226,Lotto Results - Mega Millions Powerball Lottery US,NEWS_AND_MAGAZINES,Teen,News & Magazines,1000000.0,0.0,4.5,14221.0,Free
7227,M+,NEWS_AND_MAGAZINES,Everyone,News & Magazines,10000.0,0.0,4.9,198.0,Free
7228,México City D.F News,NEWS_AND_MAGAZINES,Everyone,News & Magazines,100.0,0.0,,2.0,Free
7229,Mali 7 - Actualités au Mali,NEWS_AND_MAGAZINES,Everyone,News & Magazines,50000.0,0.0,4.3,697.0,Free
7230,McClatchy DC Bureau,NEWS_AND_MAGAZINES,Everyone 10+,News & Magazines,5000.0,0.0,4.3,80.0,Free
7231,Microsoft News,NEWS_AND_MAGAZINES,Everyone 10+,News & Magazines,1000000.0,0.0,4.2,31504.0,Free
7232,Miss FQ,NEWS_AND_MAGAZINES,Everyone,News & Magazines,10.0,0.0,,0.0,Free
7233,N+ News Bulgaria,NEWS_AND_MAGAZINES,Everyone,News & Magazines,50.0,0.0,,2.0,Free
7234,Naidunia: MP News & CG News,NEWS_AND_MAGAZINES,Everyone,News & Magazines,100000.0,0.0,4.3,2746.0,Free
7235,NATIVE ENTERTAINMENT MAGAZINE - ISSUE # 1,NEWS_AND_MAGAZINES,Mature 17+,News & Magazines,10.0,0.0,,0.0,Free
7236,NBC News,NEWS_AND_MAGAZINES,Everyone 10+,News & Magazines,5000000.0,0.0,4.1,63020.0,Free
7237,NBC News,NEWS_AND_MAGAZINES,Everyone 10+,News & Magazines,5000000.0,0.0,4.1,63020.0,Free
7238,"NEW - Read Newspaper, News 24h",NEWS_AND_MAGAZINES,Everyone,News & Magazines,10000000.0,0.0,4.4,158196.0,Free
7239,News :DW Bangali,NEWS_AND_MAGAZINES,Everyone,News & Magazines,10.0,0.0,,1.0,Free
7240,News 5 Cleveland,NEWS_AND_MAGAZINES,Everyone,News & Magazines,100000.0,0.0,3.7,1032.0,Free
7241,News 8 San Diego,NEWS_AND_MAGAZINES,Everyone,News & Magazines,50000.0,0.0,4.2,1137.0,Free
7242,News by The Times of India Newspaper - Latest News,NEWS_AND_MAGAZINES,Everyone,News & Magazines,10000000.0,0.0,4.2,522205.0,Free
7243,News Minecraft.fr,NEWS_AND_MAGAZINES,Everyone,News & Magazines,100000.0,0.0,3.8,881.0,Free
7244,News Republic,NEWS_AND_MAGAZINES,Teen,News & Magazines,10000000.0,0.0,4.3,479594.0,Free
7245,News.aw,NEWS_AND_MAGAZINES,Everyone,News & Magazines,10.0,0.0,,1.0,Free
7246,news.com.au,NEWS_AND_MAGAZINES,Everyone,News & Magazines,100.0,0.0,,1.0,Free
7247,News: DW Español,NEWS_AND_MAGAZINES,Everyone,News & Magazines,1000.0,0.0,4.3,25.0,Free
7248,News: DW Hausa,NEWS_AND_MAGAZINES,Everyone,News & Magazines,1000.0,0.0,4.9,9.0,Free
7249,News: RFI Hausa,NEWS_AND_MAGAZINES,Everyone,News & Magazines,1000.0,0.0,4.7,10.0,Free
7250,News24,NEWS_AND_MAGAZINES,Everyone 10+,News & Magazines,1000000.0,0.0,4.1,30693.0,Free
7251,News360: Personalized News,NEWS_AND_MAGAZINES,Teen,News & Magazines,1000000.0,0.0,4.4,30722.0,Free
7252,"NewsDog - Latest News, Breaking News, Local News",NEWS_AND_MAGAZINES,Mature 17+,News & Magazines,10000000.0,0.0,4.4,291901.0,Free
7253,"News-Journal-Daytona Beach, FL",NEWS_AND_MAGAZINES,Everyone,News & Magazines,5000.0,0.0,4.5,76.0,Free
7254,Newsroom: News Worth Sharing,NEWS_AND_MAGAZINES,Everyone 10+,News & Magazines,10000000.0,0.0,4.2,201737.0,Free
7255,Newsroom: News Worth Sharing,NEWS_AND_MAGAZINES,Everyone 10+,News & Magazines,10000000.0,0.0,4.2,201737.0,Free
7256,Nigeria News NAIJ.com,NEWS_AND_MAGAZINES,Teen,News & Magazines,1000000.0,0.0,4.3,37882.0,Free
7257,NOMISMA.com.cy by FMW,NEWS_AND_MAGAZINES,Everyone,News & Magazines,100.0,0.0,5.0,3.0,Free
7258,Noticias FC Barcelona,NEWS_AND_MAGAZINES,Everyone,News & Magazines,100.0,0.0,5.0,4.0,Free
7259,Novinky.cz,NEWS_AND_MAGAZINES,Everyone,News & Magazines,100000.0,0.0,3.7,2375.0,Free
7260,NPR News,NEWS_AND_MAGAZINES,Everyone,News & Magazines,1000000.0,0.0,4.0,24790.0,Free
7261,NPR News,NEWS_AND_MAGAZINES,Everyone,News & Magazines,1000000.0,0.0,4.0,24790.0,Free
7262,NPR One,NEWS_AND_MAGAZINES,Teen,News & Magazines,1000000.0,0.0,3.9,13217.0,Free
7263,NYTimes - Latest News,NEWS_AND_MAGAZINES,Everyone 10+,News & Magazines,10000000.0,0.0,3.9,63647.0,Free
7264,NYTimes - Latest News,NEWS_AND_MAGAZINES,Everyone 10+,News & Magazines,10000000.0,0.0,3.9,63647.0,Free
7265,NYTimes - Latest News,NEWS_AND_MAGAZINES,Everyone 10+,News & Magazines,10000000.0,0.0,3.9,63640.0,Free
7266,أحداث وحقائق | خبر عاجل في اخبار العالم,NEWS_AND_MAGAZINES,Everyone 10+,News & Magazines,5000.0,0.0,4.8,311.0,Free
7267,OBJECTIFINFOS.CD,NEWS_AND_MAGAZINES,Everyone,News & Magazines,50.0,0.0,,2.0,Free
7268,"Ocala Star Banner, FL",NEWS_AND_MAGAZINES,Everyone,News & Magazines,5000.0,0.0,4.5,75.0,Free
7269,"Onet - news, weather, sport",NEWS_AND_MAGAZINES,Mature 17+,News & Magazines,1000000.0,0.0,4.0,13950.0,Free
7270,Opera News - Trending news and videos,NEWS_AND_MAGAZINES,Teen,News & Magazines,10000000.0,0.0,4.5,51684.0,Free
7271,Pocket,NEWS_AND_MAGAZINES,Everyone,News & Magazines,10000000.0,0.0,4.5,256680.0,Free
7272,Podcast Addict,NEWS_AND_MAGAZINES,Teen,News & Magazines,5000000.0,0.0,4.6,413999.0,Free
7273,Podcast App: Free & Offline Podcasts by Player FM,NEWS_AND_MAGAZINES,Teen,News & Magazines,1000000.0,0.0,4.6,66384.0,Free
7274,Podcast App: Free & Offline Podcasts by Player FM,NEWS_AND_MAGAZINES,Teen,News & Magazines,1000000.0,0.0,4.6,66407.0,Free
7275,Podcast Republic - Podcast Player & Radio Player,NEWS_AND_MAGAZINES,Teen,News & Magazines,1000000.0,0.0,4.5,66978.0,Free
7276,PRIMATURE.CD,NEWS_AND_MAGAZINES,Everyone,News & Magazines,100.0,0.0,,6.0,Free
7277,"Pulse Nabd - World News, Urgent",NEWS_AND_MAGAZINES,Everyone,News & Magazines,10000000.0,0.0,4.5,357944.0,Free
7278,"Q Alerts: QAnon Drop Notifications, Research +++",NEWS_AND_MAGAZINES,Mature 17+,News & Magazines,5000.0,0.99,4.7,143.0,Paid
7279,Rоhi.af,NEWS_AND_MAGAZINES,Everyone,News & Magazines,1000.0,0.0,4.8,46.0,Free
7280,"Read- Latest News, Information, Gossip and Politics",NEWS_AND_MAGAZINES,Teen,News & Magazines,10000000.0,0.0,4.1,185058.0,Free
7281,"Reddit: Social News, Trending Memes & Funny Videos",NEWS_AND_MAGAZINES,Mature 17+,News & Magazines,10000000.0,0.0,4.6,697212.0,Free
7282,Results for FL Lottery,NEWS_AND_MAGAZINES,Everyone,News & Magazines,10000.0,0.0,4.6,146.0,Free
7283,Reuters News,NEWS_AND_MAGAZINES,Everyone 10+,News & Magazines,1000000.0,0.0,4.3,13169.0,Free
7284,Reuters News,NEWS_AND_MAGAZINES,Everyone 10+,News & Magazines,1000000.0,0.0,4.3,13166.0,Free
7285,Revista BS,NEWS_AND_MAGAZINES,Everyone,News & Magazines,100.0,0.0,,10.0,Free
7286,Roll Call News,NEWS_AND_MAGAZINES,Everyone,News & Magazines,5000.0,0.0,3.7,24.0,Free
7287,RT News (Russia Today),NEWS_AND_MAGAZINES,Teen,News & Magazines,1000000.0,0.0,4.6,56524.0,Free
7288,RTVBN,NEWS_AND_MAGAZINES,Everyone,News & Magazines,50000.0,0.0,3.7,533.0,Free
7289,Santa Fe New Mexican e-Edition,NEWS_AND_MAGAZINES,Everyone,News & Magazines,1000.0,0.0,4.1,25.0,Free
7290,Sky News,NEWS_AND_MAGAZINES,Everyone 10+,News & Magazines,1000000.0,0.0,4.0,30287.0,Free
7291,SmartNews: Breaking News Headlines,NEWS_AND_MAGAZINES,Everyone,News & Magazines,10000000.0,0.0,4.2,233305.0,Free
7292,Spreaker Podcast Radio,NEWS_AND_MAGAZINES,Teen,News & Magazines,500000.0,0.0,4.5,17703.0,Free
7293,STADE.CD,NEWS_AND_MAGAZINES,Everyone,News & Magazines,5.0,0.0,,0.0,Free
7294,"Startupticker.ch News, Events",NEWS_AND_MAGAZINES,Everyone,News & Magazines,100.0,0.0,5.0,4.0,Free
7295,Stolica.bg,NEWS_AND_MAGAZINES,Everyone,News & Magazines,50.0,0.0,,1.0,Free
7296,StudentLife.com.cy,NEWS_AND_MAGAZINES,Everyone,News & Magazines,100.0,0.0,,17.0,Free
7297,Svenska Dagbladet,NEWS_AND_MAGAZINES,Everyone,News & Magazines,100000.0,0.0,2.6,820.0,Free
7298,Sverige Tidningar,NEWS_AND_MAGAZINES,Everyone,News & Magazines,50000.0,0.0,4.1,905.0,Free
7299,Swahili Radio,NEWS_AND_MAGAZINES,Everyone,News & Magazines,10000.0,0.0,4.5,171.0,Free
7300,Sweden Newspapers,NEWS_AND_MAGAZINES,Everyone,News & Magazines,0.0,0.0,,0.0,Free
7301,swissinfo.ch,NEWS_AND_MAGAZINES,Everyone 10+,News & Magazines,50000.0,0.0,3.9,271.0,Free
7302,Sync for reddit,NEWS_AND_MAGAZINES,Mature 17+,News & Magazines,500000.0,0.0,4.6,62740.0,Free
7303,Tencent News,NEWS_AND_MAGAZINES,Everyone,News & Magazines,1000000.0,0.0,4.0,7006.0,Free
7304,The FP Shield,NEWS_AND_MAGAZINES,Everyone,News & Magazines,10.0,0.0,,0.0,Free
7305,The Guardian,NEWS_AND_MAGAZINES,Teen,News & Magazines,5000000.0,0.0,4.7,247992.0,Free
7306,"The Ledger - Lakeland, Florida",NEWS_AND_MAGAZINES,Everyone,News & Magazines,5000.0,0.0,4.6,89.0,Free
7307,The List,NEWS_AND_MAGAZINES,Everyone,News & Magazines,10000.0,0.0,3.5,66.0,Free
7308,"The Report, Fox, Breitbart - Conservative News",NEWS_AND_MAGAZINES,Everyone,News & Magazines,50000.0,0.0,4.6,2090.0,Free
7309,The Wall Street Journal: Business & Market News,NEWS_AND_MAGAZINES,Everyone 10+,News & Magazines,1000000.0,0.0,4.1,40975.0,Free
7310,The Wall Street Journal: Business & Market News,NEWS_AND_MAGAZINES,Everyone 10+,News & Magazines,1000000.0,0.0,4.1,40975.0,Free
7311,The Washington Post Classic,NEWS_AND_MAGAZINES,Everyone 10+,News & Magazines,1000000.0,0.0,4.5,23158.0,Free
7312,TMJ4.com - WTMJ-TV Milwaukee,NEWS_AND_MAGAZINES,Everyone 10+,News & Magazines,50000.0,0.0,3.8,728.0,Free
7313,Top Novini BG,NEWS_AND_MAGAZINES,Everyone,News & Magazines,100.0,0.0,,2.0,Free
7314,"Topbuzz: Breaking News, Videos & Funny GIFs",NEWS_AND_MAGAZINES,Mature 17+,News & Magazines,10000000.0,0.0,4.7,175110.0,Free
7315,"Topbuzz: Breaking News, Videos & Funny GIFs",NEWS_AND_MAGAZINES,Mature 17+,News & Magazines,10000000.0,0.0,4.7,174827.0,Free
7316,Twitter,NEWS_AND_MAGAZINES,Mature 17+,News & Magazines,500000000.0,0.0,4.3,11667403.0,Free
7317,Twitter,NEWS_AND_MAGAZINES,Mature 17+,News & Magazines,500000000.0,0.0,4.3,11667403.0,Free
7318,Twitter,NEWS_AND_MAGAZINES,Mature 17+,News & Magazines,500000000.0,0.0,4.3,11657972.0,Free
7319,Updates for Samsung - Android Update Versions,NEWS_AND_MAGAZINES,Everyone,News & Magazines,10000000.0,0.0,4.0,80368.0,Free
7320,USA TODAY,NEWS_AND_MAGAZINES,Everyone 10+,News & Magazines,5000000.0,0.0,4.1,49259.0,Free
7321,USA TODAY,NEWS_AND_MAGAZINES,Everyone 10+,News & Magazines,5000000.0,0.0,4.1,49259.0,Free
7322,USA TODAY,NEWS_AND_MAGAZINES,Everyone 10+,News & Magazines,5000000.0,0.0,4.1,49259.0,Free
7323,Vidroid.com.br,NEWS_AND_MAGAZINES,Everyone,News & Magazines,5000.0,0.0,,49.0,Free
7324,"Vietnam Today - Read online newspapers, the hottest news 24h",NEWS_AND_MAGAZINES,Teen,News & Magazines,5000000.0,0.0,4.2,21147.0,Free
7325,WE,NEWS_AND_MAGAZINES,Everyone 10+,News & Magazines,1000000.0,0.0,3.8,18818.0,Free
7326,WFLA News Channel 8 - Tampa FL,NEWS_AND_MAGAZINES,Everyone,News & Magazines,10000.0,0.0,3.8,133.0,Free
7327,Wireless news,NEWS_AND_MAGAZINES,Everyone,News & Magazines,1000000.0,0.0,3.5,6066.0,Free
7328,WKBW 7 Eyewitness News,NEWS_AND_MAGAZINES,Everyone,News & Magazines,50000.0,0.0,4.0,509.0,Free
7329,World Newspapers,NEWS_AND_MAGAZINES,Mature 17+,News & Magazines,1000000.0,0.0,4.4,185884.0,Free
7330,WPTV 5 West Palm Beach,NEWS_AND_MAGAZINES,Everyone 10+,News & Magazines,100000.0,0.0,3.8,1093.0,Free
7331,WSVN - 7 News Miami,NEWS_AND_MAGAZINES,Everyone,News & Magazines,100000.0,0.0,4.5,3320.0,Free
7332,Ali Baba's Farm Tutorial Kids Games,PARENTING,Everyone,Parenting,5000.0,0.0,,36.0,Free
7333,"Amazon FreeTime – Kids’ Videos, Books, & TV shows",PARENTING,Everyone,Parenting;Music & Video,500000.0,0.0,4.2,2715.0,Free
7334,AppClose - The #1 FREE Co-Parenting App,PARENTING,Everyone,Parenting,10000.0,0.0,3.5,159.0,Free
7335,Arabic Alphabets,PARENTING,Everyone,Parenting,10000.0,0.0,,34.0,Free
7336,Arabic Chat - Chat,PARENTING,Everyone,Parenting,10000.0,0.0,4.4,162.0,Free
7337,Ba ba black sheep offline Video,PARENTING,Everyone,Parenting,10000.0,0.0,4.2,20.0,Free
7338,Baby Care & Tracker,PARENTING,Everyone,Parenting,100000.0,0.0,4.1,319.0,Free
7339,Baby Connect (activity log),PARENTING,Everyone,Parenting,50000.0,4.99,4.7,8343.0,Paid
7340,Baby Food - Homemade Recipes,PARENTING,Everyone,Parenting,10000.0,0.0,4.1,44.0,Free
7341,Baby Monitor,PARENTING,Everyone,Parenting,1000000.0,0.0,4.4,5343.0,Free
7342,Baby Name Together,PARENTING,Everyone,Parenting,100000.0,0.0,4.0,464.0,Free
7343,Baby Names,PARENTING,Everyone,Parenting,10000.0,0.0,4.5,86.0,Free
7344,Baby Panda Learns Shapes,PARENTING,Everyone,Parenting;Education,1000000.0,0.0,4.0,3789.0,Free
7345,Baby Panda Musical Genius,PARENTING,Everyone,Parenting;Music & Video,1000000.0,0.0,4.0,3346.0,Free
7346,Baby Sleep: White noise lullabies for newborns,PARENTING,Everyone,Parenting,1000000.0,0.0,4.6,62386.0,Free
7347,BookBaby - Baby Development,PARENTING,Everyone,Parenting,50000.0,0.0,4.6,1002.0,Free
7348,Child Growth Tracking,PARENTING,Everyone,Parenting,50000.0,0.0,4.4,498.0,Free
7349,Children's Stories 2018 - The Lion Come Lion,PARENTING,Everyone,Parenting;Music & Video,10000.0,0.0,4.4,39.0,Free
7350,Classical music for baby,PARENTING,Everyone,Parenting;Music & Video,100000.0,0.0,4.8,1940.0,Free
7351,Daniel Tiger for Parents,PARENTING,Everyone,Parenting;Music & Video,100000.0,0.0,4.7,247.0,Free
7352,Development of the child up to a year,PARENTING,Mature 17+,Parenting,100000.0,0.0,4.6,1413.0,Free
7353,DF Glue Board,PARENTING,Everyone,Parenting,10.0,0.0,5.0,1.0,Free
7354,Dormi - Baby Monitor,PARENTING,Everyone,Parenting,1000000.0,0.0,4.3,11760.0,Free
7355,Educational Children's Songs,PARENTING,Everyone,Parenting,100000.0,0.0,,163.0,Free
7356,Family Album Mitene: Private Photo & Video Sharing,PARENTING,Everyone,Parenting,1000000.0,0.0,4.7,34336.0,Free
7357,Family GPS Tracker and Chat + Baby Monitor Online,PARENTING,Everyone,Parenting,500000.0,0.0,4.4,9073.0,Free
7358,Favorite children's songs,PARENTING,Everyone,Parenting,10000.0,0.0,4.7,39.0,Free
7359,Favorite Soviet cartoons,PARENTING,Everyone,Parenting,10000.0,0.0,,63.0,Free
7360,Feed Baby - Baby Tracker,PARENTING,Everyone,Parenting,1000000.0,0.0,4.5,76795.0,Free
7361,How do I care about my child?,PARENTING,Everyone,Parenting,10000.0,0.0,,34.0,Free
7362,How do I take care of my child?,PARENTING,Everyone,Parenting,100000.0,0.0,4.8,190.0,Free
7363,It's open.,PARENTING,Everyone,Parenting,100000.0,0.0,4.4,1528.0,Free
7364,Johny Johny Yes Papa Nursery Rhyme - offline Video,PARENTING,Everyone,Parenting,500000.0,0.0,4.5,806.0,Free
7365,Kids Craft Ideas,PARENTING,Everyone,Parenting,10000.0,0.0,4.1,99.0,Free
7366,"Kids Fang - Infant Videos, Children's Songs, Fairy Tales, Lullaby Collections",PARENTING,Everyone,Parenting,100000.0,0.0,4.6,349.0,Free
7367,Kids Videos,PARENTING,Everyone,Parenting,100000.0,0.0,4.1,559.0,Free
7368,Latest Emmanuella Comedy Video,PARENTING,Everyone,Parenting,10000.0,0.0,4.6,60.0,Free
7369,Learn the letters and words,PARENTING,Everyone,Parenting;Education,10000.0,0.0,,31.0,Free
7370,Learning English for children,PARENTING,Everyone,Parenting;Education,50000.0,0.0,,67.0,Free
7371,Listen to the story~The Story of the Fairy Tales,PARENTING,Everyone,Parenting,5000.0,0.0,4.7,69.0,Free
7372,Mozart Baby Sleep,PARENTING,Teen,Parenting,50000.0,0.0,4.7,107.0,Free
7373,My baby firework,PARENTING,Everyone,Parenting;Education,1000000.0,0.0,3.7,4976.0,Free
7374,My baby Game (Balloon POP!),PARENTING,Everyone,Parenting;Brain Games,1000000.0,0.0,3.8,3614.0,Free
7375,My baby Phone,PARENTING,Everyone,Parenting,1000000.0,0.0,3.7,9293.0,Free
7376,My baby Piano,PARENTING,Everyone,Parenting;Music & Video,5000000.0,0.0,3.9,17941.0,Free
7377,My Child from eDziecko.pl,PARENTING,Everyone,Parenting,100000.0,0.0,4.5,1025.0,Free
7378,PPS Online,PARENTING,Everyone,Parenting,10000.0,0.0,4.6,37.0,Free
7379,Pregnancy Tracker & Countdown to Baby Due Date,PARENTING,Everyone,Parenting,10000000.0,0.0,4.7,658087.0,Free
7380,Rainbow - Journal & Activities,PARENTING,Everyone,Parenting,100000.0,0.0,4.8,6668.0,Free
7381,Safe365 – Cell Phone GPS Locator For Your Family,PARENTING,Everyone,Parenting,1000000.0,0.0,4.4,11501.0,Free
7382,SharedCare™ Co-parenting,PARENTING,Everyone,Parenting,100.0,4.59,2.0,23.0,Paid
7383,StudyLock - Education First,PARENTING,Everyone,Parenting,1000.0,0.0,4.1,27.0,Free
7384,The first year of a baby's life,PARENTING,Everyone,Parenting,100000.0,0.0,4.8,7505.0,Free
7385,T-Mobile® FamilyMode™,PARENTING,Everyone,Parenting,10000.0,0.0,3.1,103.0,Free
7386,Urban Limo Taxi Simulator,PARENTING,Everyone,Parenting,1000000.0,0.0,3.8,824.0,Free
7387,Vegetable Fun,PARENTING,Everyone,Parenting;Education,1000000.0,0.0,3.9,3182.0,Free
7388,Voice Tables - no internet,PARENTING,Everyone,Parenting,100000.0,0.0,,970.0,Free
7389,We learn children's verses in kindergarten,PARENTING,Everyone,Parenting;Education,100000.0,0.0,,3248.0,Free
7390,White Noise for Baby,PARENTING,Everyone,Parenting,100000.0,0.0,4.9,717.0,Free
7391,Zoo For Preschool Kids 3-9 Years,PARENTING,Everyone,Parenting;Education,10000.0,0.0,,76.0,Free
7392,[Sub/EMUI] P Pro - EMUI 8.1/8.0/5.X Theme,PERSONALIZATION,Everyone,Personalization,100.0,0.99,4.0,13.0,Paid
7393,[Substratum] K-Manager for K-Klock,PERSONALIZATION,Everyone,Personalization,1000.0,0.0,4.5,14.0,Free
7394,[Substratum] M5 Theme,PERSONALIZATION,Everyone,Personalization,5000.0,0.0,4.4,16.0,Free
7395,[substratum] Vacuum: P,PERSONALIZATION,Everyone,Personalization,1000.0,1.49,4.4,230.0,Paid
7396,2018Emoji Keyboard 😂 Emoticons Lite -sticker&gif,PERSONALIZATION,Everyone,Personalization,10000000.0,0.0,4.2,115773.0,Free
7397,3D Blue Glass Water Keyboard Theme,PERSONALIZATION,Everyone,Personalization,10000000.0,0.0,4.1,62209.0,Free
7398,3D Live Neon Weed Launcher,PERSONALIZATION,Mature 17+,Personalization,100000.0,0.0,4.5,1724.0,Free
7399,4K Wallpapers and Ultra HD Backgrounds,PERSONALIZATION,Everyone 10+,Personalization,500000.0,0.0,4.6,7583.0,Free
7400,AcDisplay,PERSONALIZATION,Everyone,Personalization,1000000.0,0.0,4.1,66473.0,Free
7401,ADW Launcher 2,PERSONALIZATION,Everyone,Personalization,10000000.0,0.0,4.3,181399.0,Free
7402,ADWLauncher 1 EX,PERSONALIZATION,Everyone,Personalization,500000.0,2.49,4.3,28728.0,Paid
7403,AH Kollection for KLWP,PERSONALIZATION,Everyone,Personalization,50000.0,0.0,4.6,644.0,Free
7404,ai robot keyboard,PERSONALIZATION,Everyone,Personalization,100000.0,0.0,4.7,1891.0,Free
7405,ai.type Free Emoji Keyboard,PERSONALIZATION,Everyone,Personalization,10000000.0,0.0,4.3,647844.0,Free
7406,ai.type Free Emoji Keyboard,PERSONALIZATION,Everyone,Personalization,10000000.0,0.0,4.3,647721.0,Free
7407,AJ Blue Icon Pack,PERSONALIZATION,Everyone,Personalization,50.0,0.99,5.0,4.0,Paid
7408,AJ Gray Dark Icon Pack,PERSONALIZATION,Everyone,Personalization,10.0,0.99,5.0,2.0,Paid
7409,AJ Gray Icon Pack,PERSONALIZATION,Everyone,Personalization,50.0,0.99,4.8,5.0,Paid
7410,AJ Orange Icon Pack,PERSONALIZATION,Everyone,Personalization,10.0,0.99,,0.0,Paid
7411,AJ Turquoise Dark Icon Pack,PERSONALIZATION,Everyone,Personalization,10.0,0.99,,0.0,Paid
7412,AJ Wallpapers,PERSONALIZATION,Everyone,Personalization,100.0,0.0,,0.0,Free
7413,AK 47 Assault Rifle Wallpapers,PERSONALIZATION,Teen,Personalization,100.0,0.0,,1.0,Free
7414,AK 47 Guns Wallpaper,PERSONALIZATION,Everyone,Personalization,50000.0,0.0,4.2,322.0,Free
7415,AK 47 Live Wallpaper,PERSONALIZATION,Everyone,Personalization,50000.0,0.0,4.1,585.0,Free
7416,AK 47 Lock Screen,PERSONALIZATION,Mature 17+,Personalization,500.0,0.0,4.6,5.0,Free
7417,Ak-47 Wallpapers 2018,PERSONALIZATION,Everyone,Personalization,500.0,0.0,,7.0,Free
7418,"Alphabet ""H"" Passcode Lock Screen",PERSONALIZATION,Everyone,Personalization,100.0,0.0,4.5,2.0,Free
7419,Android P | Xperia™ Theme 4800+ icons,PERSONALIZATION,Everyone,Personalization,100.0,1.99,4.6,29.0,Paid
7420,Android P 9.0,PERSONALIZATION,Everyone,Personalization,500.0,0.0,3.0,12.0,Free
7421,Android P Home KLWP,PERSONALIZATION,Everyone,Personalization,5.0,1.49,,0.0,Paid
7422,Android P Stock Wallpapers,PERSONALIZATION,Everyone,Personalization,1000.0,0.0,4.5,16.0,Free
7423,Android P Style Icon Pack,PERSONALIZATION,Everyone,Personalization,100.0,0.99,5.0,1.0,Paid
7424,Android P Wallpapers,PERSONALIZATION,Everyone,Personalization,5000.0,0.0,3.6,53.0,Free
7425,Android-P Mono Grey EMUI 8/5 Theme,PERSONALIZATION,Everyone,Personalization,10000.0,0.0,4.5,61.0,Free
7426,Anime X Wallpaper,PERSONALIZATION,Everyone,Personalization,1000000.0,0.0,4.7,32613.0,Free
7427,AP Themes for Kustom/KLWP,PERSONALIZATION,Everyone,Personalization,500.0,1.49,3.6,5.0,Paid
7428,Apex Launcher,PERSONALIZATION,Everyone,Personalization,10000000.0,0.0,4.3,266401.0,Free
7429,Apex Launcher,PERSONALIZATION,Everyone,Personalization,10000000.0,0.0,4.3,266402.0,Free
7430,Apex Launcher,PERSONALIZATION,Everyone,Personalization,10000000.0,0.0,4.3,266434.0,Free
7431,"APUS Launcher - Theme, Wallpaper, Hide Apps",PERSONALIZATION,Everyone,Personalization,100000000.0,0.0,4.5,5783441.0,Free
7432,Asiimov Skin - CS GO Icon Pack,PERSONALIZATION,Everyone,Personalization,100.0,2.49,4.6,26.0,Paid
7433,Asteroids 3D live wallpaper,PERSONALIZATION,Everyone,Personalization,10000000.0,0.0,4.1,157495.0,Free
7434,ASUS Cover for ZenFone 2,PERSONALIZATION,Everyone,Personalization,10000000.0,0.0,4.4,43960.0,Free
7435,AX Watch for WatchMaker,PERSONALIZATION,Everyone,Personalization,1.0,0.99,,2.0,Paid
7436,Axe Wallpaper,PERSONALIZATION,Teen,Personalization,100.0,0.0,4.7,9.0,Free
7437,Ay Yıldız - Xperia Live Theme,PERSONALIZATION,Everyone,Personalization,10.0,0.99,,0.0,Paid
7438,Ay Yıldız Analog Saat,PERSONALIZATION,Everyone,Personalization,1000.0,0.0,,37.0,Free
7439,Ay Yıldız Duvar Kağıtları,PERSONALIZATION,Everyone,Personalization,100.0,0.0,,3.0,Free
7440,B & W Filter for Photo Editor Pro,PERSONALIZATION,Everyone,Personalization,5000.0,0.0,4.7,65.0,Free
7441,B. R. Ambedkar Jayanti SMS,PERSONALIZATION,Everyone,Personalization,500.0,0.0,,0.0,Free
7442,B-17 Flying Fortress WWII LWP,PERSONALIZATION,Everyone,Personalization,100.0,1.49,,7.0,Paid
7443,Backgrounds (HD Wallpapers),PERSONALIZATION,Teen,Personalization,10000000.0,0.0,4.7,202474.0,Free
7444,Backgrounds HD (Wallpapers),PERSONALIZATION,Teen,Personalization,100000000.0,0.0,4.6,2390185.0,Free
7445,Backgrounds HD (Wallpapers),PERSONALIZATION,Teen,Personalization,100000000.0,0.0,4.6,2390099.0,Free
7446,Barcelona Wallpaper HD,PERSONALIZATION,Everyone,Personalization,10000.0,0.0,4.5,93.0,Free
7447,Be like Me - Hay Nhu Toi,PERSONALIZATION,Teen,Personalization,1000.0,0.0,4.3,44.0,Free
7448,Be My Love Animated Keyboard,PERSONALIZATION,Teen,Personalization,50000.0,0.0,4.6,838.0,Free
7449,Be you GO Launcher Theme,PERSONALIZATION,Everyone,Personalization,100000.0,0.0,4.3,1580.0,Free
7450,Beautiful Widgets Free,PERSONALIZATION,Everyone,Personalization,1000000.0,0.0,3.9,25037.0,Free
7451,Beautiful Widgets Free,PERSONALIZATION,Everyone,Personalization,1000000.0,0.0,3.9,25035.0,Free
7452,Beautiful Widgets Pro,PERSONALIZATION,Everyone,Personalization,1000000.0,2.49,4.2,97890.0,Paid
7453,Beautiful Widgets Pro,PERSONALIZATION,Everyone,Personalization,1000000.0,2.49,4.2,97890.0,Paid
7454,Best Wallpapers QHD,PERSONALIZATION,Teen,Personalization,10000000.0,0.0,4.4,294701.0,Free
7455,BIG Launcher,PERSONALIZATION,Everyone,Personalization,10000.0,9.99,4.3,881.0,Paid
7456,Birds Sounds Ringtones & Wallpapers,PERSONALIZATION,Everyone 10+,Personalization,1000000.0,0.0,4.6,5073.0,Free
7457,BL Community Icon Pack,PERSONALIZATION,Everyone,Personalization,10000.0,0.0,4.0,289.0,Free
7458,BL Essentials BW Icon Pack,PERSONALIZATION,Everyone,Personalization,1000.0,0.0,4.2,17.0,Free
7459,BL Holo Theme,PERSONALIZATION,Everyone,Personalization,500.0,2.0,4.4,18.0,Paid
7460,BL Kennedy Theme,PERSONALIZATION,Everyone,Personalization,10000.0,0.0,4.2,279.0,Free
7461,Black Classic DW Watch Theme,PERSONALIZATION,Everyone,Personalization,100.0,0.0,,1.0,Free
7462,Black Theme Go Launcher EX,PERSONALIZATION,Teen,Personalization,50000.0,0.0,4.1,285.0,Free
7463,BTS j-hope LINE Launcher theme,PERSONALIZATION,Everyone,Personalization,10000.0,0.0,4.9,934.0,Free
7464,BTS J-Hope Wallpaper HD for KPOP Fans,PERSONALIZATION,Everyone,Personalization,500.0,0.0,,4.0,Free
7465,BTS J-Hope Wallpaper KPOP Fans HD,PERSONALIZATION,Everyone,Personalization,10000.0,0.0,4.7,98.0,Free
7466,BTS V Kim Taehyung Wallpapers Kpop HD New,PERSONALIZATION,Everyone,Personalization,5000.0,0.0,4.8,51.0,Free
7467,BTS V LINE Launcher theme,PERSONALIZATION,Everyone,Personalization,100000.0,0.0,4.8,3283.0,Free
7468,Bullet - FN Theme,PERSONALIZATION,Everyone,Personalization,5000.0,0.0,3.8,143.0,Free
7469,Butterfly Live Wallpaper,PERSONALIZATION,Everyone,Personalization,5000000.0,0.0,4.1,35771.0,Free
7470,Buzz Launcher-Smart&Free Theme,PERSONALIZATION,Everyone,Personalization,10000000.0,0.0,4.4,251616.0,Free
7471,BW Wallpaper,PERSONALIZATION,Everyone,Personalization,50.0,0.0,4.5,4.0,Free
7472,"C Launcher: Themes, Wallpapers, DIY, Smart, Clean",PERSONALIZATION,Everyone 10+,Personalization,10000000.0,0.0,4.5,901110.0,Free
7473,C Locker Pro,PERSONALIZATION,Everyone,Personalization,10000.0,2.99,4.2,1531.0,Paid
7474,Cardi B HD Wallpapers Lock Screen,PERSONALIZATION,Mature 17+,Personalization,500.0,0.0,4.5,2.0,Free
7475,CARDI B WALLPAPERS,PERSONALIZATION,Everyone,Personalization,1000.0,0.0,4.1,8.0,Free
7476,CB Background - Free HD Wallpaper Images,PERSONALIZATION,Everyone,Personalization,1000000.0,0.0,4.1,4538.0,Free
7477,CI 174 Gray Icon Pack,PERSONALIZATION,Everyone,Personalization,10.0,0.99,5.0,1.0,Paid
7478,CI Screwed - Icon Pack,PERSONALIZATION,Everyone,Personalization,1000.0,0.0,4.7,19.0,Free
7479,Circle Colors Pack-FN Theme,PERSONALIZATION,Everyone,Personalization,50.0,0.99,4.2,6.0,Paid
7480,City light CM Locker Theme,PERSONALIZATION,Everyone,Personalization,500000.0,0.0,4.4,6271.0,Free
7481,CK Eorzea Timepiece,PERSONALIZATION,Everyone,Personalization,100.0,0.0,3.2,8.0,Free
7482,CL 2ne1 Wallpaper KPOP Fans All,PERSONALIZATION,Everyone,Personalization,1.0,0.0,,0.0,Free
7483,CL 2NE1 Wallpaper KPOP Fans HD,PERSONALIZATION,Everyone,Personalization,100.0,0.0,,7.0,Free
7484,CL 2ne1 Wallpaper KPOP HD Best,PERSONALIZATION,Everyone,Personalization,10.0,0.0,,3.0,Free
7485,CL 2ne1 Wallpaper KPOP UHD Fans,PERSONALIZATION,Everyone,Personalization,10.0,0.0,,1.0,Free
7486,Clock L,PERSONALIZATION,Everyone,Personalization,100000.0,0.0,3.9,2852.0,Free
7487,"CM Launcher 3D - Theme, Wallpapers, Efficient",PERSONALIZATION,Teen,Personalization,100000000.0,0.0,4.6,6702776.0,Free
7488,"CM Launcher 3D - Theme, Wallpapers, Efficient",PERSONALIZATION,Teen,Personalization,100000000.0,0.0,4.6,6700847.0,Free
7489,CM Launcher 3D Pro💎,PERSONALIZATION,Everyone,Personalization,100000.0,4.99,4.7,23802.0,Paid
7490,CM Launcher Default Theme,PERSONALIZATION,Everyone,Personalization,100000.0,0.0,4.5,3989.0,Free
7491,Cnady Selfie : You Can Dy Snap Camera,PERSONALIZATION,Everyone,Personalization,1000.0,0.0,,8.0,Free
7492,"Color Call - Caller Screen, LED Flash",PERSONALIZATION,Everyone,Personalization,1000000.0,0.0,4.7,29485.0,Free
7493,Color Changer Pro [root],PERSONALIZATION,Everyone,Personalization,1000.0,0.99,4.5,69.0,Paid
7494,Colorful Glitter Neon Butterfly Keyboard Theme,PERSONALIZATION,Everyone,Personalization,500000.0,0.0,4.3,2056.0,Free
7495,CP Smart Check List,PERSONALIZATION,Everyone,Personalization,10.0,0.0,,1.0,Free
7496,CR Blue Icon Pack,PERSONALIZATION,Everyone,Personalization,10000.0,0.0,4.5,323.0,Free
7497,CR-Red,PERSONALIZATION,Everyone,Personalization,10000.0,0.0,4.5,561.0,Free
7498,Cube BR LWP simple,PERSONALIZATION,Everyone,Personalization,1000.0,0.0,,19.0,Free
7499,Cute Dolphin Keyboard,PERSONALIZATION,Everyone,Personalization,10000.0,0.0,4.5,237.0,Free
7500,Cute wallpapers & kawaii backgrounds images,PERSONALIZATION,Everyone,Personalization,1000000.0,0.0,4.6,4724.0,Free
7501,CV Maker,PERSONALIZATION,Everyone,Personalization,10000.0,0.0,3.2,114.0,Free
7502,cx advance call blocker,PERSONALIZATION,Everyone,Personalization,50.0,0.0,5.0,3.0,Free
7503,CY Konum,PERSONALIZATION,Everyone,Personalization,100.0,0.0,,1.0,Free
7504,CYANOGEN GO Launcher EX Theme,PERSONALIZATION,Everyone,Personalization,5000000.0,0.0,4.3,60298.0,Free
7505,Daily DM,PERSONALIZATION,Everyone,Personalization,1000.0,0.0,4.7,51.0,Free
7506,Dark Infusion Substratum Theme for Android N & O,PERSONALIZATION,Everyone,Personalization,1000.0,2.49,4.8,133.0,Paid
7507,DashClock Widget,PERSONALIZATION,Everyone,Personalization,1000000.0,0.0,4.1,62301.0,Free
7508,Day Night Live Wallpaper (All),PERSONALIZATION,Everyone,Personalization,50000.0,2.49,4.7,4856.0,Paid
7509,Device Info Ex Live Wallpaper,PERSONALIZATION,Everyone,Personalization,50000.0,0.99,4.1,2645.0,Paid
7510,Dialer theme Droid L,PERSONALIZATION,Mature 17+,Personalization,100000.0,0.0,4.3,1734.0,Free
7511,Dialer theme G Black Gold,PERSONALIZATION,Everyone,Personalization,500.0,1.49,4.2,33.0,Paid
7512,Diamond Zipper Lock Screen,PERSONALIZATION,Everyone,Personalization,10000000.0,0.0,4.3,71688.0,Free
7513,DK Primrose for KLWP,PERSONALIZATION,Everyone,Personalization,1.0,0.99,,0.0,Paid
7514,Dog Licks Screen Wallpaper,PERSONALIZATION,Everyone,Personalization,5000000.0,0.0,4.3,63624.0,Free
7515,Dolphins Live Wallpaper,PERSONALIZATION,Everyone,Personalization,1000000.0,0.0,4.2,25807.0,Free
7516,Door Lock Screen,PERSONALIZATION,Everyone,Personalization,1000000.0,0.0,4.3,5413.0,Free
7517,DP & Status for Whatsapp 2018,PERSONALIZATION,Everyone,Personalization,100000.0,0.0,4.1,293.0,Free
7518,Dp For WhatsApp,PERSONALIZATION,Mature 17+,Personalization,1000000.0,0.0,4.4,1623.0,Free
7519,Dragon B.Z Wallpapers,PERSONALIZATION,Everyone,Personalization,10.0,0.0,,0.0,Free
7520,Dragon BZ Wallpapers HD,PERSONALIZATION,Everyone,Personalization,1000.0,0.0,,5.0,Free
7521,DU Launcher - Boost Your Phone,PERSONALIZATION,Everyone,Personalization,1000000.0,0.0,4.5,67707.0,Free
7522,Dulquer Salmaan HD Wallpapers,PERSONALIZATION,Everyone,Personalization,100.0,0.0,,1.0,Free
7523,DX Glow - Clock Widget,PERSONALIZATION,Everyone,Personalization,50.0,0.99,4.4,5.0,Paid
7524,Earth & Moon in HD Gyro 3D Parallax Live Wallpaper,PERSONALIZATION,Everyone,Personalization,5000000.0,0.0,4.5,66321.0,Free
7525,Eh Bee Wallpapers HD,PERSONALIZATION,Everyone,Personalization,100.0,0.0,5.0,4.0,Free
7526,EM Launcher for EMUI,PERSONALIZATION,Everyone,Personalization,500000.0,0.0,4.1,3175.0,Free
7527,EM Launcher Pro,PERSONALIZATION,Everyone,Personalization,1000.0,3.99,4.2,35.0,Paid
7528,"Emoji Keyboard - Cute Emoji,GIF, Sticker, Emoticon",PERSONALIZATION,Everyone,Personalization,10000000.0,0.0,4.7,114851.0,Free
7529,ES Themes -- Classic Theme,PERSONALIZATION,Everyone,Personalization,1000000.0,0.0,4.4,77609.0,Free
7530,EU Flag Live Wallpaper,PERSONALIZATION,Everyone,Personalization,1000.0,0.0,,19.0,Free
7531,EU Flags Free Live Wallpaper,PERSONALIZATION,Everyone,Personalization,100000.0,0.0,3.4,730.0,Free
7532,EU Flags Live Wallpaper,PERSONALIZATION,Everyone,Personalization,10000.0,0.99,4.3,444.0,Paid
7533,European Union Flag LWP,PERSONALIZATION,Everyone,Personalization,100.0,0.0,,3.0,Free
7534,Evie Launcher,PERSONALIZATION,Everyone,Personalization,5000000.0,0.0,4.7,139258.0,Free
7535,EZ Launcher,PERSONALIZATION,Everyone,Personalization,1000000.0,0.0,4.2,18926.0,Free
7536,F-1 watchface by Delta,PERSONALIZATION,Everyone,Personalization,10.0,2.49,,0.0,Paid
7537,Fancy Widgets,PERSONALIZATION,Everyone,Personalization,5000000.0,0.0,4.2,37237.0,Free
7538,FAV KWGT,PERSONALIZATION,Everyone,Personalization,1000.0,0.99,4.9,88.0,Paid
7539,Flag of European Union,PERSONALIZATION,Everyone,Personalization,1000.0,0.0,4.2,36.0,Free
7540,Flag Of European Union LWP,PERSONALIZATION,Everyone,Personalization,1000.0,0.0,4.3,88.0,Free
7541,Flowers Live Wallpaper,PERSONALIZATION,Everyone,Personalization,10000000.0,0.0,4.1,118459.0,Free
7542,FO Bixby,PERSONALIZATION,Everyone,Personalization,100.0,0.99,5.0,5.0,Paid
7543,Football-CB GO Clock Theme,PERSONALIZATION,Everyone,Personalization,1000.0,0.0,4.7,26.0,Free
7544,Fountain Live Wallpaper HD – Dubai Wallpaper 3D,PERSONALIZATION,Everyone,Personalization,500.0,0.0,,1.0,Free
7545,FP Charging Daydream,PERSONALIZATION,Everyone,Personalization,5000.0,0.0,3.5,96.0,Free
7546,FP Click sound changer,PERSONALIZATION,Everyone,Personalization,10000.0,0.0,3.5,178.0,Free
7547,Free E B Garamond Cool Font,PERSONALIZATION,Everyone,Personalization,100000.0,0.0,4.2,410.0,Free
7548,Free Z Glass GO Keyboard Theme,PERSONALIZATION,Everyone,Personalization,5000000.0,0.0,4.3,71829.0,Free
7549,Freeme Launcher—Stylish Theme,PERSONALIZATION,Everyone,Personalization,100000.0,0.0,4.1,2828.0,Free
7550,"FUN Keyboard – Emoji Keyboard, Sticker,Theme & GIF",PERSONALIZATION,Everyone,Personalization,500000.0,0.0,4.7,12089.0,Free
7551,Funny Alarm Clock Ringtones,PERSONALIZATION,Everyone,Personalization,1000000.0,0.0,4.5,15633.0,Free
7552,Funny Ringtones,PERSONALIZATION,Everyone 10+,Personalization,1000000.0,0.0,4.4,7146.0,Free
7553,"G Theme 2 for LG V30, LG G6",PERSONALIZATION,Everyone,Personalization,500.0,1.49,4.3,25.0,Paid
7554,Galactic Core Free Wallpaper,PERSONALIZATION,Everyone,Personalization,10000000.0,0.0,4.1,69417.0,Free
7555,Galaxy Live Wallpaper,PERSONALIZATION,Teen,Personalization,5000000.0,0.0,4.2,58052.0,Free
7556,Glanceable Ap Watch Face,PERSONALIZATION,Everyone,Personalization,5.0,0.99,,0.0,Paid
7557,GLASS GO Launcher EX Theme,PERSONALIZATION,Everyone,Personalization,1000000.0,0.0,4.2,18280.0,Free
7558,Glowing Flowers Live Wallpaper,PERSONALIZATION,Everyone,Personalization,5000000.0,0.0,4.2,66730.0,Free
7559,Go,PERSONALIZATION,Everyone,Personalization,5000.0,0.99,4.6,89.0,Paid
7560,GO Contacts EX Black & Grey,PERSONALIZATION,Everyone,Personalization,500.0,0.99,3.7,21.0,Paid
7561,"GO Keyboard - Emoticon keyboard, Free Theme, GIF",PERSONALIZATION,Everyone,Personalization,100000000.0,0.0,4.4,2591941.0,Free
7562,"GO Keyboard - Emoticon keyboard, Free Theme, GIF",PERSONALIZATION,Everyone,Personalization,100000000.0,0.0,4.4,2591610.0,Free
7563,GO Launcher - 3D parallax Themes & HD Wallpapers,PERSONALIZATION,Everyone,Personalization,100000000.0,0.0,4.5,7464996.0,Free
7564,GO Launcher EX UI5.0 theme,PERSONALIZATION,Everyone,Personalization,5000000.0,0.0,4.3,111634.0,Free
7565,GO SMS PRO EMOJI PLUGIN,PERSONALIZATION,Everyone,Personalization,5000000.0,0.0,3.5,84779.0,Free
7566,GO SMS Pro Z Glass Theme EX,PERSONALIZATION,Everyone,Personalization,1000000.0,0.0,3.8,24198.0,Free
7567,Goku Wallpaper Art,PERSONALIZATION,Everyone,Personalization,1000000.0,0.0,4.7,6342.0,Free
7568,Gold Wallpapers,PERSONALIZATION,Everyone,Personalization,10000.0,0.0,4.5,43.0,Free
7569,Golden Launcher,PERSONALIZATION,Everyone,Personalization,5000000.0,0.0,4.4,32794.0,Free
7570,G-Pix [Android P] Dark EMUI 8/5 THEME,PERSONALIZATION,Everyone,Personalization,10000.0,0.0,4.1,169.0,Free
7571,G-Pix [Android P] EMUI 8/5 THEME,PERSONALIZATION,Everyone,Personalization,100000.0,0.0,4.1,720.0,Free
7572,HAL-9000 - FN Theme,PERSONALIZATION,Everyone,Personalization,10000.0,0.0,3.5,159.0,Free
7573,HD Themes Toyota Cruiser 100VX,PERSONALIZATION,Teen,Personalization,100.0,0.0,,2.0,Free
7574,HD Themes Toyota Cruiser 200,PERSONALIZATION,Teen,Personalization,100.0,0.0,3.7,3.0,Free
7575,HD Themes Toyota Cruiser 40,PERSONALIZATION,Teen,Personalization,100.0,0.0,,2.0,Free
7576,HD Themes Toyota Cruiser 50,PERSONALIZATION,Teen,Personalization,50.0,0.0,,1.0,Free
7577,HD Themes Toyota Cruiser 60,PERSONALIZATION,Teen,Personalization,100.0,0.0,,0.0,Free
7578,HD Themes Toyota Cruiser 70,PERSONALIZATION,Teen,Personalization,10000.0,0.0,4.5,86.0,Free
7579,HD Themes Toyota Cruiser 80,PERSONALIZATION,Teen,Personalization,100.0,0.0,,2.0,Free
7580,HD Themes Toyota Cruiser70,PERSONALIZATION,Teen,Personalization,100.0,0.0,,0.0,Free
7581,HD Themes Volvo FH Trucks,PERSONALIZATION,Teen,Personalization,5000.0,0.0,4.4,40.0,Free
7582,HD Wallpapers Volvo FH Trucks,PERSONALIZATION,Teen,Personalization,500.0,0.0,,4.0,Free
7583,HD Widgets,PERSONALIZATION,Everyone,Personalization,1000000.0,0.99,4.3,58617.0,Paid
7584,HD Widgets,PERSONALIZATION,Everyone,Personalization,1000000.0,0.99,4.3,58614.0,Paid
7585,HDWallpaper DK,PERSONALIZATION,Teen,Personalization,10.0,0.0,,0.0,Free
7586,H-Kakashi - theme Xperia™,PERSONALIZATION,Everyone,Personalization,50000.0,0.0,4.6,621.0,Free
7587,"Hola Launcher- Theme,Wallpaper",PERSONALIZATION,Everyone,Personalization,100000000.0,0.0,4.5,3277209.0,Free
7588,Horses Live Wallpaper,PERSONALIZATION,Everyone,Personalization,1000000.0,0.0,4.2,28806.0,Free
7589,I Love U Theme&Emoji Keyboard,PERSONALIZATION,Everyone,Personalization,100000.0,0.0,4.6,655.0,Free
7590,icon wallpaper dressup💞CocoPPa,PERSONALIZATION,Everyone,Personalization,10000000.0,0.0,4.3,595120.0,Free
7591,"iKeyboard - emoji, emoticons",PERSONALIZATION,Everyone,Personalization,10000000.0,0.0,4.5,624924.0,Free
7592,iLauncher OS 12 Pro - Phone X,PERSONALIZATION,Everyone,Personalization,50.0,2.99,,3.0,Paid
7593,iLocker X - iOS11 Lockscreen with HD Wallpapers,PERSONALIZATION,Everyone,Personalization,100000.0,0.0,4.3,1714.0,Free
7594,J Dark Ice Substratum Theme,PERSONALIZATION,Everyone,Personalization,10000.0,0.0,4.5,164.0,Free
7595,J. Cole Rapper Wallpaper HD,PERSONALIZATION,Everyone,Personalization,1000.0,0.0,4.1,8.0,Free
7596,Jigsaw Puzzles AK 74M,PERSONALIZATION,Mature 17+,Personalization,10.0,0.0,,0.0,Free
7597,Johor DT Lock Screen,PERSONALIZATION,Everyone,Personalization,1000.0,0.0,,13.0,Free
7598,Kairo XP (for HD Widgets),PERSONALIZATION,Everyone,Personalization,10000.0,0.99,4.4,1591.0,Paid
7599,"Keyboard - wallpapers , photos",PERSONALIZATION,Everyone,Personalization,10000000.0,0.0,4.4,55525.0,Free
7600,Keyboard for Sony Xperia J,PERSONALIZATION,Everyone,Personalization,50000.0,0.0,4.1,797.0,Free
7601,Keyboard Theme Dusk BK Purple,PERSONALIZATION,Mature 17+,Personalization,10000.0,0.0,4.5,248.0,Free
7602,Keyboard Theme Gate Flat BW,PERSONALIZATION,Mature 17+,Personalization,10000.0,0.0,4.5,75.0,Free
7603,Koi Free Live Wallpaper,PERSONALIZATION,Everyone,Personalization,50000000.0,0.0,4.2,290241.0,Free
7604,Koi Live Wallpaper,PERSONALIZATION,Everyone,Personalization,100000.0,0.99,4.6,14026.0,Paid
7605,Kromium BW Theme for NEXT,PERSONALIZATION,Everyone,Personalization,50000.0,0.0,4.3,1098.0,Free
7606,Launcher,PERSONALIZATION,Everyone,Personalization,1000000.0,0.0,4.5,102923.0,Free
7607,Launcher Oreo 8.1,PERSONALIZATION,Everyone,Personalization,500000.0,0.0,4.5,13466.0,Free
7608,Launcher Theme for LG K10 2018,PERSONALIZATION,Everyone,Personalization,100000.0,0.0,4.0,649.0,Free
7609,Lavender Emoji Keyboard Theme,PERSONALIZATION,Everyone,Personalization,1000000.0,0.0,4.1,12008.0,Free
7610,Light X - Icon Pack,PERSONALIZATION,Everyone,Personalization,10000.0,0.99,4.6,252.0,Paid
7611,LINE Launcher,PERSONALIZATION,Everyone,Personalization,10000000.0,0.0,4.4,733838.0,Free
7612,Live 3D Neon Blue Love Heart Keyboard Theme,PERSONALIZATION,Everyone,Personalization,1000000.0,0.0,4.3,6626.0,Free
7613,Lollipop Keyboard L Pro,PERSONALIZATION,Everyone,Personalization,500000.0,0.0,3.6,5525.0,Free
7614,Lollipop Launcher Plus,PERSONALIZATION,Everyone,Personalization,1000.0,4.99,4.1,131.0,Paid
7615,Love Fonts for FlipFont,PERSONALIZATION,Everyone,Personalization,1000000.0,0.0,3.9,28694.0,Free
7616,Lovely Cute Pink Kitty Cat Keyboard Theme,PERSONALIZATION,Everyone,Personalization,500000.0,0.0,4.3,2267.0,Free
7617,M Launcher -Marshmallow 6.0,PERSONALIZATION,Everyone,Personalization,1000000.0,0.0,4.4,37234.0,Free
7618,M Theme - Dark Green Icon Pack,PERSONALIZATION,Everyone,Personalization,10000.0,0.0,4.2,202.0,Free
7619,Marvel and DC Wallpapers,PERSONALIZATION,Everyone,Personalization,10000.0,0.0,4.2,249.0,Free
7620,Materialistic P Wallpapers,PERSONALIZATION,Everyone,Personalization,1000.0,0.0,4.8,24.0,Free
7621,Melior NUI - Material CM Theme,PERSONALIZATION,Everyone,Personalization,100000.0,0.0,4.7,1873.0,Free
7622,"Messenger L SMS, MMS",PERSONALIZATION,Everyone,Personalization,500000.0,0.0,4.0,6263.0,Free
7623,Microsoft Launcher,PERSONALIZATION,Everyone,Personalization,10000000.0,0.0,4.6,649568.0,Free
7624,Mirk V Launcher Theme,PERSONALIZATION,Everyone,Personalization,10000.0,0.0,4.5,292.0,Free
7625,Modern: DU Launcher Theme,PERSONALIZATION,Everyone,Personalization,50000.0,0.0,4.2,868.0,Free
7626,MultiPicture Live Wallpaper dn,PERSONALIZATION,Everyone,Personalization,10000.0,1.99,4.3,505.0,Paid
7627,My Style CM 13 Theme,PERSONALIZATION,Everyone,Personalization,10000.0,0.0,4.5,314.0,Free
7628,N Launcher - Nougat 7.0,PERSONALIZATION,Everyone,Personalization,1000000.0,0.0,4.4,32597.0,Free
7629,N Launcher Pro - Nougat 7.0,PERSONALIZATION,Everyone,Personalization,100000.0,2.99,4.3,2538.0,Paid
7630,N Launcher: Nougat Theme,PERSONALIZATION,Everyone,Personalization,10000.0,0.0,4.2,128.0,Free
7631,Neon Glow C - Icon Pack,PERSONALIZATION,Everyone,Personalization,10000.0,0.99,4.8,557.0,Paid
7632,Neon-R (Red),PERSONALIZATION,Everyone,Personalization,100.0,0.99,4.7,25.0,Paid
7633,New 2018 Keyboard,PERSONALIZATION,Everyone,Personalization,10000000.0,0.0,4.6,298321.0,Free
7634,New CL 2ne1 Wallpaper KPOP live,PERSONALIZATION,Everyone,Personalization,1.0,0.0,,0.0,Free
7635,New Launcher 2018,PERSONALIZATION,Everyone,Personalization,10000000.0,0.0,4.4,142393.0,Free
7636,NEW Theme for Phone X,PERSONALIZATION,Everyone,Personalization,500000.0,0.0,4.7,8642.0,Free
7637,New Wallpapers Toyota FJ Cruiser Theme,PERSONALIZATION,Teen,Personalization,100.0,0.0,,1.0,Free
7638,Next Launcher 3D Bold-CF Theme,PERSONALIZATION,Everyone,Personalization,1000.0,0.99,4.4,175.0,Paid
7639,Next Launcher 3D Theme Hit-B,PERSONALIZATION,Everyone,Personalization,1000.0,1.7,4.4,83.0,Paid
7640,Next Launcher 3D Theme Hit-G,PERSONALIZATION,Everyone,Personalization,1000.0,1.7,4.2,59.0,Paid
7641,Next Launcher 3D Theme Stun-BW,PERSONALIZATION,Everyone,Personalization,100000.0,0.0,4.4,2839.0,Free
7642,Night: DU Launcher Theme,PERSONALIZATION,Everyone,Personalization,50000.0,0.0,4.3,1419.0,Free
7643,Northern Lights FREE (Aurora),PERSONALIZATION,Everyone,Personalization,1000000.0,0.0,4.1,12180.0,Free
7644,Note FE Theme And Launcher For Samsung Galaxy,PERSONALIZATION,Everyone,Personalization,1000.0,0.0,4.4,7.0,Free
7645,Nougat Android 7 Launcher : AW,PERSONALIZATION,Everyone,Personalization,100000.0,0.0,,0.0,Free
7646,Nova Launcher,PERSONALIZATION,Everyone,Personalization,50000000.0,0.0,4.6,1121805.0,Free
7647,Nova Launcher,PERSONALIZATION,Everyone,Personalization,50000000.0,0.0,4.6,1121805.0,Free
7648,OMEGA Black UI Theme - CM 12+,PERSONALIZATION,Everyone,Personalization,100.0,0.99,4.2,12.0,Paid
7649,One Launcher,PERSONALIZATION,Everyone,Personalization,1000000.0,0.0,4.3,26601.0,Free
7650,OnePlus Icon Pack,PERSONALIZATION,Everyone,Personalization,500000.0,0.0,4.8,440.0,Free
7651,OnePlus Icon Pack - Square,PERSONALIZATION,Everyone,Personalization,500000.0,0.0,4.7,229.0,Free
7652,OnePlus Launcher,PERSONALIZATION,Everyone,Personalization,1000000.0,0.0,4.0,24215.0,Free
7653,OO Launcher for Android O 8.0 Oreo™ Launcher,PERSONALIZATION,Everyone,Personalization,1000000.0,0.0,4.4,14832.0,Free
7654,OS-X EMUI 4/5/8 THEME,PERSONALIZATION,Everyone,Personalization,100000.0,0.0,3.9,916.0,Free
7655,P Icon Pack for Pixel,PERSONALIZATION,Everyone,Personalization,1000.0,0.0,4.4,38.0,Free
7656,P Launcher for Android™ 9.0,PERSONALIZATION,Everyone,Personalization,5000.0,0.0,3.9,35.0,Free
7657,P Launcher Theme For Android™ 9.0,PERSONALIZATION,Everyone,Personalization,10000.0,0.0,3.9,213.0,Free
7658,P Theme for Android™ P 9.0 Style Launcher,PERSONALIZATION,Everyone,Personalization,50000.0,0.0,4.5,216.0,Free
7659,P XPERIA Theme™ | Design For SONY 🎨,PERSONALIZATION,Everyone,Personalization,10000.0,0.0,4.4,147.0,Free
7660,P XPERIA Theme™ | INDIGO - Design For SONY 🎨,PERSONALIZATION,Everyone,Personalization,1000.0,0.0,,12.0,Free
7661,P XPERIA Theme™ | PURPLE - Design For SONY 🎨,PERSONALIZATION,Everyone,Personalization,500.0,0.0,,3.0,Free
7662,Pacify (Android P theme) - Theme for Xperia™,PERSONALIZATION,Everyone,Personalization,10.0,0.99,,1.0,Paid
7663,Pacify Exceed (Android P) - Theme for Xperia™,PERSONALIZATION,Everyone,Personalization,10.0,1.49,,5.0,Paid
7664,Parallel Space - Multiple accounts & Two face,PERSONALIZATION,Everyone,Personalization,100000000.0,0.0,4.6,3062845.0,Free
7665,Petals 3D live wallpaper,PERSONALIZATION,Everyone,Personalization,10000000.0,0.0,4.2,112479.0,Free
7666,P-Home for KLWP,PERSONALIZATION,Everyone,Personalization,100.0,0.99,5.0,4.0,Paid
7667,Photo Lock App - Hide Pictures & Videos,PERSONALIZATION,Everyone,Personalization,5000000.0,0.0,4.5,29203.0,Free
7668,Pi Dark [substratum],PERSONALIZATION,Everyone,Personalization,10000.0,0.0,4.5,189.0,Free
7669,Pink Diamond Princess Keyboard Theme,PERSONALIZATION,Everyone,Personalization,1000000.0,0.0,3.7,10796.0,Free
7670,Pink Roses Live Wallpaper,PERSONALIZATION,Everyone,Personalization,1000000.0,0.0,4.2,33074.0,Free
7671,Pint - FN Theme,PERSONALIZATION,Everyone,Personalization,100.0,0.0,2.5,6.0,Free
7672,Pistachio Launcher for Android P 9.0,PERSONALIZATION,Everyone,Personalization,1.0,1.49,,0.0,Paid
7673,PitchBlack S - Samsung Substratum Theme “For Oreo”,PERSONALIZATION,Everyone,Personalization,1000.0,1.99,4.5,90.0,Paid
7674,Pixel Oreo/P Dark White AMOLED UI - Icon Pack,PERSONALIZATION,Everyone,Personalization,5000.0,1.49,4.8,18.0,Paid
7675,Pixxy KWGT,PERSONALIZATION,Everyone,Personalization,1000.0,0.99,4.8,60.0,Paid
7676,Planet O - Icon Pack,PERSONALIZATION,Everyone,Personalization,10000.0,0.99,4.6,354.0,Paid
7677,Popsicle Launcher for Android P 9.0 launcher,PERSONALIZATION,Everyone,Personalization,0.0,1.49,,0.0,Paid
7678,Prime Key for Nougat Launcher& O Launcher &KitKat,PERSONALIZATION,Everyone,Personalization,5000.0,6.99,4.1,324.0,Paid
7679,Profile pictures for WhatsApp,PERSONALIZATION,Mature 17+,Personalization,500000.0,0.0,4.7,10786.0,Free
7680,Pujie Black Watch Face for Android Wear OS,PERSONALIZATION,Everyone,Personalization,100000.0,1.99,4.6,7264.0,Paid
7681,Pureness Pacify (Android P) - Theme for Xperia™,PERSONALIZATION,Everyone,Personalization,1.0,1.49,,0.0,Paid
7682,Q Cat Live Wallpaper,PERSONALIZATION,Teen,Personalization,500000.0,0.0,4.2,4383.0,Free
7683,QuickShortcutMaker,PERSONALIZATION,Everyone,Personalization,1000000.0,0.0,4.6,41000.0,Free
7684,Retro Clock Widget,PERSONALIZATION,Everyone,Personalization,5000000.0,0.0,4.2,86743.0,Free
7685,RETRO Shocked DW-6000,PERSONALIZATION,Everyone,Personalization,100.0,1.49,5.0,13.0,Paid
7686,Ringtone Maker,PERSONALIZATION,Everyone,Personalization,50000000.0,0.0,4.3,495905.0,Free
7687,Ringtone Maker,PERSONALIZATION,Everyone,Personalization,50000000.0,0.0,4.3,495748.0,Free
7688,Ringtones & Wallpapers for Me,PERSONALIZATION,Everyone,Personalization,10000000.0,0.0,4.2,89342.0,Free
7689,Romantic Love Photo Frames,PERSONALIZATION,Everyone,Personalization,5000000.0,0.0,4.4,18918.0,Free
7690,Rose Gold DW Watch Theme,PERSONALIZATION,Everyone,Personalization,100.0,0.0,,1.0,Free
7691,S Launcher for Galaxy TouchWiz,PERSONALIZATION,Everyone,Personalization,1000000.0,0.0,4.2,11244.0,Free
7692,S Launcher Pro for Galaxy,PERSONALIZATION,Everyone,Personalization,1000.0,4.99,4.1,47.0,Paid
7693,Sci-Fi Sounds and Ringtones,PERSONALIZATION,Everyone,Personalization,10000.0,0.0,3.6,128.0,Free
7694,senior easy phone,PERSONALIZATION,Teen,Personalization,50000.0,0.0,3.9,168.0,Free
7695,Simple Neon Blue Future Tech Keyboard Theme,PERSONALIZATION,Everyone,Personalization,10000000.0,0.0,4.1,51145.0,Free
7696,Siren Ringtones,PERSONALIZATION,Teen,Personalization,5000000.0,0.0,4.2,42190.0,Free
7697,Skull Widget BW,PERSONALIZATION,Everyone,Personalization,10.0,0.0,4.5,4.0,Free
7698,SLANGY-Perfect BK World Theme,PERSONALIZATION,Everyone,Personalization,50.0,4.85,,1.0,Paid
7699,Smart Launcher 5,PERSONALIZATION,Everyone,Personalization,10000000.0,0.0,4.4,512102.0,Free
7700,Smart Launcher 5,PERSONALIZATION,Everyone,Personalization,10000000.0,0.0,4.4,512106.0,Free
7701,Smart Launcher Pro 3,PERSONALIZATION,Everyone,Personalization,100000.0,4.49,4.6,40704.0,Paid
7702,Smart Launcher theme b. gold,PERSONALIZATION,Everyone,Personalization,5000.0,1.99,4.1,291.0,Paid
7703,Smoke Effect Name Art Maker-Avatar Text Art Editor,PERSONALIZATION,Everyone,Personalization,100000.0,0.0,4.3,1961.0,Free
7704,Space Z 🌏 🚀Icon Pack Theme,PERSONALIZATION,Everyone,Personalization,1000.0,1.49,4.8,201.0,Paid
7705,Speed Car CM Locker Theme,PERSONALIZATION,Everyone,Personalization,500000.0,0.0,4.4,7519.0,Free
7706,Status For WhatsApp DP - pro,PERSONALIZATION,Teen,Personalization,10000.0,0.0,4.4,49.0,Free
7707,Stylish Fonts,PERSONALIZATION,Everyone,Personalization,10000000.0,0.0,3.8,153176.0,Free
7708,Sun Rise Free Live Wallpaper,PERSONALIZATION,Everyone,Personalization,10000000.0,0.0,4.3,86481.0,Free
7709,Swift Dark CM / CM13 Theme,PERSONALIZATION,Everyone,Personalization,10000.0,1.99,4.7,1500.0,Paid
7710,Technology CM Locker Theme,PERSONALIZATION,Everyone,Personalization,1000000.0,0.0,4.4,10093.0,Free
7711,The grand theft V Wallpaper,PERSONALIZATION,Everyone 10+,Personalization,10000.0,0.0,3.8,87.0,Free
7712,The real aquarium - HD,PERSONALIZATION,Everyone,Personalization,5000000.0,0.0,4.3,100130.0,Free
7713,Theme Android P Black design for LG V30,PERSONALIZATION,Everyone,Personalization,100.0,1.49,4.4,8.0,Paid
7714,Theme Android P Black for LG G7 & V35,PERSONALIZATION,Everyone,Personalization,100.0,1.49,4.6,5.0,Paid
7715,Theme Android P Design for LG V30,PERSONALIZATION,Everyone,Personalization,500.0,1.49,4.2,35.0,Paid
7716,Theme Android P for LG G7 & V35,PERSONALIZATION,Everyone,Personalization,100.0,1.49,4.6,5.0,Paid
7717,Theme eXp - Black Z Light,PERSONALIZATION,Everyone,Personalization,1000000.0,0.0,4.3,29540.0,Free
7718,Theme for Android 7.0,PERSONALIZATION,Everyone,Personalization,5000.0,0.0,,0.0,Free
7719,Theme for Galaxy Note FE,PERSONALIZATION,Everyone,Personalization,100.0,0.0,,3.0,Free
7720,Theme For Galaxy Note FE,PERSONALIZATION,Everyone,Personalization,100.0,0.0,,0.0,Free
7721,Theme for Galaxy Note FE Launcher | Live Wallpaper,PERSONALIZATION,Everyone,Personalization,100.0,0.0,,2.0,Free
7722,Theme for Iphone X Plus,PERSONALIZATION,Everyone,Personalization,10000.0,0.0,4.0,126.0,Free
7723,Theme for New Android P,PERSONALIZATION,Everyone,Personalization,1000.0,0.0,,13.0,Free
7724,Theme for Samsung Galaxy Note FE,PERSONALIZATION,Everyone,Personalization,10000.0,0.0,4.5,52.0,Free
7725,Theme For Techno Camon CX,PERSONALIZATION,Everyone,Personalization,5000.0,0.0,4.7,42.0,Free
7726,Themes DAF CF 85,PERSONALIZATION,Teen,Personalization,100.0,0.0,,3.0,Free
7727,Themes DAF CF 85 Trucks,PERSONALIZATION,Teen,Personalization,100.0,0.0,,2.0,Free
7728,Themes DAF CF Trucks,PERSONALIZATION,Teen,Personalization,100.0,0.0,,2.0,Free
7729,Themes Volvo FH 16 Trucks,PERSONALIZATION,Teen,Personalization,10000.0,0.0,,38.0,Free
7730,Themes Volvo FH Trucks,PERSONALIZATION,Teen,Personalization,1000.0,0.0,,14.0,Free
7731,Tiger Live Wallpaper,PERSONALIZATION,Teen,Personalization,5000000.0,0.0,4.1,77724.0,Free
7732,Top Themes Volvo FH Trucks,PERSONALIZATION,Teen,Personalization,1000.0,0.0,,9.0,Free
7733,TouchPal Purple Butterfly Theme,PERSONALIZATION,Everyone,Personalization,1000000.0,0.0,4.2,7435.0,Free
7734,Tropical Beach Live Wallpaper,PERSONALIZATION,Everyone,Personalization,1000000.0,0.0,4.0,11343.0,Free
7735,Ultimate Watch 2 watch face,PERSONALIZATION,Everyone,Personalization,10000.0,0.99,4.6,285.0,Paid
7736,V BTS Wallpaper,PERSONALIZATION,Everyone,Personalization,5000.0,0.0,4.7,127.0,Free
7737,Vintage Flower CM Locker Theme,PERSONALIZATION,Everyone,Personalization,500000.0,0.0,4.3,2910.0,Free
7738,Waiting For U Launcher Theme,PERSONALIZATION,Everyone,Personalization,500000.0,0.0,4.4,5599.0,Free
7739,Wallpaper,PERSONALIZATION,Everyone,Personalization,1000000.0,0.0,4.5,69488.0,Free
7740,Wallpapers AK 12,PERSONALIZATION,Teen,Personalization,10.0,0.0,,0.0,Free
7741,Wallpapers AK 47 Guns,PERSONALIZATION,Teen,Personalization,5000.0,0.0,4.5,37.0,Free
7742,Wallpapers AK 74M,PERSONALIZATION,Teen,Personalization,10.0,0.0,,0.0,Free
7743,Wallpapers Bus Scania Irizar K,PERSONALIZATION,Teen,Personalization,10000.0,0.0,,35.0,Free
7744,Wallpapers CZ 75 85,PERSONALIZATION,Teen,Personalization,10.0,0.0,,0.0,Free
7745,Wallpapers DAF CF 85 Trucks,PERSONALIZATION,Teen,Personalization,10.0,0.0,,0.0,Free
7746,Wallpapers DAF CF Trucks,PERSONALIZATION,Teen,Personalization,100.0,0.0,,1.0,Free
7747,Wallpapers DH 4K,PERSONALIZATION,Everyone,Personalization,1000.0,0.0,3.8,23.0,Free
7748,Wallpapers FN F2000,PERSONALIZATION,Teen,Personalization,5.0,0.0,,0.0,Free
7749,Wallpapers FN FAL Light Automatic Rifle,PERSONALIZATION,Teen,Personalization,10.0,0.0,,0.0,Free
7750,Wallpapers FN Five seven,PERSONALIZATION,Teen,Personalization,10.0,0.0,,0.0,Free
7751,Wallpapers FN Herstal FNP 9,PERSONALIZATION,Teen,Personalization,1.0,0.0,,0.0,Free
7752,Wallpapers FN SCAR H,PERSONALIZATION,Teen,Personalization,100.0,0.0,5.0,4.0,Free
7753,Wallpapers HD,PERSONALIZATION,Everyone,Personalization,10000000.0,0.0,4.6,484981.0,Free
7754,"Wallpapers HD, 4K Backgrounds",PERSONALIZATION,Everyone,Personalization,10000000.0,0.0,4.7,273994.0,Free
7755,Wallpapers Mercedes Benz CL,PERSONALIZATION,Teen,Personalization,100.0,0.0,,2.0,Free
7756,Wallpapers New AK 47 Assault Rifle Guns Arms,PERSONALIZATION,Teen,Personalization,100.0,0.0,,0.0,Free
7757,Wallpapers Toyota FJ Cruiser,PERSONALIZATION,Everyone,Personalization,10000.0,0.0,4.2,78.0,Free
7758,Wallpapers Truck DAF CF,PERSONALIZATION,Everyone,Personalization,1000.0,0.0,,19.0,Free
7759,Wallpapers Volvo FH 16 Trucks,PERSONALIZATION,Teen,Personalization,1000.0,0.0,4.2,13.0,Free
7760,Wallpapers Volvo FH Truck,PERSONALIZATION,Teen,Personalization,100.0,0.0,4.2,4.0,Free
7761,Watch Face BW Inter,PERSONALIZATION,Everyone,Personalization,1000.0,0.99,3.1,112.0,Paid
7762,Watch Face Swiss AJ-6,PERSONALIZATION,Everyone,Personalization,100.0,0.99,4.1,21.0,Paid
7763,Water Droplets Keyboard Theme,PERSONALIZATION,Everyone,Personalization,100000.0,0.0,4.1,398.0,Free
7764,Water Garden Live Wallpaper,PERSONALIZATION,Everyone,Personalization,5000000.0,0.0,4.6,66453.0,Free
7765,Waterfall Live Wallpaper,PERSONALIZATION,Everyone,Personalization,10000000.0,0.0,4.1,112977.0,Free
7766,Wave Z Live Wallpaper,PERSONALIZATION,Teen,Personalization,5000000.0,0.0,4.2,63699.0,Free
7767,Weapon AK-74 Live Wallpaper,PERSONALIZATION,Everyone,Personalization,1000.0,0.0,3.3,25.0,Free
7768,weather HD,PERSONALIZATION,Everyone,Personalization,10000.0,1.99,4.0,1546.0,Paid
7769,Wolves Live Wallpaper,PERSONALIZATION,Everyone,Personalization,1000000.0,0.0,4.3,10401.0,Free
7770,X Back - Icon Pack,PERSONALIZATION,Everyone,Personalization,10000.0,0.99,4.5,56.0,Paid
7771,"XOS - Launcher,Theme,Wallpaper",PERSONALIZATION,Everyone,Personalization,5000000.0,0.0,4.6,49657.0,Free
7772,Xposed Wi-Fi-Pwd,PERSONALIZATION,Everyone,Personalization,100000.0,0.0,3.5,1042.0,Free
7773,Yandex Browser with Protect,PERSONALIZATION,Everyone,Personalization,50000000.0,0.0,4.5,1237135.0,Free
7774,Yandex Browser with Protect,PERSONALIZATION,Everyone,Personalization,50000000.0,0.0,4.5,1235841.0,Free
7775,Yandex.Shell (Launcher+Dialer),PERSONALIZATION,Everyone,Personalization,1000000.0,0.0,4.4,87300.0,Free
7776,Z Ringtones PREMIUM 2018,PERSONALIZATION,Everyone,Personalization,500000.0,0.0,4.5,10158.0,Free
7777,ZEDGE™ Ringtones & Wallpapers,PERSONALIZATION,Teen,Personalization,100000000.0,0.0,4.6,6466641.0,Free
7778,ZEDGE™ Ringtones & Wallpapers,PERSONALIZATION,Teen,Personalization,100000000.0,0.0,4.6,6466641.0,Free
7779,ZEDGE™ Ringtones & Wallpapers,PERSONALIZATION,Teen,Personalization,100000000.0,0.0,4.6,6466641.0,Free
7780,ZEDGE™ Ringtones & Wallpapers,PERSONALIZATION,Teen,Personalization,100000000.0,0.0,4.6,6459626.0,Free
7781,ZenUI Launcher,PERSONALIZATION,Everyone,Personalization,50000000.0,0.0,4.7,1141545.0,Free
7782,ZenUI Themes – Stylish Themes,PERSONALIZATION,Everyone,Personalization,10000000.0,0.0,4.4,47393.0,Free
7783,Zooper Widget,PERSONALIZATION,Everyone,Personalization,1000000.0,0.0,4.0,30498.0,Free
7784,24 megapixel hd camera,PHOTOGRAPHY,Everyone,Photography,100000.0,0.0,4.0,802.0,Free
7785,4K Ultra Camera,PHOTOGRAPHY,Everyone,Photography,100000.0,0.0,4.2,382.0,Free
7786,A Better Camera,PHOTOGRAPHY,Everyone,Photography,5000000.0,0.0,4.1,76484.0,Free
7787,A.J. Styles HD Wallpapers 2018,PHOTOGRAPHY,Everyone,Photography,100.0,0.0,,1.0,Free
7788,A+ Gallery - Photos & Videos,PHOTOGRAPHY,Everyone,Photography,10000000.0,0.0,4.5,223941.0,Free
7789,Add Text To Photo,PHOTOGRAPHY,Everyone,Photography,1000000.0,0.0,4.1,21578.0,Free
7790,Add Watermark Free,PHOTOGRAPHY,Everyone,Photography,1000000.0,0.0,4.3,18325.0,Free
7791,Adobe Illustrator Draw,PHOTOGRAPHY,Everyone,Photography,5000000.0,0.0,4.4,65766.0,Free
7792,Adobe Photoshop Express:Photo Editor Collage Maker,PHOTOGRAPHY,Everyone,Photography,50000000.0,0.0,4.2,914804.0,Free
7793,Adobe Photoshop Express:Photo Editor Collage Maker,PHOTOGRAPHY,Everyone,Photography,50000000.0,0.0,4.2,914917.0,Free
7794,Adobe Photoshop Fix,PHOTOGRAPHY,Everyone,Photography,5000000.0,0.0,4.2,28390.0,Free
7795,AEE AP,PHOTOGRAPHY,Everyone,Photography,1000.0,0.0,,4.0,Free
7796,AfterFocus,PHOTOGRAPHY,Everyone,Photography,10000000.0,0.0,4.2,165224.0,Free
7797,Afterlight,PHOTOGRAPHY,Everyone,Photography,1000000.0,0.0,4.3,50893.0,Free
7798,AI Draw | Art Filter for Selfie,PHOTOGRAPHY,Everyone,Photography,1000.0,2.99,3.0,20.0,Paid
7799,AI Image Recognizer (beta),PHOTOGRAPHY,Everyone,Photography,500.0,0.0,,0.0,Free
7800,Ai-Ball AV Recorder,PHOTOGRAPHY,Everyone,Photography,5000.0,2.99,2.7,90.0,Paid
7801,AJ Cam,PHOTOGRAPHY,Everyone,Photography,100.0,0.0,5.0,44.0,Free
7802,All Types DP & Status Maker,PHOTOGRAPHY,Teen,Photography,1000.0,0.0,4.5,16.0,Free
7803,Analog BW - Camera filter effect foto film retouch,PHOTOGRAPHY,Everyone,Photography,100.0,0.0,,2.0,Free
7804,AR effect,PHOTOGRAPHY,Everyone,Photography,100000000.0,0.0,4.2,79792.0,Free
7805,Arto: f.infrared photo,PHOTOGRAPHY,Everyone,Photography,500.0,1.49,4.1,41.0,Paid
7806,ASUS Gallery,PHOTOGRAPHY,Everyone,Photography,50000000.0,0.0,4.3,125259.0,Free
7807,ASUS PixelMaster Camera,PHOTOGRAPHY,Everyone,Photography,10000000.0,0.0,4.4,626366.0,Free
7808,Auto Background Changer,PHOTOGRAPHY,Everyone,Photography,1000000.0,0.0,4.0,35188.0,Free
7809,Auto Dslr Photo Effect : Auto Focus Effect,PHOTOGRAPHY,Everyone,Photography,1000.0,0.0,3.8,6.0,Free
7810,AZ Camera - Manual Pro Cam,PHOTOGRAPHY,Everyone,Photography,100000.0,0.0,3.4,2332.0,Free
7811,B Tiff Viewer,PHOTOGRAPHY,Everyone,Photography,100000.0,0.0,4.1,283.0,Free
7812,B&W Photo Filter Editor,PHOTOGRAPHY,Everyone,Photography,50000.0,0.0,3.9,205.0,Free
7813,B612 - Beauty & Filter Camera,PHOTOGRAPHY,Everyone,Photography,100000000.0,0.0,4.4,5282578.0,Free
7814,B612 - Beauty & Filter Camera,PHOTOGRAPHY,Everyone,Photography,100000000.0,0.0,4.4,5282558.0,Free
7815,B612 - Beauty & Filter Camera,PHOTOGRAPHY,Everyone,Photography,100000000.0,0.0,4.4,5276983.0,Free
7816,Background Changer & Eraser,PHOTOGRAPHY,Teen,Photography,500000.0,0.0,4.0,2076.0,Free
7817,Background Eraser,PHOTOGRAPHY,Everyone,Photography,10000000.0,0.0,4.5,267378.0,Free
7818,BC Camera,PHOTOGRAPHY,Everyone,Photography,500.0,0.0,4.2,5.0,Free
7819,Be Fabulous PHOTO BOOTH,PHOTOGRAPHY,Everyone,Photography,10000.0,0.0,4.1,560.0,Free
7820,Beauty Makeup – Photo Makeover,PHOTOGRAPHY,Everyone,Photography,1000000.0,0.0,4.3,21730.0,Free
7821,Beauty Makeup Snappy Collage Photo Editor - Lidow,PHOTOGRAPHY,Everyone,Photography,10000000.0,0.0,4.5,420973.0,Free
7822,BeautyPlus - Easy Photo Editor & Selfie Camera,PHOTOGRAPHY,Everyone,Photography,100000000.0,0.0,4.4,3158047.0,Free
7823,BeautyPlus - Easy Photo Editor & Selfie Camera,PHOTOGRAPHY,Everyone,Photography,100000000.0,0.0,4.4,3157936.0,Free
7824,BeautyPlus - Easy Photo Editor & Selfie Camera,PHOTOGRAPHY,Everyone,Photography,100000000.0,0.0,4.4,3158151.0,Free
7825,BeautyPlus - Easy Photo Editor & Selfie Camera,PHOTOGRAPHY,Everyone,Photography,100000000.0,0.0,4.4,3158151.0,Free
7826,BeautyPlus - Easy Photo Editor & Selfie Camera,PHOTOGRAPHY,Everyone,Photography,100000000.0,0.0,4.4,3156484.0,Free
7827,BeFunky Photo Editor Pro,PHOTOGRAPHY,Everyone,Photography,50000.0,1.99,4.5,4724.0,Paid
7828,Bestie - Camera360 Selfie,PHOTOGRAPHY,Everyone,Photography,10000000.0,0.0,4.5,512996.0,Free
7829,BG Editor,PHOTOGRAPHY,Everyone,Photography,5.0,0.0,,0.0,Free
7830,BK Photography,PHOTOGRAPHY,Everyone,Photography,1000.0,0.0,4.3,20.0,Free
7831,BL 1-Click Camera,PHOTOGRAPHY,Everyone,Photography,100.0,3.99,,4.0,Paid
7832,BL 1-Click Camera - Free,PHOTOGRAPHY,Everyone,Photography,10000.0,0.0,3.5,52.0,Free
7833,BL Portfolio,PHOTOGRAPHY,Everyone,Photography,100.0,0.0,,4.0,Free
7834,Black & White Camera - Lovely BW,PHOTOGRAPHY,Everyone,Photography,100000.0,0.0,4.2,329.0,Free
7835,BlackCam Pro - B&W Camera,PHOTOGRAPHY,Everyone,Photography,100000.0,1.49,4.5,1376.0,Paid
7836,Blender BG - Photo Blend With Background,PHOTOGRAPHY,Everyone,Photography,100.0,0.0,,0.0,Free
7837,BlitzWolf Shutter - BW Shutter,PHOTOGRAPHY,Everyone,Photography,50000.0,0.0,2.9,333.0,Free
7838,Blur,PHOTOGRAPHY,Everyone,Photography,1000000.0,0.0,4.0,9013.0,Free
7839,Blur Image - DSLR focus effect,PHOTOGRAPHY,Everyone,Photography,5000000.0,0.0,3.9,38055.0,Free
7840,Blur Image Background,PHOTOGRAPHY,Everyone,Photography,10000000.0,0.0,3.9,129272.0,Free
7841,Blur Image Background,PHOTOGRAPHY,Everyone,Photography,10000000.0,0.0,3.9,129268.0,Free
7842,Blur Image Background Editor (Blur Photo Editor),PHOTOGRAPHY,Everyone,Photography,5000000.0,0.0,4.4,62421.0,Free
7843,Blurfoto : Auto blur photo background & DSLR focus,PHOTOGRAPHY,Everyone,Photography,500000.0,0.0,4.3,2215.0,Free
7844,Bokeh (Background defocus),PHOTOGRAPHY,Everyone,Photography,10000000.0,0.0,4.0,50109.0,Free
7845,Boomerang from Instagram,PHOTOGRAPHY,Everyone,Photography,50000000.0,0.0,4.4,928720.0,Free
7846,BQ Camera,PHOTOGRAPHY,Everyone,Photography,1000000.0,0.0,3.6,2526.0,Free
7847,Brica BPRO5 AE,PHOTOGRAPHY,Everyone,Photography,500000.0,0.0,3.9,4726.0,Free
7848,BT Camera,PHOTOGRAPHY,Everyone,Photography,500000.0,0.0,3.3,1307.0,Free
7849,Camera for Android,PHOTOGRAPHY,Everyone,Photography,10000000.0,0.0,4.2,240475.0,Free
7850,Camera for Android,PHOTOGRAPHY,Everyone,Photography,10000000.0,0.0,4.2,240475.0,Free
7851,Camera for Android,PHOTOGRAPHY,Everyone,Photography,10000000.0,0.0,4.2,240475.0,Free
7852,Camera FV-5,PHOTOGRAPHY,Everyone,Photography,100000.0,3.95,3.8,16320.0,Paid
7853,Camera FV-5,PHOTOGRAPHY,Everyone,Photography,100000.0,3.95,3.8,16317.0,Paid
7854,Camera FV-5 Lite,PHOTOGRAPHY,Everyone,Photography,10000000.0,0.0,4.0,130081.0,Free
7855,Camera FV-5 Lite,PHOTOGRAPHY,Everyone,Photography,10000000.0,0.0,4.0,130063.0,Free
7856,Camera MX - Free Photo & Video Camera,PHOTOGRAPHY,Everyone,Photography,10000000.0,0.0,4.3,244371.0,Free
7857,Camera MX - Free Photo & Video Camera,PHOTOGRAPHY,Everyone,Photography,10000000.0,0.0,4.3,244302.0,Free
7858,Camera Pro,PHOTOGRAPHY,Everyone,Photography,1000000.0,0.0,4.1,7479.0,Free
7859,Camera V7 24 Megapixel,PHOTOGRAPHY,Everyone,Photography,100000.0,0.0,4.0,2480.0,Free
7860,Camera ZOOM FX - FREE,PHOTOGRAPHY,Everyone,Photography,5000000.0,0.0,4.0,88860.0,Free
7861,camera zoom moon,PHOTOGRAPHY,Everyone,Photography,500000.0,0.0,3.7,1213.0,Free
7862,Camera360 Lite - Selfie Camera,PHOTOGRAPHY,Everyone,Photography,10000000.0,0.0,4.4,221858.0,Free
7863,Camera360 Lite - Selfie Camera,PHOTOGRAPHY,Everyone,Photography,10000000.0,0.0,4.4,221878.0,Free
7864,Camera360: Selfie Photo Editor with Funny Sticker,PHOTOGRAPHY,Everyone,Photography,100000000.0,0.0,4.3,4865093.0,Free
7865,Camera360: Selfie Photo Editor with Funny Sticker,PHOTOGRAPHY,Everyone,Photography,100000000.0,0.0,4.3,4865107.0,Free
7866,Camera360: Selfie Photo Editor with Funny Sticker,PHOTOGRAPHY,Everyone,Photography,100000000.0,0.0,4.3,4865132.0,Free
7867,Camera51 - a smarter camera,PHOTOGRAPHY,Everyone,Photography,1000000.0,0.0,4.0,29707.0,Free
7868,Cameringo Lite. Filters Camera,PHOTOGRAPHY,Everyone,Photography,10000000.0,0.0,4.2,140917.0,Free
7869,Cameringo+ Filters Camera,PHOTOGRAPHY,Everyone,Photography,500000.0,2.99,4.6,28107.0,Paid
7870,"Candy Camera - selfie, beauty camera, photo editor",PHOTOGRAPHY,Everyone,Photography,100000000.0,0.0,4.4,3368649.0,Free
7871,"Candy Camera - selfie, beauty camera, photo editor",PHOTOGRAPHY,Everyone,Photography,100000000.0,0.0,4.4,3368646.0,Free
7872,"Candy Camera - selfie, beauty camera, photo editor",PHOTOGRAPHY,Everyone,Photography,100000000.0,0.0,4.4,3368705.0,Free
7873,"Candy selfie - photo editor, live filter camera",PHOTOGRAPHY,Everyone,Photography,10000000.0,0.0,4.4,53421.0,Free
7874,Canon CameraWindow,PHOTOGRAPHY,Everyone,Photography,1000000.0,0.0,3.5,12204.0,Free
7875,CB Edits PNG & CB Backgrounds,PHOTOGRAPHY,Everyone,Photography,5000.0,0.0,4.2,17.0,Free
7876,CB Hair Png - New Hair Png For CB Editing,PHOTOGRAPHY,Everyone,Photography,500.0,0.0,4.6,26.0,Free
7877,CB VIDEO VISION,PHOTOGRAPHY,Everyone,Photography,100.0,0.0,5.0,13.0,Free
7878,CG Prints,PHOTOGRAPHY,Everyone,Photography,100.0,0.0,5.0,1.0,Free
7879,Change photo background,PHOTOGRAPHY,Everyone,Photography,5000000.0,0.0,3.8,28660.0,Free
7880,Collage&Add Stickers papelook,PHOTOGRAPHY,Everyone,Photography,5000000.0,0.0,4.0,32896.0,Free
7881,Color Touch Effects,PHOTOGRAPHY,Everyone,Photography,10000000.0,0.0,3.8,167652.0,Free
7882,Cover Camera for FB,PHOTOGRAPHY,Everyone,Photography,100000.0,0.0,3.8,742.0,Free
7883,Cut Out : Background Eraser and background changer,PHOTOGRAPHY,Everyone,Photography,1000000.0,0.0,4.1,7118.0,Free
7884,"Cymera Camera- Photo Editor, Filter,Collage,Layout",PHOTOGRAPHY,Everyone,Photography,100000000.0,0.0,4.4,2418135.0,Free
7885,"Cymera Camera- Photo Editor, Filter,Collage,Layout",PHOTOGRAPHY,Everyone,Photography,100000000.0,0.0,4.4,2418135.0,Free
7886,"Cymera Camera- Photo Editor, Filter,Collage,Layout",PHOTOGRAPHY,Everyone,Photography,100000000.0,0.0,4.4,2418158.0,Free
7887,"Cymera Camera- Photo Editor, Filter,Collage,Layout",PHOTOGRAPHY,Everyone,Photography,100000000.0,0.0,4.4,2418165.0,Free
7888,DC-014,PHOTOGRAPHY,Everyone,Photography,500.0,0.0,5.0,3.0,Free
7889,DENVER ACTION CAM 3,PHOTOGRAPHY,Everyone,Photography,10000.0,0.0,2.9,66.0,Free
7890,DF Night Selfies,PHOTOGRAPHY,Everyone,Photography,10000.0,0.0,4.3,194.0,Free
7891,Displaying You VR,PHOTOGRAPHY,Everyone,Photography,50.0,0.0,,1.0,Free
7892,DM הפקות,PHOTOGRAPHY,Everyone,Photography,100.0,0.0,,2.0,Free
7893,DP Creator for WhatsApp,PHOTOGRAPHY,Everyone,Photography,100000.0,0.0,3.8,4813.0,Free
7894,DP Editor,PHOTOGRAPHY,Teen,Photography,5000.0,0.0,4.3,18.0,Free
7895,Dp For FB,PHOTOGRAPHY,Teen,Photography,1000.0,0.0,4.5,12.0,Free
7896,DP Maker,PHOTOGRAPHY,Everyone,Photography,100000.0,0.0,4.2,784.0,Free
7897,DP Photo Editor,PHOTOGRAPHY,Everyone,Photography,10000.0,0.0,4.1,88.0,Free
7898,DP Status 2017,PHOTOGRAPHY,Everyone,Photography,50000.0,0.0,4.2,302.0,Free
7899,DS-L4 Viewer,PHOTOGRAPHY,Everyone,Photography,1000.0,0.0,3.5,13.0,Free
7900,DSLR camera - Auto Focus and Blur Professional,PHOTOGRAPHY,Everyone,Photography,10000.0,0.0,3.4,30.0,Free
7901,DSLR Camera Hd Ultra Professional,PHOTOGRAPHY,Everyone,Photography,1000000.0,0.0,4.2,4410.0,Free
7902,DSLR Photography Training apps,PHOTOGRAPHY,Everyone,Photography,100000.0,0.0,4.0,675.0,Free
7903,DU Collage Maker - Photo Collage & Grid & Layout,PHOTOGRAPHY,Everyone,Photography,100000.0,0.0,4.7,4595.0,Free
7904,"DU GIF Maker: GIF Maker, Video to GIF & GIF Editor",PHOTOGRAPHY,Everyone,Photography,500000.0,0.0,4.6,7605.0,Free
7905,DV KING,PHOTOGRAPHY,Everyone,Photography,100.0,0.0,3.0,2.0,Free
7906,DV KING 4K,PHOTOGRAPHY,Everyone,Photography,100.0,0.0,2.3,3.0,Free
7907,DV Lottery Photo Tool,PHOTOGRAPHY,Everyone,Photography,50000.0,0.0,4.0,223.0,Free
7908,DV-4036 by Somikon,PHOTOGRAPHY,Everyone,Photography,1000.0,0.0,,17.0,Free
7909,easyFocus,PHOTOGRAPHY,Everyone,Photography,500000.0,0.0,3.7,3396.0,Free
7910,EF Lens Simulator,PHOTOGRAPHY,Everyone,Photography,100.0,9.99,,2.0,Paid
7911,EyeEm - Camera & Photo Filter,PHOTOGRAPHY,Everyone,Photography,10000000.0,0.0,4.2,215343.0,Free
7912,Ez iCam,PHOTOGRAPHY,Teen,Photography,1000000.0,0.0,3.1,7300.0,Free
7913,ez Share Android app,PHOTOGRAPHY,Everyone,Photography,100000.0,0.0,3.3,1461.0,Free
7914,F Length Sim (no Ads),PHOTOGRAPHY,Everyone,Photography,10.0,2.0,,0.0,Paid
7915,"Face Filter, Selfie Editor - Sweet Camera",PHOTOGRAPHY,Everyone,Photography,10000000.0,0.0,4.7,142634.0,Free
7916,"Face Filter, Selfie Editor - Sweet Camera",PHOTOGRAPHY,Everyone,Photography,10000000.0,0.0,4.7,142758.0,Free
7917,FaceApp,PHOTOGRAPHY,Everyone,Photography,10000000.0,0.0,4.4,346681.0,Free
7918,Facejjang,PHOTOGRAPHY,Everyone,Photography,10000000.0,0.0,4.1,100179.0,Free
7919,Facetune - For Free,PHOTOGRAPHY,Everyone,Photography,1000000.0,5.99,4.4,49553.0,Paid
7920,Facetune - For Free,PHOTOGRAPHY,Everyone,Photography,1000000.0,5.99,4.4,49553.0,Paid
7921,Facetune - For Free,PHOTOGRAPHY,Everyone,Photography,1000000.0,5.99,4.4,49553.0,Paid
7922,FB Photographie,PHOTOGRAPHY,Everyone,Photography,1000.0,0.0,4.7,37.0,Free
7923,FD Fotografia,PHOTOGRAPHY,Everyone,Photography,100.0,0.0,,2.0,Free
7924,FH WiFiCam,PHOTOGRAPHY,Everyone,Photography,10000.0,0.0,2.6,201.0,Free
7925,Fifa World Cup 2018: Photo Frame Editor & DP Maker,PHOTOGRAPHY,Everyone,Photography,100000.0,0.0,4.6,666.0,Free
7926,FilterGrid - Cam&Photo Editor,PHOTOGRAPHY,Everyone,Photography,1000000.0,0.0,4.6,126337.0,Free
7927,FilterGrid - Cam&Photo Editor,PHOTOGRAPHY,Everyone,Photography,1000000.0,0.0,4.6,126338.0,Free
7928,FL Drone 2,PHOTOGRAPHY,Everyone,Photography,5000.0,0.0,3.3,41.0,Free
7929,Flickr,PHOTOGRAPHY,Mature 17+,Photography,10000000.0,0.0,4.3,251951.0,Free
7930,Flickr,PHOTOGRAPHY,Mature 17+,Photography,10000000.0,0.0,4.3,251951.0,Free
7931,FN Cam,PHOTOGRAPHY,Everyone,Photography,10000.0,0.0,3.4,181.0,Free
7932,Font Studio- Photo Texts Image,PHOTOGRAPHY,Everyone,Photography,10000000.0,0.0,4.2,197295.0,Free
7933,Footej Camera,PHOTOGRAPHY,Everyone,Photography,1000000.0,0.0,4.3,13258.0,Free
7934,Fotor Photo Editor - Photo Collage & Photo Effects,PHOTOGRAPHY,Everyone,Photography,10000000.0,0.0,4.5,597068.0,Free
7935,Free Slideshow Maker & Video Editor,PHOTOGRAPHY,Everyone,Photography,10000000.0,0.0,4.2,162564.0,Free
7936,FreePrints – Free Photos Delivered,PHOTOGRAPHY,Everyone,Photography,1000000.0,0.0,4.8,109500.0,Free
7937,F-Stop Gallery,PHOTOGRAPHY,Everyone,Photography,1000000.0,0.0,4.2,12726.0,Free
7938,F-Stop Gallery Pro,PHOTOGRAPHY,Everyone,Photography,10000.0,4.99,4.4,1302.0,Paid
7939,Garden Photo Frames - Garden Photo Editor,PHOTOGRAPHY,Everyone,Photography,500000.0,0.0,4.4,1864.0,Free
7940,Ghost In Photo,PHOTOGRAPHY,Teen,Photography,5000000.0,0.0,3.9,28429.0,Free
7941,Gold Teeth Photo Editor,PHOTOGRAPHY,Everyone,Photography,100000.0,0.0,2.8,1022.0,Free
7942,Google Photos,PHOTOGRAPHY,Everyone,Photography,1000000000.0,0.0,4.5,10858556.0,Free
7943,Google Photos,PHOTOGRAPHY,Everyone,Photography,1000000000.0,0.0,4.5,10858538.0,Free
7944,Google Photos,PHOTOGRAPHY,Everyone,Photography,1000000000.0,0.0,4.5,10859051.0,Free
7945,Google Photos,PHOTOGRAPHY,Everyone,Photography,1000000000.0,0.0,4.5,10847682.0,Free
7946,GoPro (formerly Capture),PHOTOGRAPHY,Everyone,Photography,10000000.0,0.0,4.0,157506.0,Free
7947,Groovebook Photo Books & Gifts,PHOTOGRAPHY,Everyone,Photography,500000.0,0.0,4.0,21159.0,Free
7948,Guide to Nikon Df,PHOTOGRAPHY,Everyone,Photography,10.0,29.99,,1.0,Paid
7949,HD Camera,PHOTOGRAPHY,Everyone,Photography,5000000.0,0.0,4.3,49680.0,Free
7950,HD Camera - Best Cam with filters & panorama,PHOTOGRAPHY,Everyone,Photography,5000000.0,0.0,4.5,38953.0,Free
7951,HD Camera - Quick Snap Photo & Video,PHOTOGRAPHY,Everyone,Photography,1000000.0,0.0,4.5,21841.0,Free
7952,HD Camera - silent shutter,PHOTOGRAPHY,Everyone,Photography,1000000.0,0.0,4.0,26530.0,Free
7953,HD Camera for Android,PHOTOGRAPHY,Everyone,Photography,10000000.0,0.0,4.1,351254.0,Free
7954,HD Camera for Android,PHOTOGRAPHY,Everyone,Photography,10000000.0,0.0,4.1,351255.0,Free
7955,HD Camera Pro for Android,PHOTOGRAPHY,Everyone,Photography,1000000.0,0.0,4.1,49211.0,Free
7956,HD Camera Ultra,PHOTOGRAPHY,Everyone,Photography,10000000.0,0.0,4.3,462152.0,Free
7957,"High-Speed Camera (GIF,Burst)",PHOTOGRAPHY,Everyone,Photography,5000000.0,0.0,4.1,78140.0,Free
7958,How Do I Look,PHOTOGRAPHY,Everyone,Photography,500000.0,0.0,2.7,3032.0,Free
7959,Huji Cam,PHOTOGRAPHY,Everyone,Photography,5000000.0,0.0,4.4,40289.0,Free
7960,Hypocam,PHOTOGRAPHY,Everyone,Photography,1000000.0,0.0,4.5,12572.0,Free
7961,i am EB,PHOTOGRAPHY,Teen,Photography,10.0,0.0,5.0,1.0,Free
7962,Insave-Download for Instagram,PHOTOGRAPHY,Everyone,Photography,1000000.0,0.0,4.3,46242.0,Free
7963,Insta Square Profile DP,PHOTOGRAPHY,Everyone,Photography,5000.0,0.0,3.7,42.0,Free
7964,InstaBeauty -Makeup Selfie Cam,PHOTOGRAPHY,Everyone,Photography,50000000.0,0.0,4.3,654419.0,Free
7965,InstaBeauty -Makeup Selfie Cam,PHOTOGRAPHY,Everyone,Photography,50000000.0,0.0,4.3,654418.0,Free
7966,InstaCam - Camera for Selfie,PHOTOGRAPHY,Everyone,Photography,1000000.0,0.0,4.0,15098.0,Free
7967,InstaSize Photo Filters & Collage Editor,PHOTOGRAPHY,Everyone,Photography,50000000.0,0.0,4.3,811693.0,Free
7968,InstaSize Photo Filters & Collage Editor,PHOTOGRAPHY,Everyone,Photography,50000000.0,0.0,4.3,811714.0,Free
7969,Keepsafe Photo Vault: Hide Private Photos & Videos,PHOTOGRAPHY,Everyone,Photography,50000000.0,0.0,4.6,1656808.0,Free
7970,Kids Photo Frames,PHOTOGRAPHY,Everyone,Photography,1000000.0,0.0,4.6,15700.0,Free
7971,"KVAD Camera +: Selfie, Photo Filter, Grids",PHOTOGRAPHY,Everyone,Photography,1000000.0,0.0,4.1,23440.0,Free
7972,"LALALAB prints your photos, photobooks and magnets",PHOTOGRAPHY,Everyone,Photography,1000000.0,0.0,4.7,50424.0,Free
7973,Lapse It • Time Lapse • Pro,PHOTOGRAPHY,Everyone,Photography,100000.0,2.99,4.3,12865.0,Paid
7974,LC-DB,PHOTOGRAPHY,Everyone,Photography,10.0,3.49,3.0,1.0,Paid
7975,LC-DB-LITE,PHOTOGRAPHY,Everyone,Photography,100.0,0.0,,0.0,Free
7976,Leica CL,PHOTOGRAPHY,Everyone,Photography,1000.0,0.0,2.6,8.0,Free
7977,Leica Q,PHOTOGRAPHY,Everyone,Photography,10000.0,0.0,3.1,133.0,Free
7978,Light Meter - EV,PHOTOGRAPHY,Everyone,Photography,1000.0,0.0,4.0,26.0,Free
7979,LightMeter (noAds),PHOTOGRAPHY,Everyone,Photography,10000.0,1.99,4.6,617.0,Paid
7980,LightMeter Free,PHOTOGRAPHY,Everyone,Photography,1000000.0,0.0,4.1,5485.0,Free
7981,LightX Photo Editor & Photo Effects,PHOTOGRAPHY,Everyone,Photography,10000000.0,0.0,4.7,259450.0,Free
7982,LINE Camera - Photo editor,PHOTOGRAPHY,Everyone,Photography,100000000.0,0.0,4.3,1517369.0,Free
7983,LINE Camera - Photo editor,PHOTOGRAPHY,Everyone,Photography,100000000.0,0.0,4.3,1517395.0,Free
7984,Live DV,PHOTOGRAPHY,Everyone,Photography,1000.0,0.0,2.0,16.0,Free
7985,love,PHOTOGRAPHY,Everyone,Photography,1000000.0,0.0,4.3,42677.0,Free
7986,Love Collage - Photo Editor,PHOTOGRAPHY,Everyone,Photography,10000000.0,0.0,4.3,251686.0,Free
7987,Magical Insta DP,PHOTOGRAPHY,Everyone,Photography,1000.0,0.0,,2.0,Free
7988,Makeup Editor -Beauty Photo Editor & Selfie Camera,PHOTOGRAPHY,Mature 17+,Photography,1000000.0,0.0,4.5,3378.0,Free
7989,Makeup Photo Editor: Makeup Camera & Makeup Editor,PHOTOGRAPHY,Everyone,Photography,1000000.0,0.0,4.4,10525.0,Free
7990,MakeupPlus - Your Own Virtual Makeup Artist,PHOTOGRAPHY,Everyone,Photography,50000000.0,0.0,4.4,758780.0,Free
7991,Mega Photo,PHOTOGRAPHY,Everyone,Photography,1000000.0,0.0,4.2,44941.0,Free
7992,"Meitu – Beauty Cam, Easy Photo Editor",PHOTOGRAPHY,Everyone,Photography,10000000.0,0.0,4.5,462702.0,Free
7993,Mirror Photo:Editor Collage (HD),PHOTOGRAPHY,Everyone,Photography,10000000.0,0.0,4.1,373606.0,Free
7994,MIX by Camera360,PHOTOGRAPHY,Everyone,Photography,5000000.0,0.0,4.4,111066.0,Free
7995,MomentCam Cartoons & Stickers,PHOTOGRAPHY,Everyone,Photography,50000000.0,0.0,4.2,1260143.0,Free
7996,"Moony Lab - Print Photos, Books & Magnets ™",PHOTOGRAPHY,Everyone,Photography,50000.0,0.0,4.7,1320.0,Free
7997,Moto Photo Editor,PHOTOGRAPHY,Everyone,Photography,5000000.0,0.0,3.3,3492.0,Free
7998,Motorola Camera,PHOTOGRAPHY,Everyone,Photography,50000000.0,0.0,3.6,219745.0,Free
7999,Muzy - Share photos & collages,PHOTOGRAPHY,Teen,Photography,5000000.0,0.0,4.4,70189.0,Free
8000,Muzy - Share photos & collages,PHOTOGRAPHY,Teen,Photography,5000000.0,0.0,4.4,70189.0,Free
8001,My Photo Keyboard,PHOTOGRAPHY,Everyone,Photography,10000000.0,0.0,4.3,56114.0,Free
8002,My Photo Keyboard,PHOTOGRAPHY,Everyone,Photography,10000000.0,0.0,4.1,211620.0,Free
8003,NewTek NDI,PHOTOGRAPHY,Everyone,Photography,1000.0,19.99,3.5,77.0,Paid
8004,Night Camera Blur Effect,PHOTOGRAPHY,Everyone,Photography,10000.0,0.0,3.6,100.0,Free
8005,Night Photo Frame,PHOTOGRAPHY,Everyone,Photography,1000000.0,0.0,4.5,4400.0,Free
8006,No Crop & Square for Instagram,PHOTOGRAPHY,Everyone,Photography,10000000.0,0.0,4.6,819774.0,Free
8007,No Crop & Square for Instagram,PHOTOGRAPHY,Everyone,Photography,10000000.0,0.0,4.6,819694.0,Free
8008,Open Camera,PHOTOGRAPHY,Everyone,Photography,10000000.0,0.0,4.3,116880.0,Free
8009,Open Camera,PHOTOGRAPHY,Everyone,Photography,10000000.0,0.0,4.3,116880.0,Free
8010,Open Camera,PHOTOGRAPHY,Everyone,Photography,10000000.0,0.0,4.3,116769.0,Free
8011,Pencil Photo Sketch-Sketching Drawing Photo Editor,PHOTOGRAPHY,Everyone,Photography,1000000.0,0.0,4.4,16523.0,Free
8012,"Phogy, 3D Camera",PHOTOGRAPHY,Everyone,Photography,1000000.0,0.0,4.0,35724.0,Free
8013,"Phogy, 3D Camera",PHOTOGRAPHY,Everyone,Photography,1000000.0,0.0,4.0,35725.0,Free
8014,Phonto - Text on Photos,PHOTOGRAPHY,Everyone,Photography,10000000.0,0.0,4.3,307453.0,Free
8015,Photo BG Changer,PHOTOGRAPHY,Everyone,Photography,1000.0,0.0,3.8,11.0,Free
8016,Photo Collage - InstaMag,PHOTOGRAPHY,Everyone,Photography,10000000.0,0.0,4.3,542561.0,Free
8017,Photo Collage - Layout Editor,PHOTOGRAPHY,Everyone,Photography,10000000.0,0.0,4.5,285788.0,Free
8018,Photo Collage Editor,PHOTOGRAPHY,Everyone,Photography,100000000.0,0.0,4.2,1028637.0,Free
8019,Photo Collage Maker,PHOTOGRAPHY,Everyone,Photography,10000000.0,0.0,4.3,751766.0,Free
8020,Photo Editor,PHOTOGRAPHY,Everyone,Photography,1000000.0,0.0,4.3,42079.0,Free
8021,Photo Editor,PHOTOGRAPHY,Everyone,Photography,10000000.0,0.0,4.1,114680.0,Free
8022,Photo Editor-,PHOTOGRAPHY,Everyone,Photography,5000000.0,0.0,4.3,68070.0,Free
8023,Photo Editor-,PHOTOGRAPHY,Everyone,Photography,5000000.0,0.0,4.3,68071.0,Free
8024,Photo Editor - BPhoto,PHOTOGRAPHY,Everyone,Photography,1000.0,0.0,4.5,42.0,Free
8025,Photo Editor by Aviary,PHOTOGRAPHY,Everyone,Photography,50000000.0,0.0,4.4,1490732.0,Free
8026,Photo Editor by Aviary,PHOTOGRAPHY,Everyone,Photography,50000000.0,0.0,4.4,1490722.0,Free
8027,Photo Editor by BeFunky,PHOTOGRAPHY,Everyone,Photography,10000000.0,0.0,4.5,192851.0,Free
8028,Photo Editor Collage Maker Pro,PHOTOGRAPHY,Everyone,Photography,100000000.0,0.0,4.5,1519671.0,Free
8029,Photo Editor Pro,PHOTOGRAPHY,Everyone,Photography,100000000.0,0.0,4.3,1871416.0,Free
8030,Photo Editor Pro,PHOTOGRAPHY,Everyone,Photography,100000000.0,0.0,4.3,1871421.0,Free
8031,Photo Editor Selfie Camera Filter & Mirror Image,PHOTOGRAPHY,Everyone,Photography,50000000.0,0.0,4.3,527247.0,Free
8032,Photo Editor Selfie Camera Filter & Mirror Image,PHOTOGRAPHY,Everyone,Photography,50000000.0,0.0,4.3,527248.0,Free
8033,Photo Effects Pro,PHOTOGRAPHY,Everyone,Photography,50000000.0,0.0,4.4,1494491.0,Free
8034,Photo frame,PHOTOGRAPHY,Everyone,Photography,100000.0,0.0,4.5,859.0,Free
8035,Photo Frame,PHOTOGRAPHY,Everyone,Photography,10000000.0,0.0,4.5,74476.0,Free
8036,Photo Frames,PHOTOGRAPHY,Everyone,Photography,10000000.0,0.0,4.3,28578.0,Free
8037,"Photo Lab Picture Editor: face effects, art frames",PHOTOGRAPHY,Everyone,Photography,50000000.0,0.0,4.5,1536512.0,Free
8038,Photo Mixer,PHOTOGRAPHY,Everyone,Photography,10000000.0,0.0,3.9,55427.0,Free
8039,Photo Studio,PHOTOGRAPHY,Everyone,Photography,10000000.0,0.0,4.2,477831.0,Free
8040,PhotoDirector Photo Editor App,PHOTOGRAPHY,Everyone,Photography,10000000.0,0.0,4.6,714340.0,Free
8041,PhotoFrame for Synology DS,PHOTOGRAPHY,Everyone,Photography,10.0,4.99,4.0,1.0,Paid
8042,PhotoFunia,PHOTOGRAPHY,Everyone,Photography,10000000.0,0.0,4.3,316378.0,Free
8043,"PhotoGrid: Video & Pic Collage Maker, Photo Editor",PHOTOGRAPHY,Everyone,Photography,100000000.0,0.0,4.6,7529865.0,Free
8044,"PhotoLayers〜Superimpose,Eraser",PHOTOGRAPHY,Everyone,Photography,10000000.0,0.0,4.5,81219.0,Free
8045,PhotoScan by Google Photos,PHOTOGRAPHY,Everyone,Photography,10000000.0,0.0,4.3,61990.0,Free
8046,PhotoWonder: Pro Beauty Photo Editor Collage Maker,PHOTOGRAPHY,Teen,Photography,50000000.0,0.0,4.4,852649.0,Free
8047,Pic Collage - Photo Editor,PHOTOGRAPHY,Everyone,Photography,50000000.0,0.0,4.6,1451000.0,Free
8048,Pic Stitch - #1 Collage Maker,PHOTOGRAPHY,Everyone,Photography,1000000.0,0.0,4.2,15426.0,Free
8049,Picai - Smart AI Camera,PHOTOGRAPHY,Everyone,Photography,100000.0,0.0,4.0,529.0,Free
8050,PicsArt Photo Studio: Collage Maker & Pic Editor,PHOTOGRAPHY,Teen,Photography,100000000.0,0.0,4.5,7594559.0,Free
8051,PicsArt Photo Studio: Collage Maker & Pic Editor,PHOTOGRAPHY,Teen,Photography,100000000.0,0.0,4.5,7590099.0,Free
8052,Picture Grid Builder,PHOTOGRAPHY,Everyone,Photography,5000000.0,0.0,4.0,33439.0,Free
8053,PIP Selfie Camera Photo Editor,PHOTOGRAPHY,Everyone,Photography,10000000.0,0.0,4.4,156322.0,Free
8054,PIP-Camera FN Photo Effect,PHOTOGRAPHY,Everyone,Photography,1000.0,0.0,4.6,8.0,Free
8055,PixelLab - Text on pictures,PHOTOGRAPHY,Everyone,Photography,10000000.0,0.0,4.6,108002.0,Free
8056,Pixgram- video photo slideshow,PHOTOGRAPHY,Everyone,Photography,5000000.0,0.0,4.2,93726.0,Free
8057,Pixlr – Free Photo Editor,PHOTOGRAPHY,Everyone,Photography,50000000.0,0.0,4.4,1163232.0,Free
8058,Pixlr-o-matic,PHOTOGRAPHY,Everyone,Photography,10000000.0,0.0,4.5,180697.0,Free
8059,Pocket AC,PHOTOGRAPHY,Everyone,Photography,1000.0,9.99,4.8,130.0,Paid
8060,"Pretty Makeup, Beauty Photo Editor & Snappy Camera",PHOTOGRAPHY,Everyone,Photography,5000000.0,0.0,4.5,26361.0,Free
8061,Profile w/o crop for Telegram,PHOTOGRAPHY,Everyone,Photography,10000.0,0.0,4.2,348.0,Free
8062,QuickPic - Photo Gallery with Google Drive Support,PHOTOGRAPHY,Everyone,Photography,10000000.0,0.0,4.6,847159.0,Free
8063,QuickPic - Photo Gallery with Google Drive Support,PHOTOGRAPHY,Everyone,Photography,10000000.0,0.0,4.6,847159.0,Free
8064,QuickPic - Photo Gallery with Google Drive Support,PHOTOGRAPHY,Everyone,Photography,10000000.0,0.0,4.6,847144.0,Free
8065,Retrica,PHOTOGRAPHY,Everyone,Photography,100000000.0,0.0,4.3,6120977.0,Free
8066,Retro Camera,PHOTOGRAPHY,Everyone,Photography,10000000.0,0.0,4.0,125616.0,Free
8067,RetroSelfie - Selfie Editor,PHOTOGRAPHY,Everyone,Photography,10000000.0,0.0,4.1,106080.0,Free
8068,"S Photo Editor - Collage Maker , Photo Collage",PHOTOGRAPHY,Everyone,Photography,100000000.0,0.0,4.4,972574.0,Free
8069,Samsung SMART CAMERA App,PHOTOGRAPHY,Everyone,Photography,1000000.0,0.0,4.0,34753.0,Free
8070,Scoompa Video - Slideshow Maker and Video Editor,PHOTOGRAPHY,Everyone,Photography,10000000.0,0.0,4.5,559931.0,Free
8071,Selfie Camera - Photo Editor & Filter & Sticker,PHOTOGRAPHY,Everyone,Photography,50000000.0,0.0,4.2,401820.0,Free
8072,"Selfie Camera: Beauty Camera, Photo Editor,Collage",PHOTOGRAPHY,Everyone,Photography,1000000.0,0.0,4.7,31985.0,Free
8073,Selfie Photo Editor,PHOTOGRAPHY,Everyone,Photography,1000000.0,0.0,4.6,11677.0,Free
8074,Selfie With Champion AJ Style,PHOTOGRAPHY,Everyone,Photography,500.0,0.0,5.0,2.0,Free
8075,"Shutterfly: Free Prints, Photo Books, Cards, Gifts",PHOTOGRAPHY,Everyone,Photography,5000000.0,0.0,4.6,98716.0,Free
8076,"Shutterfly: Free Prints, Photo Books, Cards, Gifts",PHOTOGRAPHY,Everyone,Photography,5000000.0,0.0,4.6,98716.0,Free
8077,"Shutterfly: Free Prints, Photo Books, Cards, Gifts",PHOTOGRAPHY,Everyone,Photography,5000000.0,0.0,4.6,98716.0,Free
8078,"Shutterfly: Free Prints, Photo Books, Cards, Gifts",PHOTOGRAPHY,Everyone,Photography,5000000.0,0.0,4.6,98717.0,Free
8079,Silent Camera [High Quality],PHOTOGRAPHY,Everyone,Photography,5000000.0,0.0,4.4,47090.0,Free
8080,Six Pack Abs Photo Editor,PHOTOGRAPHY,Everyone,Photography,1000000.0,0.0,4.0,5967.0,Free
8081,Snap Cat Face Camera,PHOTOGRAPHY,Everyone,Photography,1000000.0,0.0,4.0,5855.0,Free
8082,Snapfish,PHOTOGRAPHY,Everyone,Photography,1000000.0,0.0,4.1,32398.0,Free
8083,Snapseed,PHOTOGRAPHY,Everyone,Photography,50000000.0,0.0,4.5,823109.0,Free
8084,SNOW - AR Camera,PHOTOGRAPHY,Everyone,Photography,50000000.0,0.0,4.3,1017237.0,Free
8085,SportLook,PHOTOGRAPHY,Everyone,Photography,100000.0,0.0,2.5,1283.0,Free
8086,Square DP For Whatsapp,PHOTOGRAPHY,Everyone,Photography,10000.0,0.0,4.2,67.0,Free
8087,Square InPic - Photo Editor & Collage Maker,PHOTOGRAPHY,Everyone,Photography,50000000.0,0.0,4.4,635846.0,Free
8088,Story Saver for Instagram,PHOTOGRAPHY,Everyone,Photography,5000000.0,0.0,4.5,41331.0,Free
8089,SuperPhoto - Effects & Filters,PHOTOGRAPHY,Everyone,Photography,5000000.0,0.0,4.1,43296.0,Free
8090,Sweet Camera,PHOTOGRAPHY,Everyone,Photography,5000000.0,0.0,4.4,71898.0,Free
8091,"Sweet Camera - Selfie Filters, Beauty Camera",PHOTOGRAPHY,Everyone,Photography,10000000.0,0.0,4.7,233039.0,Free
8092,"Sweet Selfie - selfie camera, beauty cam, photo edit",PHOTOGRAPHY,Everyone,Photography,100000000.0,0.0,4.6,1159058.0,Free
8093,"Sweet Snap - live filter, Selfie photo edit",PHOTOGRAPHY,Everyone,Photography,10000000.0,0.0,4.5,123029.0,Free
8094,"Sweet Snap Lite - live filter, Selfie photo editor",PHOTOGRAPHY,Everyone,Photography,500000.0,0.0,4.5,3116.0,Free
8095,Thumbnail Maker,PHOTOGRAPHY,Everyone,Photography,1000000.0,0.0,4.4,26252.0,Free
8096,Touch DV,PHOTOGRAPHY,Everyone,Photography,50.0,0.0,,1.0,Free
8097,TouchNote: Cards & Gifts,PHOTOGRAPHY,Everyone,Photography,1000000.0,0.0,4.1,19232.0,Free
8098,U Camera : Phone 6s OS 9 style,PHOTOGRAPHY,Everyone,Photography,500000.0,0.0,4.2,2158.0,Free
8099,Ultimate Background Eraser,PHOTOGRAPHY,Everyone,Photography,1000000.0,0.0,4.3,14453.0,Free
8100,Unicorn Photo,PHOTOGRAPHY,Everyone,Photography,1000000.0,0.0,3.7,3362.0,Free
8101,V.360° Camera,PHOTOGRAPHY,Everyone,Photography,100000.0,0.0,3.3,582.0,Free
8102,"Video Editor Music,Cut,No Crop",PHOTOGRAPHY,Everyone,Photography,50000000.0,0.0,4.7,2163282.0,Free
8103,Video Maker with Photo and Music,PHOTOGRAPHY,Everyone,Photography,1000000.0,0.0,4.3,4871.0,Free
8104,Visage Lab – face retouch,PHOTOGRAPHY,Everyone,Photography,5000000.0,0.0,3.5,49523.0,Free
8105,VSCO,PHOTOGRAPHY,Everyone,Photography,50000000.0,0.0,4.4,753115.0,Free
8106,Wallpaper.cz,PHOTOGRAPHY,Everyone,Photography,100.0,0.0,4.9,7.0,Free
8107,Waterfall Photo Frames,PHOTOGRAPHY,Everyone,Photography,1000000.0,0.0,4.5,10349.0,Free
8108,Wifi Action Camera,PHOTOGRAPHY,Everyone,Photography,50000.0,0.0,2.9,118.0,Free
8109,Wondershare PowerCam,PHOTOGRAPHY,Everyone,Photography,10000000.0,0.0,4.2,329160.0,Free
8110,XDV,PHOTOGRAPHY,Everyone,Photography,1000000.0,0.0,3.1,6827.0,Free
8111,YouCam Makeup - Magic Selfie Makeovers,PHOTOGRAPHY,Everyone,Photography,100000000.0,0.0,4.6,3337956.0,Free
8112,YouCam Makeup - Magic Selfie Makeovers,PHOTOGRAPHY,Everyone,Photography,100000000.0,0.0,4.6,3337952.0,Free
8113,YouCam Perfect - Selfie Photo Editor,PHOTOGRAPHY,Everyone,Photography,100000000.0,0.0,4.5,1579287.0,Free
8114,YouCam Perfect - Selfie Photo Editor,PHOTOGRAPHY,Everyone,Photography,100000000.0,0.0,4.5,1579287.0,Free
8115,YouCam Perfect - Selfie Photo Editor,PHOTOGRAPHY,Everyone,Photography,100000000.0,0.0,4.5,1579343.0,Free
8116,Z Camera,PHOTOGRAPHY,Everyone,Photography,10000.0,0.0,3.8,142.0,Free
8117,"Z Camera - Photo Editor, Beauty Selfie, Collage",PHOTOGRAPHY,Mature 17+,Photography,100000000.0,0.0,4.4,1075277.0,Free
8118,"Z Camera - Photo Editor, Beauty Selfie, Collage",PHOTOGRAPHY,Mature 17+,Photography,100000000.0,0.0,4.4,1075016.0,Free
8119,"2Do - Reminders, To-do List & Notes",PRODUCTIVITY,Everyone,Productivity,100000.0,0.0,4.3,4649.0,Free
8120,7 Weeks - Habit & Goal Tracker,PRODUCTIVITY,Everyone,Productivity,500000.0,0.0,4.4,6011.0,Free
8121,Ability DS UNO,PRODUCTIVITY,Everyone,Productivity,50.0,2.6,,3.0,Paid
8122,aCalendar - Android Phone,PRODUCTIVITY,Everyone,Productivity,10000000.0,0.0,4.4,80119.0,Free
8123,aCalendar+ Calendar & Tasks,PRODUCTIVITY,Everyone,Productivity,100000.0,5.99,4.6,26919.0,Paid
8124,ACCDB MDB DB Manager Pro - Editor for MS Access,PRODUCTIVITY,Everyone,Productivity,500.0,8.99,3.1,19.0,Paid
8125,ACCEPT CE MARKING,PRODUCTIVITY,Everyone,Productivity,10.0,0.0,,0.0,Free
8126,Ad Detect Plugin - Handy Tool,PRODUCTIVITY,Everyone,Productivity,500000.0,0.0,3.8,5107.0,Free
8127,Ad Removal: thereisonlywe,PRODUCTIVITY,Everyone,Productivity,100.0,6.49,3.4,16.0,Paid
8128,Ad Remove Plugin for App2SD,PRODUCTIVITY,Everyone,Productivity,1000.0,1.29,4.1,66.0,Paid
8129,Adblock Fast,PRODUCTIVITY,Everyone,Productivity,1000000.0,0.0,4.1,9914.0,Free
8130,Add-On: Alcatel (h),PRODUCTIVITY,Everyone,Productivity,50000.0,0.0,4.5,107.0,Free
8131,Add-On: bq (a),PRODUCTIVITY,Everyone,Productivity,5000.0,0.0,3.6,26.0,Free
8132,Add-On: bq (b),PRODUCTIVITY,Everyone,Productivity,1000.0,0.0,,9.0,Free
8133,Add-On: bq (c),PRODUCTIVITY,Everyone,Productivity,1000.0,0.0,,17.0,Free
8134,Adobe Acrobat Reader,PRODUCTIVITY,Everyone,Productivity,100000000.0,0.0,4.3,3016297.0,Free
8135,Adobe Acrobat Reader,PRODUCTIVITY,Everyone,Productivity,100000000.0,0.0,4.3,3016305.0,Free
8136,Adobe Acrobat Reader,PRODUCTIVITY,Everyone,Productivity,100000000.0,0.0,4.3,3014548.0,Free
8137,Adobe Fill & Sign: Easy PDF Form Filler,PRODUCTIVITY,Everyone,Productivity,1000000.0,0.0,4.3,11402.0,Free
8138,Advanced Task Killer,PRODUCTIVITY,Everyone,Productivity,50000000.0,0.0,4.4,577059.0,Free
8139,Ag Guardian,PRODUCTIVITY,Everyone,Productivity,100.0,0.0,,1.0,Free
8140,Ag PhD Soils,PRODUCTIVITY,Everyone,Productivity,1000.0,0.0,2.3,3.0,Free
8141,Ag Trucking Mobile App,PRODUCTIVITY,Everyone,Productivity,100.0,0.0,,0.0,Free
8142,AI Sight,PRODUCTIVITY,Everyone,Productivity,1000.0,0.0,3.5,43.0,Free
8143,ai.Bot Box,PRODUCTIVITY,Everyone,Productivity,10000.0,0.0,,0.0,Free
8144,Air Conditioner Maintenance,PRODUCTIVITY,Everyone,Productivity,5000.0,0.0,4.0,11.0,Free
8145,AL Voice Recorder,PRODUCTIVITY,Everyone,Productivity,1000000.0,0.0,3.6,4832.0,Free
8146,Alarm Clock: Stopwatch & Timer,PRODUCTIVITY,Everyone,Productivity,50000000.0,0.0,4.5,870928.0,Free
8147,ALL-IN-ONE PACKAGE TRACKING,PRODUCTIVITY,Everyone,Productivity,1000000.0,0.0,4.7,167406.0,Free
8148,"All-In-One Toolbox: Cleaner, Booster, App Manager",PRODUCTIVITY,Everyone,Productivity,10000000.0,0.0,4.7,536926.0,Free
8149,Alt-C,PRODUCTIVITY,Everyone,Productivity,10000.0,0.0,4.0,499.0,Free
8150,Amazon Drive,PRODUCTIVITY,Everyone,Productivity,1000000.0,0.0,4.4,18669.0,Free
8151,AndroZip™ FREE File Manager,PRODUCTIVITY,Everyone,Productivity,10000000.0,0.0,4.2,277794.0,Free
8152,"Any.do: To-do list, Calendar, Reminders & Planner",PRODUCTIVITY,Everyone,Productivity,10000000.0,0.0,4.5,298843.0,Free
8153,"Any.do: To-do list, Calendar, Reminders & Planner",PRODUCTIVITY,Everyone,Productivity,10000000.0,0.0,4.5,298854.0,Free
8154,"Any.do: To-do list, Calendar, Reminders & Planner",PRODUCTIVITY,Everyone,Productivity,10000000.0,0.0,4.5,298854.0,Free
8155,AP ENPS Mobile,PRODUCTIVITY,Everyone,Productivity,5000.0,0.0,4.1,22.0,Free
8156,APagri CD,PRODUCTIVITY,Everyone,Productivity,10.0,0.0,,5.0,Free
8157,APUS Booster - Space Cleaner & Booster,PRODUCTIVITY,Everyone,Productivity,10000000.0,0.0,4.6,1048766.0,Free
8158,AQ Guards,PRODUCTIVITY,Everyone,Productivity,10.0,0.0,,0.0,Free
8159,Archos File Manager,PRODUCTIVITY,Everyone,Productivity,5000000.0,0.0,4.0,2131.0,Free
8160,ASUS Calling Screen,PRODUCTIVITY,Everyone,Productivity,10000000.0,0.0,4.2,102451.0,Free
8161,ASUS Quick Memo,PRODUCTIVITY,Everyone,Productivity,10000000.0,0.0,4.5,23089.0,Free
8162,ASUS SuperNote,PRODUCTIVITY,Everyone,Productivity,10000000.0,0.0,4.5,26559.0,Free
8163,AT&T Mobile Transfer,PRODUCTIVITY,Everyone,Productivity,10000000.0,0.0,4.6,22775.0,Free
8164,AutoCAD - DWG Viewer & Editor,PRODUCTIVITY,Everyone,Productivity,10000000.0,0.0,4.2,145088.0,Free
8165,Avast Wi-Fi Finder,PRODUCTIVITY,Everyone,Productivity,1000000.0,0.0,4.3,37277.0,Free
8166,"AVG Cleaner – Speed, Battery & Memory Booster",PRODUCTIVITY,Everyone,Productivity,10000000.0,0.0,4.4,1188154.0,Free
8167,A-Z App Store,PRODUCTIVITY,Everyone,Productivity,500000.0,0.0,3.2,2728.0,Free
8168,BA Calculator,PRODUCTIVITY,Everyone,Productivity,5000.0,0.0,4.1,22.0,Free
8169,BAMMS for BM 1Park,PRODUCTIVITY,Everyone,Productivity,50.0,0.0,,7.0,Free
8170,BAMMS for BM SQ,PRODUCTIVITY,Everyone,Productivity,10.0,0.0,4.0,2.0,Free
8171,BD Attendance,PRODUCTIVITY,Everyone,Productivity,1000.0,0.0,4.8,93.0,Free
8172,BD Field Force,PRODUCTIVITY,Everyone,Productivity,1000.0,0.0,4.2,41.0,Free
8173,Best Applock - Locker & No Ads,PRODUCTIVITY,Everyone,Productivity,100000.0,0.0,4.7,10672.0,Free
8174,BG+Phone Backup,PRODUCTIVITY,Everyone,Productivity,1000.0,0.0,4.8,16.0,Free
8175,BI Barcode Scanner,PRODUCTIVITY,Everyone,Productivity,10.0,0.99,,0.0,Paid
8176,Bits Watch Face,PRODUCTIVITY,Everyone,Productivity,100000.0,0.0,4.0,6205.0,Free
8177,BJ Memo Widget,PRODUCTIVITY,Everyone,Productivity,50000.0,0.0,4.0,616.0,Free
8178,BM Interventi,PRODUCTIVITY,Everyone,Productivity,10.0,0.0,,2.0,Free
8179,BN DB1 App,PRODUCTIVITY,Everyone,Productivity,50.0,0.0,,2.0,Free
8180,BN Inscript Improved Input keyboard,PRODUCTIVITY,Everyone,Productivity,10.0,0.0,,0.0,Free
8181,BN Inscript Improved Keyboard,PRODUCTIVITY,Everyone,Productivity,10.0,0.0,,0.0,Free
8182,Bomb and Nade Timer for CS:GO,PRODUCTIVITY,Everyone,Productivity,5000.0,0.0,2.6,85.0,Free
8183,BS Calendar / Patro / पात्रो,PRODUCTIVITY,Everyone,Productivity,50000.0,0.0,4.2,218.0,Free
8184,Builder (by Engineer.ai),PRODUCTIVITY,Everyone,Productivity,100.0,0.0,3.6,8.0,Free
8185,Business Calendar 2,PRODUCTIVITY,Everyone,Productivity,5000000.0,0.0,4.6,102594.0,Free
8186,Business Calendar Pro,PRODUCTIVITY,Everyone,Productivity,100000.0,4.99,4.6,27135.0,Paid
8187,BV Mobile Apps,PRODUCTIVITY,Everyone,Productivity,100.0,0.0,5.0,3.0,Free
8188,BW t&t,PRODUCTIVITY,Everyone,Productivity,10.0,0.0,,2.0,Free
8189,BW Ultra,PRODUCTIVITY,Everyone,Productivity,10.0,0.0,,0.0,Free
8190,BW-IVMS,PRODUCTIVITY,Everyone,Productivity,100.0,0.0,,0.0,Free
8191,BZ Dealer,PRODUCTIVITY,Everyone,Productivity,500.0,0.0,,5.0,Free
8192,CA World '17,PRODUCTIVITY,Teen,Productivity,1000.0,0.0,3.7,7.0,Free
8193,Cal - Google Calendar + Widget,PRODUCTIVITY,Everyone,Productivity,1000000.0,0.0,4.2,86172.0,Free
8194,Calculator - unit converter,PRODUCTIVITY,Everyone,Productivity,50000000.0,0.0,4.7,287250.0,Free
8195,Calculator L,PRODUCTIVITY,Everyone,Productivity,100000.0,0.0,4.5,2965.0,Free
8196,Calendar Widget Month + Agenda,PRODUCTIVITY,Everyone,Productivity,5000000.0,0.0,4.2,60840.0,Free
8197,Calendar+ Schedule Planner App,PRODUCTIVITY,Everyone,Productivity,1000000.0,0.0,4.0,8985.0,Free
8198,"Calendars (En, Bn, Ar)",PRODUCTIVITY,Everyone,Productivity,1000.0,0.0,4.6,27.0,Free
8199,California Cop Assist CA Cop,PRODUCTIVITY,Everyone,Productivity,100.0,4.99,3.0,5.0,Paid
8200,CamScanner - Phone PDF Creator,PRODUCTIVITY,Everyone,Productivity,100000000.0,0.0,4.6,1502622.0,Free
8201,CamScanner (License),PRODUCTIVITY,Everyone,Productivity,500000.0,1.99,4.4,26358.0,Paid
8202,Cargo de Praça PM DF,PRODUCTIVITY,Everyone,Productivity,10.0,2.99,,0.0,Paid
8203,CD Library,PRODUCTIVITY,Everyone,Productivity,10000.0,0.0,3.9,44.0,Free
8204,CE SODEXO PASS FRANCE,PRODUCTIVITY,Everyone,Productivity,50.0,0.0,,0.0,Free
8205,CG - Calendars Add-On,PRODUCTIVITY,Everyone 10+,Productivity,5000.0,0.0,3.6,49.0,Free
8206,CG - Conference Call Add-On,PRODUCTIVITY,Everyone,Productivity,1000.0,0.0,,6.0,Free
8207,"Charlotte County, FL",PRODUCTIVITY,Everyone,Productivity,1000.0,0.0,4.7,10.0,Free
8208,Chelsea FC Official Keyboard,PRODUCTIVITY,Everyone,Productivity,1000000.0,0.0,4.5,91397.0,Free
8209,Chrome Beta,PRODUCTIVITY,Everyone,Productivity,10000000.0,0.0,4.4,228794.0,Free
8210,Chrome Beta,PRODUCTIVITY,Everyone,Productivity,10000000.0,0.0,4.4,228755.0,Free
8211,Chrome Canary (Unstable),PRODUCTIVITY,Everyone,Productivity,1000000.0,0.0,4.3,21866.0,Free
8212,CI Attendance,PRODUCTIVITY,Everyone,Productivity,5.0,0.99,,0.0,Paid
8213,CI CAFETERIAS UBER,PRODUCTIVITY,Everyone,Productivity,100.0,0.0,,0.0,Free
8214,CI Remote for Go,PRODUCTIVITY,Everyone,Productivity,100.0,0.0,4.6,20.0,Free
8215,CI Time,PRODUCTIVITY,Everyone,Productivity,100.0,0.0,,4.0,Free
8216,CircleCI Viewer,PRODUCTIVITY,Everyone,Productivity,1000.0,0.0,4.6,16.0,Free
8217,CJ Wilson's ZoomZoomnation,PRODUCTIVITY,Everyone,Productivity,500.0,0.0,4.0,4.0,Free
8218,CJ'S TIRE AND AUTO INC.,PRODUCTIVITY,Everyone,Productivity,100.0,0.0,5.0,5.0,Free
8219,Clean My Android,PRODUCTIVITY,Everyone,Productivity,5000000.0,0.0,4.7,101163.0,Free
8220,"Clean My House – Chore To Do List, Task Scheduler",PRODUCTIVITY,Everyone,Productivity,100000.0,0.0,4.1,661.0,Free
8221,Cloud Print,PRODUCTIVITY,Everyone,Productivity,500000000.0,0.0,4.1,282460.0,Free
8222,CM FILE MANAGER HD,PRODUCTIVITY,Everyone,Productivity,10000000.0,0.0,4.3,144879.0,Free
8223,CM FILE MANAGER HD,PRODUCTIVITY,Everyone,Productivity,10000000.0,0.0,4.3,144873.0,Free
8224,"cm, mm to inch, feet converter tool",PRODUCTIVITY,Everyone,Productivity,100000.0,0.0,4.3,176.0,Free
8225,ColorNote Notepad Notes,PRODUCTIVITY,Everyone,Productivity,100000000.0,0.0,4.6,2401017.0,Free
8226,ColorNote Notepad Notes,PRODUCTIVITY,Everyone,Productivity,100000000.0,0.0,4.6,2401017.0,Free
8227,Commission Manager,PRODUCTIVITY,Everyone,Productivity,1000.0,0.0,3.2,12.0,Free
8228,CONNECT: The Mobile CX Summit,PRODUCTIVITY,Teen,Productivity,50.0,0.0,,0.0,Free
8229,Content Transfer,PRODUCTIVITY,Everyone,Productivity,5000000.0,0.0,4.7,19302.0,Free
8230,Cozi Family Organizer,PRODUCTIVITY,Everyone,Productivity,1000000.0,0.0,4.4,56713.0,Free
8231,CP Connect 2.0,PRODUCTIVITY,Everyone,Productivity,500.0,0.0,,0.0,Free
8232,CQ Electrical Group,PRODUCTIVITY,Everyone,Productivity,1.0,0.0,,0.0,Free
8233,CQ Ukraine,PRODUCTIVITY,Everyone,Productivity,10.0,0.0,,0.0,Free
8234,cronometra-br,PRODUCTIVITY,Everyone,Productivity,0.0,154.99,,0.0,Paid
8235,CT CONNECT,PRODUCTIVITY,Everyone,Productivity,50.0,0.0,,2.0,Free
8236,CTRL-F - Search the real world,PRODUCTIVITY,Everyone,Productivity,50000.0,0.0,4.4,607.0,Free
8237,Curriculum Vitae - Resume CV,PRODUCTIVITY,Everyone,Productivity,10000.0,0.0,2.6,80.0,Free
8238,CX Summit,PRODUCTIVITY,Teen,Productivity,50.0,0.0,,1.0,Free
8239,Cx Wize,PRODUCTIVITY,Everyone,Productivity,100.0,0.0,,3.0,Free
8240,CY Security Antivirus Cleaner,PRODUCTIVITY,Everyone,Productivity,1000000.0,0.0,4.5,75140.0,Free
8241,Dashlane Free Password Manager,PRODUCTIVITY,Everyone,Productivity,1000000.0,0.0,4.6,73695.0,Free
8242,DB Manager,PRODUCTIVITY,Everyone,Productivity,1000.0,0.0,,3.0,Free
8243,DF-Server Mobile,PRODUCTIVITY,Everyone,Productivity,100.0,0.0,4.9,17.0,Free
8244,DG Phone Call Task Switcher,PRODUCTIVITY,Everyone,Productivity,1000.0,0.0,4.2,43.0,Free
8245,DG Report Reminder,PRODUCTIVITY,Everyone,Productivity,10000.0,0.0,4.3,195.0,Free
8246,DG Users,PRODUCTIVITY,Everyone,Productivity,100.0,0.0,4.5,8.0,Free
8247,DigiCal Calendar Agenda,PRODUCTIVITY,Everyone,Productivity,5000000.0,0.0,4.4,133573.0,Free
8248,Diseño de columnas NTC - RSEE 2017,PRODUCTIVITY,Everyone,Productivity,100.0,0.99,,6.0,Paid
8249,DL Image Manager,PRODUCTIVITY,Everyone,Productivity,10.0,0.99,5.0,2.0,Paid
8250,DN Events,PRODUCTIVITY,Teen,Productivity,500.0,0.0,,4.0,Free
8251,Do it (Tomorrow),PRODUCTIVITY,Everyone,Productivity,1000000.0,0.0,4.3,26452.0,Free
8252,Do It Later: Tasks & To-Dos,PRODUCTIVITY,Everyone,Productivity,50000000.0,0.0,4.5,123412.0,Free
8253,Do It Later: Tasks & To-Dos,PRODUCTIVITY,Everyone,Productivity,50000000.0,0.0,4.5,123412.0,Free
8254,Do Not Disturb,PRODUCTIVITY,Everyone,Productivity,100000.0,0.0,4.3,6120.0,Free
8255,Download Manager Pro FREE,PRODUCTIVITY,Everyone,Productivity,100000.0,0.0,3.8,637.0,Free
8256,Dr.Android Repair Master 2017,PRODUCTIVITY,Everyone,Productivity,100000.0,0.0,3.8,1205.0,Free
8257,Dropbox,PRODUCTIVITY,Everyone,Productivity,500000000.0,0.0,4.4,1861310.0,Free
8258,Dropbox,PRODUCTIVITY,Everyone,Productivity,500000000.0,0.0,4.4,1861309.0,Free
8259,Dropbox,PRODUCTIVITY,Everyone,Productivity,500000000.0,0.0,4.4,1860844.0,Free
8260,DS cam,PRODUCTIVITY,Everyone,Productivity,500000.0,0.0,3.6,3227.0,Free
8261,DS file,PRODUCTIVITY,Everyone,Productivity,1000000.0,0.0,4.1,10676.0,Free
8262,DS note,PRODUCTIVITY,Everyone,Productivity,100000.0,0.0,3.9,2046.0,Free
8263,DS-20000S,PRODUCTIVITY,Everyone,Productivity,1000.0,0.0,1.8,12.0,Free
8264,DT Freight,PRODUCTIVITY,Everyone,Productivity,1.0,0.0,,0.0,Free
8265,DT Manager,PRODUCTIVITY,Everyone,Productivity,500.0,0.0,4.0,9.0,Free
8266,DV Web Design Tips,PRODUCTIVITY,Teen,Productivity,10.0,0.0,,1.0,Free
8267,Dz Dinars Numbers to letters,PRODUCTIVITY,Everyone,Productivity,100000.0,0.0,4.7,2807.0,Free
8268,DZ Register,PRODUCTIVITY,Everyone,Productivity,1.0,0.0,,0.0,Free
8269,Easy Voice Recorder,PRODUCTIVITY,Everyone,Productivity,10000000.0,0.0,4.4,205191.0,Free
8270,EB Scanner,PRODUCTIVITY,Everyone,Productivity,50.0,0.0,5.0,9.0,Free
8271,e-Boks.dk,PRODUCTIVITY,Everyone,Productivity,1000000.0,0.0,3.2,6752.0,Free
8272,EBookDroid - PDF & DJVU Reader,PRODUCTIVITY,Everyone,Productivity,5000000.0,0.0,4.5,75951.0,Free
8273,EC QR,PRODUCTIVITY,Everyone,Productivity,10.0,0.0,,0.0,Free
8274,EC Sampler,PRODUCTIVITY,Everyone,Productivity,1.0,0.0,,0.0,Free
8275,EC Taximeter,PRODUCTIVITY,Everyone,Productivity,10000.0,0.0,3.9,162.0,Free
8276,ec-Work,PRODUCTIVITY,Everyone,Productivity,100.0,0.0,,3.0,Free
8277,EF Calculator,PRODUCTIVITY,Everyone,Productivity,1000.0,0.0,4.7,19.0,Free
8278,EF Staff,PRODUCTIVITY,Everyone,Productivity,100.0,0.0,,0.0,Free
8279,EG,PRODUCTIVITY,Everyone,Productivity,100.0,0.0,,3.0,Free
8280,eG Monitor,PRODUCTIVITY,Everyone,Productivity,100.0,0.0,4.6,8.0,Free
8281,EI!,PRODUCTIVITY,Everyone,Productivity,10.0,0.0,,0.0,Free
8282,Ek Vote,PRODUCTIVITY,Everyone,Productivity,500.0,0.0,5.0,43.0,Free
8283,Electricity Bill Calculator BD,PRODUCTIVITY,Everyone,Productivity,10000.0,0.0,4.3,247.0,Free
8284,Emoji Android L Keyboard,PRODUCTIVITY,Everyone,Productivity,1000000.0,0.0,4.0,11535.0,Free
8285,EP Cloud,PRODUCTIVITY,Everyone,Productivity,10.0,0.0,,9.0,Free
8286,EP Home Energy Hub,PRODUCTIVITY,Everyone,Productivity,100.0,0.0,,4.0,Free
8287,Epson iProjection,PRODUCTIVITY,Everyone,Productivity,1000000.0,0.0,3.5,3930.0,Free
8288,ER Assist,PRODUCTIVITY,Everyone,Productivity,10.0,0.0,5.0,3.0,Free
8289,ES Billing System (Offline App),PRODUCTIVITY,Everyone,Productivity,100.0,0.0,5.0,1.0,Free
8290,ES Disk Analyzer - Storage Space,PRODUCTIVITY,Everyone,Productivity,100000.0,0.0,4.7,5867.0,Free
8291,ES File Explorer File Manager,PRODUCTIVITY,Everyone,Productivity,100000000.0,0.0,4.6,5383985.0,Free
8292,ES File Explorer File Manager,PRODUCTIVITY,Everyone,Productivity,100000000.0,0.0,4.6,5383971.0,Free
8293,ES File Explorer File Manager,PRODUCTIVITY,Everyone,Productivity,100000000.0,0.0,4.6,5378795.0,Free
8294,ES File Explorer/Manager PRO,PRODUCTIVITY,Everyone,Productivity,500000.0,2.99,4.7,81614.0,Paid
8295,ES Holo Theme for Pro,PRODUCTIVITY,Everyone,Productivity,500000.0,0.0,4.2,4737.0,Free
8296,ES Material Theme for Pro,PRODUCTIVITY,Everyone,Productivity,1000000.0,0.0,4.2,14428.0,Free
8297,ESLock File Recovery Lite,PRODUCTIVITY,Everyone,Productivity,50000.0,0.0,3.0,460.0,Free
8298,ESS Mobile for AE,PRODUCTIVITY,Everyone,Productivity,5000.0,0.0,1.9,63.0,Free
8299,EU Brazil Green Business Forum,PRODUCTIVITY,Everyone,Productivity,10.0,0.0,,0.0,Free
8300,EU Economy,PRODUCTIVITY,Everyone,Productivity,5000.0,0.0,3.6,47.0,Free
8301,Eurostat Country Profiles,PRODUCTIVITY,Everyone,Productivity,10000.0,0.0,3.7,87.0,Free
8302,"Evernote – Organizer, Planner for Notes & Memos",PRODUCTIVITY,Everyone,Productivity,100000000.0,0.0,4.6,1488396.0,Free
8303,"Evernote – Organizer, Planner for Notes & Memos",PRODUCTIVITY,Everyone,Productivity,100000000.0,0.0,4.6,1488396.0,Free
8304,"Evernote – Organizer, Planner for Notes & Memos",PRODUCTIVITY,Everyone,Productivity,100000000.0,0.0,4.6,1488397.0,Free
8305,"Evernote – Organizer, Planner for Notes & Memos",PRODUCTIVITY,Everyone,Productivity,100000000.0,0.0,4.6,1488289.0,Free
8306,EX File Explorer File Manage Pro,PRODUCTIVITY,Everyone,Productivity,50.0,1.99,,1.0,Paid
8307,EX File Explorer File Manager,PRODUCTIVITY,Everyone,Productivity,1000000.0,0.0,4.0,4660.0,Free
8308,Exército Brasileiro,PRODUCTIVITY,Everyone,Productivity,100000.0,0.0,4.7,1730.0,Free
8309,Extreme- Personal Voice Assistant,PRODUCTIVITY,Everyone,Productivity,1000000.0,0.0,4.4,25627.0,Free
8310,EY ATL Fuel Calculator,PRODUCTIVITY,Everyone,Productivity,500.0,0.0,4.4,15.0,Free
8311,EY Events Switzerland,PRODUCTIVITY,Teen,Productivity,500.0,0.0,,1.0,Free
8312,EY Team Connect,PRODUCTIVITY,Everyone,Productivity,50.0,0.0,,0.0,Free
8313,EZ Display,PRODUCTIVITY,Everyone,Productivity,50000.0,0.0,2.9,280.0,Free
8314,EZ File Manager(Root Explorer),PRODUCTIVITY,Everyone,Productivity,100000.0,0.0,3.5,626.0,Free
8315,EZ Inspections,PRODUCTIVITY,Everyone,Productivity,10000.0,0.0,2.8,160.0,Free
8316,EZ Notes Lite,PRODUCTIVITY,Everyone,Productivity,1000.0,0.0,4.4,69.0,Free
8317,EZ Switch Widget,PRODUCTIVITY,Everyone,Productivity,100000.0,0.0,4.2,2412.0,Free
8318,F05WatchFace for Android Wear,PRODUCTIVITY,Everyone,Productivity,1000.0,0.99,3.9,127.0,Paid
8319,Fake Call - Fake Caller ID,PRODUCTIVITY,Everyone,Productivity,10000000.0,0.0,4.3,154668.0,Free
8320,Fast Notes FJ,PRODUCTIVITY,Everyone,Productivity,500.0,0.0,4.2,12.0,Free
8321,Fayr - Co-Parenting Simplified,PRODUCTIVITY,Everyone,Productivity,1000.0,0.0,3.5,16.0,Free
8322,File Browser by Astro (File Manager),PRODUCTIVITY,Everyone,Productivity,50000000.0,0.0,4.3,609182.0,Free
8323,File Explorer,PRODUCTIVITY,Everyone,Productivity,100000.0,0.0,4.1,979.0,Free
8324,FK Events,PRODUCTIVITY,Teen,Productivity,5.0,0.0,,0.0,Free
8325,FL House,PRODUCTIVITY,Everyone,Productivity,1000.0,0.0,4.4,29.0,Free
8326,Florida Cooling Supply HVAC,PRODUCTIVITY,Everyone,Productivity,500.0,0.0,4.2,6.0,Free
8327,Fort Myers FL,PRODUCTIVITY,Everyone,Productivity,100.0,0.0,,0.0,Free
8328,FQ METER,PRODUCTIVITY,Everyone,Productivity,1000.0,0.0,3.9,17.0,Free
8329,Friday: Smart Personal Assistant,PRODUCTIVITY,Everyone,Productivity,100000.0,0.0,4.4,2087.0,Free
8330,Future Cloud,PRODUCTIVITY,Everyone,Productivity,100000.0,0.0,4.6,1075.0,Free
8331,G Cloud Backup,PRODUCTIVITY,Everyone,Productivity,5000000.0,0.0,4.6,267189.0,Free
8332,G Cloud Backup,PRODUCTIVITY,Everyone,Productivity,5000000.0,0.0,4.6,267042.0,Free
8333,"Ginger Keyboard - Emoji, GIFs, Themes & Games",PRODUCTIVITY,Everyone,Productivity,5000000.0,0.0,4.4,162831.0,Free
8334,"Goal Meter: Goal Tracker, Habit Changer,To-Do List",PRODUCTIVITY,Everyone,Productivity,100000.0,0.0,4.6,7969.0,Free
8335,Google AdSense,PRODUCTIVITY,Everyone,Productivity,1000000.0,0.0,4.3,52677.0,Free
8336,Google Assistant,PRODUCTIVITY,Everyone,Productivity,10000000.0,0.0,4.2,58675.0,Free
8337,Google Calendar,PRODUCTIVITY,Everyone,Productivity,500000000.0,0.0,4.2,858208.0,Free
8338,Google Calendar,PRODUCTIVITY,Everyone,Productivity,500000000.0,0.0,4.2,858227.0,Free
8339,Google Calendar,PRODUCTIVITY,Everyone,Productivity,500000000.0,0.0,4.2,858230.0,Free
8340,Google Docs,PRODUCTIVITY,Everyone,Productivity,100000000.0,0.0,4.3,815981.0,Free
8341,Google Docs,PRODUCTIVITY,Everyone,Productivity,100000000.0,0.0,4.3,815974.0,Free
8342,Google Docs,PRODUCTIVITY,Everyone,Productivity,100000000.0,0.0,4.3,815974.0,Free
8343,Google Drive,PRODUCTIVITY,Everyone,Productivity,1000000000.0,0.0,4.4,2731171.0,Free
8344,Google Drive,PRODUCTIVITY,Everyone,Productivity,1000000000.0,0.0,4.4,2731211.0,Free
8345,Google Drive,PRODUCTIVITY,Everyone,Productivity,1000000000.0,0.0,4.4,2731211.0,Free
8346,Google Drive,PRODUCTIVITY,Everyone,Productivity,1000000000.0,0.0,4.4,2728941.0,Free
8347,Google Keep,PRODUCTIVITY,Everyone,Productivity,100000000.0,0.0,4.4,691474.0,Free
8348,Google Keep,PRODUCTIVITY,Everyone,Productivity,100000000.0,0.0,4.4,691474.0,Free
8349,Google Keep,PRODUCTIVITY,Everyone,Productivity,100000000.0,0.0,4.4,691474.0,Free
8350,Google Keep,PRODUCTIVITY,Everyone,Productivity,100000000.0,0.0,4.4,691474.0,Free
8351,Google PDF Viewer,PRODUCTIVITY,Everyone,Productivity,10000000.0,0.0,4.2,226456.0,Free
8352,Google PDF Viewer,PRODUCTIVITY,Everyone,Productivity,10000000.0,0.0,4.2,226456.0,Free
8353,Google PDF Viewer,PRODUCTIVITY,Everyone,Productivity,10000000.0,0.0,4.2,226453.0,Free
8354,Google Sheets,PRODUCTIVITY,Everyone,Productivity,100000000.0,0.0,4.3,496399.0,Free
8355,Google Sheets,PRODUCTIVITY,Everyone,Productivity,100000000.0,0.0,4.3,496397.0,Free
8356,Google Slides,PRODUCTIVITY,Everyone,Productivity,100000000.0,0.0,4.2,244567.0,Free
8357,Hacker's Keyboard,PRODUCTIVITY,Everyone,Productivity,1000000.0,0.0,4.4,41418.0,Free
8358,HTC Calendar,PRODUCTIVITY,Everyone,Productivity,10000000.0,0.0,3.9,6949.0,Free
8359,HTC File Manager,PRODUCTIVITY,Everyone,Productivity,10000000.0,0.0,4.2,13500.0,Free
8360,HTC Mail,PRODUCTIVITY,Everyone,Productivity,10000000.0,0.0,3.1,6572.0,Free
8361,IDM for Facebook ★ Downloader,PRODUCTIVITY,Everyone,Productivity,100000.0,0.0,4.3,1905.0,Free
8362,IDM Internet Download Manager,PRODUCTIVITY,Everyone,Productivity,100000.0,0.0,3.9,1322.0,Free
8363,IFTTT,PRODUCTIVITY,Everyone,Productivity,1000000.0,0.0,4.3,117255.0,Free
8364,"Ike - To-Do List, Task List",PRODUCTIVITY,Everyone,Productivity,100000.0,0.0,4.6,6320.0,Free
8365,Inch/cm/Foot Conversion,PRODUCTIVITY,Everyone,Productivity,100000.0,0.0,4.0,319.0,Free
8366,Inputting Plus: Ctrl + Z/F/C/V,PRODUCTIVITY,Everyone,Productivity,50000.0,0.0,4.2,1117.0,Free
8367,Inventory & Barcode scanner & WIFI scanner,PRODUCTIVITY,Everyone,Productivity,50000.0,1.49,4.6,1880.0,Paid
8368,IP address BW,PRODUCTIVITY,Everyone,Productivity,500.0,0.0,,7.0,Free
8369,IQ Test,PRODUCTIVITY,Everyone,Productivity,100000.0,0.0,4.2,1623.0,Free
8370,iReadMe,PRODUCTIVITY,Everyone,Productivity,100.0,0.0,5.0,8.0,Free
8371,iTranslate Translator & Dictionary,PRODUCTIVITY,Everyone,Productivity,10000000.0,0.0,4.3,201718.0,Free
8372,J. Polep Plus Mobile,PRODUCTIVITY,Everyone,Productivity,100.0,0.0,,0.0,Free
8373,Jorte Calendar & Organizer,PRODUCTIVITY,Everyone,Productivity,10000000.0,0.0,4.3,198051.0,Free
8374,"JotterPad - Writer, Screenplay, Novel",PRODUCTIVITY,Everyone,Productivity,1000000.0,0.0,4.6,57904.0,Free
8375,K-App Mitarbeiter Galeria Kaufhof,PRODUCTIVITY,Everyone,Productivity,100.0,0.0,,0.0,Free
8376,Keep My Notes - Notepad & Memo,PRODUCTIVITY,Everyone,Productivity,5000000.0,0.0,4.6,122424.0,Free
8377,Keeper: Free Password Manager & Secure Vault,PRODUCTIVITY,Everyone,Productivity,10000000.0,0.0,4.2,74146.0,Free
8378,Krypton by krypt.co,PRODUCTIVITY,Everyone,Productivity,1000.0,0.0,4.6,38.0,Free
8379,Larry H Miller Automotive,PRODUCTIVITY,Everyone,Productivity,10000.0,0.0,3.1,67.0,Free
8380,lifebox,PRODUCTIVITY,Everyone,Productivity,5000000.0,0.0,4.2,56403.0,Free
8381,LOCX Applock Lock Apps & Photo,PRODUCTIVITY,Everyone,Productivity,10000000.0,0.0,4.5,208543.0,Free
8382,Loop - Habit Tracker,PRODUCTIVITY,Everyone,Productivity,1000000.0,0.0,4.7,17955.0,Free
8383,Lyra Virtual Assistant,PRODUCTIVITY,Everyone,Productivity,1000000.0,0.0,4.5,41624.0,Free
8384,m>notes notepad,PRODUCTIVITY,Everyone,Productivity,1000.0,2.99,4.3,184.0,Paid
8385,Můj T-Mobile Business,PRODUCTIVITY,Everyone,Productivity,1000000.0,0.0,3.7,10490.0,Free
8386,Mahalaxmi Dindarshika 2018,PRODUCTIVITY,Everyone,Productivity,1000000.0,0.0,4.2,25427.0,Free
8387,Mat|r viewer,PRODUCTIVITY,Everyone,Productivity,100.0,0.0,,5.0,Free
8388,MC.Fitting,PRODUCTIVITY,Everyone,Productivity,1000.0,8.49,,130.0,Paid
8389,MediaFire,PRODUCTIVITY,Everyone,Productivity,5000000.0,0.0,4.1,71432.0,Free
8390,MEGA,PRODUCTIVITY,Everyone,Productivity,50000000.0,0.0,4.0,549973.0,Free
8391,MEGA,PRODUCTIVITY,Everyone,Productivity,50000000.0,0.0,4.0,549214.0,Free
8392,"Memory Helper - To do list, Notepad, Notes, Memo",PRODUCTIVITY,Everyone,Productivity,500000.0,0.0,4.7,7566.0,Free
8393,Metro name iD,PRODUCTIVITY,Everyone,Productivity,10000000.0,0.0,4.0,27800.0,Free
8394,MiAI (Artificial Intelligence) Assistant,PRODUCTIVITY,Everyone,Productivity,100.0,0.0,3.7,3.0,Free
8395,Microsoft Excel,PRODUCTIVITY,Everyone,Productivity,100000000.0,0.0,4.5,1079491.0,Free
8396,Microsoft Excel,PRODUCTIVITY,Everyone,Productivity,100000000.0,0.0,4.5,1079616.0,Free
8397,Microsoft OneDrive,PRODUCTIVITY,Everyone,Productivity,100000000.0,0.0,4.4,1038306.0,Free
8398,Microsoft OneDrive,PRODUCTIVITY,Everyone,Productivity,100000000.0,0.0,4.4,1038303.0,Free
8399,Microsoft OneNote,PRODUCTIVITY,Everyone,Productivity,100000000.0,0.0,4.4,480643.0,Free
8400,Microsoft OneNote,PRODUCTIVITY,Everyone,Productivity,100000000.0,0.0,4.4,480640.0,Free
8401,Microsoft OneNote,PRODUCTIVITY,Everyone,Productivity,100000000.0,0.0,4.4,480638.0,Free
8402,Microsoft Outlook,PRODUCTIVITY,Everyone,Productivity,100000000.0,0.0,4.3,3252896.0,Free
8403,Microsoft Outlook,PRODUCTIVITY,Everyone,Productivity,100000000.0,0.0,4.3,3249518.0,Free
8404,Microsoft PowerPoint,PRODUCTIVITY,Everyone,Productivity,100000000.0,0.0,4.5,618798.0,Free
8405,Microsoft PowerPoint,PRODUCTIVITY,Everyone,Productivity,100000000.0,0.0,4.5,618796.0,Free
8406,"Microsoft To-Do: List, Task & Reminder",PRODUCTIVITY,Everyone,Productivity,1000000.0,0.0,4.1,14432.0,Free
8407,Microsoft Translator,PRODUCTIVITY,Everyone,Productivity,5000000.0,0.0,4.6,209696.0,Free
8408,Microsoft Word,PRODUCTIVITY,Everyone,Productivity,500000000.0,0.0,4.5,2084126.0,Free
8409,Microsoft Word,PRODUCTIVITY,Everyone,Productivity,500000000.0,0.0,4.5,2084125.0,Free
8410,Microsoft Word,PRODUCTIVITY,Everyone,Productivity,500000000.0,0.0,4.5,2078744.0,Free
8411,"Mind Map AR, Augmented Reality ARCore Mind Mapping",PRODUCTIVITY,Everyone,Productivity,5000.0,0.0,4.2,29.0,Free
8412,MinT BI,PRODUCTIVITY,Everyone,Productivity,10.0,0.0,,0.0,Free
8413,Mix Tank – Tank Mixing Ag App,PRODUCTIVITY,Everyone,Productivity,10000.0,0.0,3.6,64.0,Free
8414,Mobile Security & Antivirus,PRODUCTIVITY,Everyone,Productivity,10000000.0,0.0,4.7,564759.0,Free
8415,"Mobile Security: Antivirus, Web Scan & App Lock",PRODUCTIVITY,Everyone,Productivity,10000000.0,0.0,4.4,574719.0,Free
8416,"Mobizen Screen Recorder - Record, Capture, Edit",PRODUCTIVITY,Everyone,Productivity,50000000.0,0.0,4.3,1827212.0,Free
8417,Multiling O Keyboard + emoji,PRODUCTIVITY,Everyone,Productivity,1000000.0,0.0,4.3,30443.0,Free
8418,MultiMessage for FB Messenger,PRODUCTIVITY,Everyone,Productivity,50000.0,0.0,4.2,182.0,Free
8419,My Ag Report,PRODUCTIVITY,Everyone,Productivity,50.0,0.0,,1.0,Free
8420,"My Airtel-Online Recharge, Pay Bill, Wallet, UPI",PRODUCTIVITY,Everyone,Productivity,50000000.0,0.0,4.3,1498393.0,Free
8421,My C Spire,PRODUCTIVITY,Everyone,Productivity,50000.0,0.0,4.1,376.0,Free
8422,My CG,PRODUCTIVITY,Teen,Productivity,10.0,0.0,,0.0,Free
8423,My Claro Peru,PRODUCTIVITY,Everyone,Productivity,5000000.0,0.0,3.2,11200.0,Free
8424,My CU - Caucasus University,PRODUCTIVITY,Everyone,Productivity,1000.0,0.0,4.6,48.0,Free
8425,"My Effectiveness: To do, Tasks",PRODUCTIVITY,Everyone,Productivity,500000.0,0.0,4.6,14089.0,Free
8426,MY GULFPORT FL,PRODUCTIVITY,Everyone,Productivity,50.0,0.0,,0.0,Free
8427,myAT&T,PRODUCTIVITY,Everyone,Productivity,50000000.0,0.0,3.7,80847.0,Free
8428,myAT&T,PRODUCTIVITY,Everyone,Productivity,50000000.0,0.0,3.7,80816.0,Free
8429,myGrow,PRODUCTIVITY,Mature 17+,Productivity,1000.0,4.29,4.6,84.0,Paid
8430,MyLifeOrganized: To-Do List,PRODUCTIVITY,Everyone,Productivity,100000.0,0.0,4.3,4441.0,Free
8431,MyMTN,PRODUCTIVITY,Everyone,Productivity,1000000.0,0.0,4.0,8550.0,Free
8432,MyVodafone (India) - Online Recharge & Pay Bills,PRODUCTIVITY,Everyone,Productivity,10000000.0,0.0,4.1,1092367.0,Free
8433,N Files - File Manager & Explorer,PRODUCTIVITY,Everyone,Productivity,10000.0,0.0,4.3,369.0,Free
8434,New Calendar,PRODUCTIVITY,Everyone,Productivity,1000000.0,0.0,4.5,25985.0,Free
8435,New Holland Agriculture T5 EC,PRODUCTIVITY,Everyone,Productivity,1000.0,0.0,4.6,12.0,Free
8436,Note Everything,PRODUCTIVITY,Everyone,Productivity,5000000.0,0.0,4.4,57033.0,Free
8437,Notepad,PRODUCTIVITY,Everyone,Productivity,10000000.0,0.0,4.2,80581.0,Free
8438,Notepad & To do list,PRODUCTIVITY,Everyone,Productivity,10000000.0,0.0,4.3,226295.0,Free
8439,Notepad & To do list,PRODUCTIVITY,Everyone,Productivity,10000000.0,0.0,4.3,226295.0,Free
8440,NoteToDo. Notes. To do list,PRODUCTIVITY,Everyone,Productivity,1000000.0,0.0,4.5,57449.0,Free
8441,NQ Mobile Security & Antivirus,PRODUCTIVITY,Teen,Productivity,10000000.0,0.0,4.4,427185.0,Free
8442,Numbers Into Words,PRODUCTIVITY,Everyone,Productivity,50000.0,0.0,4.4,457.0,Free
8443,"Official QR Code® Reader ""Q""",PRODUCTIVITY,Everyone,Productivity,500000.0,0.0,4.4,3031.0,Free
8444,Organizer,PRODUCTIVITY,Everyone,Productivity,50000.0,2.99,4.4,936.0,Paid
8445,pCloud: Free Cloud Storage,PRODUCTIVITY,Everyone,Productivity,1000000.0,0.0,4.3,16149.0,Free
8446,PDF Viewer & Book Reader,PRODUCTIVITY,Everyone,Productivity,5000000.0,0.0,4.1,40437.0,Free
8447,Phone Clean Best Speed Booster,PRODUCTIVITY,Everyone,Productivity,1000000.0,0.0,4.5,81502.0,Free
8448,Planner Pro-Personal Organizer,PRODUCTIVITY,Everyone,Productivity,1000000.0,0.0,4.0,10270.0,Free
8449,Planner Pro-Personal Organizer,PRODUCTIVITY,Everyone,Productivity,1000000.0,0.0,4.0,10270.0,Free
8450,Planning Center Services,PRODUCTIVITY,Everyone,Productivity,500000.0,0.0,4.3,5157.0,Free
8451,PLMGSS FR,PRODUCTIVITY,Everyone,Productivity,10.0,0.0,,0.0,Free
8452,Pocket RxTx Free,PRODUCTIVITY,Everyone,Productivity,100000.0,0.0,4.1,4513.0,Free
8453,Pocket RxTx Pro,PRODUCTIVITY,Everyone,Productivity,5000.0,3.99,4.3,253.0,Paid
8454,"Polaris Office - Word, Docs, Sheets, Slide, PDF",PRODUCTIVITY,Everyone,Productivity,10000000.0,0.0,4.3,549900.0,Free
8455,"Polaris Office - Word, Docs, Sheets, Slide, PDF",PRODUCTIVITY,Everyone,Productivity,10000000.0,0.0,4.3,549900.0,Free
8456,Police Field Interview FI Card,PRODUCTIVITY,Everyone,Productivity,1000.0,7.99,4.5,112.0,Paid
8457,Power Booster - Junk Cleaner & CPU Cooler & Boost,PRODUCTIVITY,Everyone,Productivity,1000000.0,0.0,4.5,9653.0,Free
8458,Professional AV Solution & Products information,PRODUCTIVITY,Everyone,Productivity,1000.0,0.0,4.5,24.0,Free
8459,PROFESSOR SEE-BA LINGUAGENS E SUAS TECNOLOGIAS,PRODUCTIVITY,Everyone,Productivity,10.0,2.99,,0.0,Paid
8460,Puck AI Personal Assistant Robot,PRODUCTIVITY,Everyone,Productivity,1000.0,0.0,4.1,22.0,Free
8461,Pushbullet - SMS on PC,PRODUCTIVITY,Everyone,Productivity,1000000.0,0.0,4.5,176873.0,Free
8462,Q Actions - Digital Assistant,PRODUCTIVITY,Everyone,Productivity,500.0,0.0,,0.0,Free
8463,Q Link Wireless Zone,PRODUCTIVITY,Everyone,Productivity,500000.0,0.0,4.0,2194.0,Free
8464,QR Code Pro,PRODUCTIVITY,Everyone,Productivity,100000.0,4.49,4.8,5865.0,Paid
8465,QR Droid,PRODUCTIVITY,Everyone,Productivity,50000000.0,0.0,4.1,349151.0,Free
8466,QR Scanner & Barcode Scanner 2018,PRODUCTIVITY,Everyone,Productivity,10000000.0,0.0,3.8,8226.0,Free
8467,QR Scanner & Barcode Scanner 2018,PRODUCTIVITY,Everyone,Productivity,5000000.0,0.0,3.8,8211.0,Free
8468,Ramfer - CNC Lathe G-code Tool,PRODUCTIVITY,Everyone,Productivity,100.0,2.99,3.4,5.0,Paid
8469,Register.ca Mobile,PRODUCTIVITY,Everyone,Productivity,100.0,0.0,,0.0,Free
8470,Remote Control For All AC - Universal Remote,PRODUCTIVITY,Everyone,Productivity,10000.0,0.0,2.4,166.0,Free
8471,Resume & CV Creator by Desygner,PRODUCTIVITY,Everyone,Productivity,5000.0,0.0,4.5,48.0,Free
8472,Resume Builder and CV maker app,PRODUCTIVITY,Everyone,Productivity,100000.0,0.0,4.3,2303.0,Free
8473,Resume Free,PRODUCTIVITY,Everyone,Productivity,1000000.0,0.0,4.5,27820.0,Free
8474,R-net for Android,PRODUCTIVITY,Everyone,Productivity,5000.0,0.0,3.3,48.0,Free
8475,RoutePlan.cz,PRODUCTIVITY,Everyone,Productivity,100.0,0.0,,6.0,Free
8476,S Note,PRODUCTIVITY,Everyone,Productivity,10000000.0,0.0,4.1,12435.0,Free
8477,S’more - Earn Cash Rewards,PRODUCTIVITY,Everyone,Productivity,1000000.0,0.0,4.1,15097.0,Free
8478,Safe Notes - Secure Ad-free notepad,PRODUCTIVITY,Everyone,Productivity,50000.0,0.0,4.6,3362.0,Free
8479,Safe Wi-Fi,PRODUCTIVITY,Everyone,Productivity,1000.0,0.0,2.9,32.0,Free
8480,Sai Baba - Sabka Malik Ek,PRODUCTIVITY,Everyone,Productivity,1000.0,0.0,4.9,42.0,Free
8481,Samsung Notes,PRODUCTIVITY,Everyone,Productivity,100000000.0,0.0,3.9,15368.0,Free
8482,SCS eC,PRODUCTIVITY,Everyone,Productivity,100.0,0.0,4.4,7.0,Free
8483,Security & Privacy,PRODUCTIVITY,Everyone,Productivity,1000000.0,0.0,4.0,212.0,Free
8484,SH Script Runner,PRODUCTIVITY,Everyone,Productivity,50000.0,0.0,3.9,334.0,Free
8485,Shaggy's DM Assistant,PRODUCTIVITY,Everyone,Productivity,5.0,0.0,,0.0,Free
8486,Simple EV Calc,PRODUCTIVITY,Everyone,Productivity,1000.0,0.0,4.2,105.0,Free
8487,Simple Notepad,PRODUCTIVITY,Everyone,Productivity,1000000.0,0.0,4.3,12321.0,Free
8488,SKIN BK,PRODUCTIVITY,Everyone,Productivity,10.0,0.0,,0.0,Free
8489,Smart File Manager,PRODUCTIVITY,Everyone,Productivity,1000000.0,0.0,4.2,17415.0,Free
8490,Solar CT PV System Power,PRODUCTIVITY,Everyone,Productivity,10000.0,0.0,4.7,315.0,Free
8491,Solid Explorer Classic,PRODUCTIVITY,Everyone,Productivity,1000000.0,0.0,4.5,49794.0,Free
8492,Solid Explorer File Manager,PRODUCTIVITY,Everyone,Productivity,1000000.0,0.0,4.6,67523.0,Free
8493,Somos CG,PRODUCTIVITY,Everyone,Productivity,100.0,0.0,,2.0,Free
8494,Squid - Take Notes & Markup PDFs,PRODUCTIVITY,Everyone,Productivity,1000000.0,0.0,4.2,37204.0,Free
8495,Sticky Note + : Sync Notes,PRODUCTIVITY,Everyone,Productivity,1000000.0,0.0,4.2,21507.0,Free
8496,SugarSync,PRODUCTIVITY,Everyone,Productivity,1000000.0,0.0,4.1,16420.0,Free
8497,SwiftKey Keyboard,PRODUCTIVITY,Everyone,Productivity,100000000.0,0.0,4.5,2764964.0,Free
8498,Synology Drive,PRODUCTIVITY,Everyone,Productivity,100000.0,0.0,3.2,368.0,Free
8499,Técnico Legislativo Câmara Legislativa DF,PRODUCTIVITY,Everyone,Productivity,10.0,2.99,,1.0,Paid
8500,Tap N Pay,PRODUCTIVITY,Everyone,Productivity,10000.0,0.0,4.4,253.0,Free
8501,The Maner,PRODUCTIVITY,Everyone,Productivity,5000000.0,0.0,4.2,53015.0,Free
8502,Thistletown CI,PRODUCTIVITY,Everyone,Productivity,100.0,0.0,1.0,1.0,Free
8503,"TickTick: To Do List with Reminder, Day Planner",PRODUCTIVITY,Everyone,Productivity,1000000.0,0.0,4.6,25370.0,Free
8504,"TickTick: To Do List with Reminder, Day Planner",PRODUCTIVITY,Everyone,Productivity,1000000.0,0.0,4.6,25370.0,Free
8505,TIMBER AD FILTER - Very useful ad block app,PRODUCTIVITY,Everyone,Productivity,100000.0,0.0,3.8,1343.0,Free
8506,"Time Planner - Schedule, To-Do List, Time Tracker",PRODUCTIVITY,Everyone,Productivity,500000.0,0.0,4.2,2537.0,Free
8507,Time Recording - Timesheet App,PRODUCTIVITY,Everyone,Productivity,1000000.0,0.0,4.6,23393.0,Free
8508,Tips & Tricks Dynamics AX 365,PRODUCTIVITY,Everyone,Productivity,100.0,0.0,,1.0,Free
8509,Tips Microsoft Dynamics Ax,PRODUCTIVITY,Everyone,Productivity,500.0,0.0,,1.0,Free
8510,T-Mobile Content Transfer,PRODUCTIVITY,Everyone,Productivity,500000.0,0.0,4.1,370.0,Free
8511,To Do List,PRODUCTIVITY,Everyone,Productivity,5000000.0,0.0,4.7,253155.0,Free
8512,To Do Reminder with Alarm,PRODUCTIVITY,Everyone,Productivity,1000000.0,0.0,4.4,72161.0,Free
8513,Today Calendar 2017,PRODUCTIVITY,Everyone,Productivity,1000000.0,0.0,4.2,16349.0,Free
8514,To-Do Calendar Planner,PRODUCTIVITY,Everyone,Productivity,1000000.0,0.0,4.2,30291.0,Free
8515,To-Do Calendar Planner,PRODUCTIVITY,Everyone,Productivity,1000000.0,0.0,4.2,30291.0,Free
8516,To-do list,PRODUCTIVITY,Everyone,Productivity,50000.0,0.0,4.4,688.0,Free
8517,To-Do List Widget,PRODUCTIVITY,Everyone,Productivity,1000000.0,0.0,3.9,7801.0,Free
8518,Todoist: To-do lists for task management & errands,PRODUCTIVITY,Everyone,Productivity,10000000.0,0.0,4.5,155999.0,Free
8519,Todoist: To-do lists for task management & errands,PRODUCTIVITY,Everyone,Productivity,10000000.0,0.0,4.5,155999.0,Free
8520,Todoist: To-do lists for task management & errands,PRODUCTIVITY,Everyone,Productivity,10000000.0,0.0,4.5,155998.0,Free
8521,Total AV,PRODUCTIVITY,Everyone,Productivity,100000.0,0.0,3.4,617.0,Free
8522,"Town of Princeton, BC",PRODUCTIVITY,Everyone,Productivity,100.0,0.0,4.8,4.0,Free
8523,Trello,PRODUCTIVITY,Everyone,Productivity,5000000.0,0.0,4.5,72513.0,Free
8524,Trimble Ag Mobile,PRODUCTIVITY,Everyone,Productivity,10000.0,0.0,4.1,85.0,Free
8525,Trimble DL,PRODUCTIVITY,Everyone,Productivity,10000.0,0.0,4.2,133.0,Free
8526,Turbo AI™ - Personal assistant,PRODUCTIVITY,Everyone,Productivity,5000.0,0.0,2.6,91.0,Free
8527,U Assist - Screen Mirroring & Sharing App,PRODUCTIVITY,Everyone,Productivity,50000.0,0.0,4.0,198.0,Free
8528,U+Box,PRODUCTIVITY,Everyone,Productivity,10000000.0,0.0,3.8,24517.0,Free
8529,Ultimate Calculator for CR,PRODUCTIVITY,Everyone,Productivity,500000.0,0.0,3.7,7389.0,Free
8530,Ultimate Chest Tracker,PRODUCTIVITY,Everyone,Productivity,1000000.0,0.0,4.5,40328.0,Free
8531,Ultimate Notepad,PRODUCTIVITY,Everyone,Productivity,5000000.0,0.0,4.0,10643.0,Free
8532,Unclouded - Cloud Manager,PRODUCTIVITY,Everyone,Productivity,100000.0,0.0,4.1,6850.0,Free
8533,Verizon Cloud,PRODUCTIVITY,Everyone,Productivity,50000000.0,0.0,4.3,185632.0,Free
8534,WFVS 2018 | WhatApp Full Video Status & Downloader,PRODUCTIVITY,Everyone,Productivity,50000.0,0.0,4.3,596.0,Free
8535,Wi-Fi Networks,PRODUCTIVITY,Everyone,Productivity,10000.0,0.0,4.2,115.0,Free
8536,WiFi-o-Matic,PRODUCTIVITY,Everyone,Productivity,50000.0,0.0,4.0,736.0,Free
8537,"WPS Office - Word, Docs, PDF, Note, Slide & Sheet",PRODUCTIVITY,Everyone,Productivity,100000000.0,0.0,4.5,1508137.0,Free
8538,"WPS Office - Word, Docs, PDF, Note, Slide & Sheet",PRODUCTIVITY,Everyone,Productivity,100000000.0,0.0,4.5,1507205.0,Free
8539,Wunderlist: To-Do List & Tasks,PRODUCTIVITY,Everyone,Productivity,10000000.0,0.0,4.6,404617.0,Free
8540,Wunderlist: To-Do List & Tasks,PRODUCTIVITY,Everyone,Productivity,10000000.0,0.0,4.6,404610.0,Free
8541,Wunderlist: To-Do List & Tasks,PRODUCTIVITY,Everyone,Productivity,10000000.0,0.0,4.6,404610.0,Free
8542,Yandex.Disk,PRODUCTIVITY,Everyone,Productivity,5000000.0,0.0,4.4,115072.0,Free
8543,11st,SHOPPING,Everyone,Shopping,10000000.0,0.0,3.8,48732.0,Free
8544,4-T's Bar-BQ & Catering,SHOPPING,Everyone,Shopping,10.0,0.0,,0.0,Free
8545,Šmelina .cz inzeráty inzerce,SHOPPING,Everyone,Shopping,10000.0,0.0,3.9,117.0,Free
8546,AB Click2Shop,SHOPPING,Everyone,Shopping,100000.0,0.0,3.8,454.0,Free
8547,"AE + Aerie: Jeans, Dresses, Swimsuits & Bralettes",SHOPPING,Everyone,Shopping,1000000.0,0.0,4.2,20476.0,Free
8548,AE Checkout Plugin,SHOPPING,Everyone,Shopping,10000.0,0.0,3.8,208.0,Free
8549,パーリーゲイツ公式通販｜EJ STYLE（イージェイスタイル）,SHOPPING,Everyone,Shopping,100.0,0.0,,1.0,Free
8550,AJ Nails Supply,SHOPPING,Everyone,Shopping,100.0,0.0,,1.0,Free
8551,AJ Percent Off Calculator,SHOPPING,Everyone,Shopping,10000.0,0.0,4.4,134.0,Free
8552,AJ RETAILS,SHOPPING,Everyone,Shopping,10.0,0.0,5.0,9.0,Free
8553,"AliExpress - Smarter Shopping, Better Living",SHOPPING,Teen,Shopping,100000000.0,0.0,4.6,5916606.0,Free
8554,"AliExpress - Smarter Shopping, Better Living",SHOPPING,Teen,Shopping,100000000.0,0.0,4.6,5916569.0,Free
8555,"AliExpress - Smarter Shopping, Better Living",SHOPPING,Teen,Shopping,100000000.0,0.0,4.6,5917485.0,Free
8556,"AliExpress - Smarter Shopping, Better Living",SHOPPING,Teen,Shopping,100000000.0,0.0,4.6,5911055.0,Free
8557,All States Ag Parts,SHOPPING,Everyone,Shopping,10000.0,0.0,4.7,68.0,Free
8558,Alzashop.com,SHOPPING,Everyone,Shopping,500000.0,0.0,4.5,32014.0,Free
8559,Amazon for Tablets,SHOPPING,Teen,Shopping,10000000.0,0.0,4.0,141613.0,Free
8560,Amazon for Tablets,SHOPPING,Teen,Shopping,10000000.0,0.0,4.0,141584.0,Free
8561,Amazon Shopping,SHOPPING,Teen,Shopping,100000000.0,0.0,4.3,909226.0,Free
8562,Amazon Shopping,SHOPPING,Teen,Shopping,100000000.0,0.0,4.3,909204.0,Free
8563,Amazon Shopping,SHOPPING,Teen,Shopping,100000000.0,0.0,4.3,908525.0,Free
8564,Annonces.ci,SHOPPING,Everyone,Shopping,1000.0,0.0,,14.0,Free
8565,ASOS,SHOPPING,Everyone,Shopping,10000000.0,0.0,4.7,181798.0,Free
8566,ASOS,SHOPPING,Everyone,Shopping,10000000.0,0.0,4.7,181823.0,Free
8567,A-Y Collection,SHOPPING,Teen,Shopping,100.0,0.0,5.0,2.0,Free
8568,AzadBazar.af,SHOPPING,Everyone,Shopping,100.0,0.0,,3.0,Free
8569,B&H Photo Video Pro Audio,SHOPPING,Everyone,Shopping,1000000.0,0.0,4.6,17180.0,Free
8570,B&M Stores,SHOPPING,Everyone,Shopping,100000.0,0.0,3.7,192.0,Free
8571,Bar BQ Night Middlesbrough,SHOPPING,Teen,Shopping,100.0,0.0,,0.0,Free
8572,Bazar.af,SHOPPING,Everyone,Shopping,500.0,0.0,4.7,13.0,Free
8573,Best Buy,SHOPPING,Everyone,Shopping,5000000.0,0.0,4.4,186116.0,Free
8574,bigbasket - online grocery,SHOPPING,Everyone,Shopping,5000000.0,0.0,4.3,216741.0,Free
8575,BJ Toys,SHOPPING,Everyone,Shopping,500.0,0.0,4.7,55.0,Free
8576,BJ’s Mobile App,SHOPPING,Everyone,Shopping,500000.0,0.0,4.0,4722.0,Free
8577,BJ's Express Scan,SHOPPING,Everyone,Shopping,10000.0,0.0,2.3,69.0,Free
8578,BJ's Wholesale Club,SHOPPING,Everyone,Shopping,100000.0,0.0,4.2,4099.0,Free
8579,BL Flowers Digital,SHOPPING,Everyone,Shopping,100.0,0.0,5.0,21.0,Free
8580,Blibli.com Online Shopping,SHOPPING,Everyone,Shopping,10000000.0,0.0,4.2,171584.0,Free
8581,Blidz - Hunt Free Deals On Trending Items!,SHOPPING,Everyone,Shopping,50000.0,0.0,4.4,1659.0,Free
8582,BM CRM,SHOPPING,Everyone,Shopping,5.0,0.0,,0.0,Free
8583,Boxed Wholesale,SHOPPING,Everyone,Shopping,1000000.0,0.0,3.8,6380.0,Free
8584,BU Bookstore,SHOPPING,Everyone,Shopping,1000.0,0.0,,2.0,Free
8585,Bukalapak - Buy and Sell Online,SHOPPING,Everyone,Shopping,10000000.0,0.0,4.4,662287.0,Free
8586,Buscapé - Offers and discounts,SHOPPING,Everyone,Shopping,10000000.0,0.0,4.4,108592.0,Free
8587,BZ Delivery,SHOPPING,Everyone,Shopping,500.0,0.0,,1.0,Free
8588,C.B. Shop,SHOPPING,Everyone,Shopping,100.0,0.0,,19.0,Free
8589,Calvin Klein – US Store,SHOPPING,Teen,Shopping,50000.0,0.0,4.7,221.0,Free
8590,"Carousell: Snap-Sell, Chat-Buy",SHOPPING,Teen,Shopping,10000000.0,0.0,4.3,125783.0,Free
8591,"Carousell: Snap-Sell, Chat-Buy",SHOPPING,Teen,Shopping,10000000.0,0.0,4.3,125783.0,Free
8592,Checkout 51: Grocery coupons,SHOPPING,Everyone,Shopping,10000000.0,0.0,4.1,52896.0,Free
8593,Checkout 51: Grocery coupons,SHOPPING,Everyone,Shopping,10000000.0,0.0,4.1,52896.0,Free
8594,Checkout 51: Grocery coupons,SHOPPING,Everyone,Shopping,10000000.0,0.0,4.1,52896.0,Free
8595,CheckPoints 🏆 Rewards App,SHOPPING,Everyone,Shopping,1000000.0,0.0,4.1,23187.0,Free
8596,Chilindo,SHOPPING,Everyone,Shopping,1000000.0,0.0,3.8,18364.0,Free
8597,CIRCLE K,SHOPPING,Everyone,Shopping,500000.0,0.0,4.4,9140.0,Free
8598,CJ WOW SHOP,SHOPPING,Everyone,Shopping,100000.0,0.0,4.2,2099.0,Free
8599,CJmall,SHOPPING,Everyone,Shopping,10000000.0,0.0,3.6,18252.0,Free
8600,CJmall,SHOPPING,Everyone,Shopping,10000000.0,0.0,3.7,18253.0,Free
8601,CK Multimedia - Gaming Accessories,SHOPPING,Everyone,Shopping,500.0,0.0,4.7,10.0,Free
8602,ck-modelcars Shop,SHOPPING,Everyone,Shopping,5000.0,0.0,4.5,118.0,Free
8603,ck-modelcars-UK Shop,SHOPPING,Everyone,Shopping,5000.0,0.0,4.6,69.0,Free
8604,CL Mobile - Classifieds for Craigslist,SHOPPING,Teen,Shopping,1000000.0,0.0,4.4,27275.0,Free
8605,CL Mobile Pro - Classifieds for Craigslist,SHOPPING,Mature 17+,Shopping,100000.0,0.0,4.1,1288.0,Free
8606,CL Pro App for Craigslist,SHOPPING,Everyone,Shopping,10000.0,0.0,4.0,119.0,Free
8607,CL Pro Client for Craigslist,SHOPPING,Everyone,Shopping,5000.0,0.0,3.6,48.0,Free
8608,"Club Factory Everything, Unbeaten Price",SHOPPING,Everyone,Shopping,10000000.0,0.0,4.2,244141.0,Free
8609,Compas BP Store,SHOPPING,Everyone,Shopping,10.0,0.0,,0.0,Free
8610,Co-op Connections,SHOPPING,Everyone,Shopping,1000.0,0.0,1.6,8.0,Free
8611,Coupang,SHOPPING,Everyone,Shopping,10000000.0,0.0,4.6,308234.0,Free
8612,Coupon Mob - Discount Coupons,SHOPPING,Everyone,Shopping,100.0,0.0,3.0,2.0,Free
8613,Coupon Sherpa,SHOPPING,Everyone,Shopping,500000.0,0.0,4.4,7793.0,Free
8614,Coupons.com – Grocery Coupons & Cash Back Savings,SHOPPING,Everyone,Shopping,1000000.0,0.0,4.2,24953.0,Free
8615,cPro Marketplace: Buy. Sell. Rent. Date. Jobs.,SHOPPING,Mature 17+,Shopping,10000000.0,0.0,4.4,385764.0,Free
8616,CY Digital Net,SHOPPING,Everyone,Shopping,500.0,0.0,4.7,3.0,Free
8617,dekoreko-dz,SHOPPING,Everyone,Shopping,500.0,0.0,,16.0,Free
8618,DG - Digital Coupons - Free Coupon and Discount,SHOPPING,Everyone,Shopping,10000.0,0.0,3.6,38.0,Free
8619,DG Coupon,SHOPPING,Everyone,Shopping,100000.0,0.0,3.7,668.0,Free
8620,DG OFF - 100% Free Coupons & Deals,SHOPPING,Everyone,Shopping,10.0,0.0,5.0,1.0,Free
8621,DHgate-Shop Wholesale Prices,SHOPPING,Teen,Shopping,5000000.0,0.0,4.5,104068.0,Free
8622,Dine In CT - Food Delivery,SHOPPING,Everyone,Shopping,1000.0,0.0,5.0,4.0,Free
8623,DM Collection,SHOPPING,Everyone,Shopping,100.0,0.0,,3.0,Free
8624,"Dollar General - Digital Coupons, Ads And More",SHOPPING,Everyone,Shopping,5000000.0,0.0,3.9,16678.0,Free
8625,DT CLOTHINGS,SHOPPING,Everyone,Shopping,10.0,0.0,5.0,1.0,Free
8626,DT Technologies,SHOPPING,Everyone,Shopping,10.0,0.0,,0.0,Free
8627,DTPay,SHOPPING,Everyone,Shopping,1000.0,0.0,4.5,18.0,Free
8628,DX,SHOPPING,Everyone,Shopping,500000.0,0.0,3.1,6697.0,Free
8629,DZ Mobile Market,SHOPPING,Everyone,Shopping,10000.0,0.0,,59.0,Free
8630,DZ PROMOS - Promotions & Sale Alerts in Algeria,SHOPPING,Everyone,Shopping,50000.0,0.0,4.1,331.0,Free
8631,E.W. James & Sons,SHOPPING,Everyone,Shopping,500.0,0.0,,2.0,Free
8632,"Ebates: Cash Back, Coupons, Rewards & Savings",SHOPPING,Everyone,Shopping,1000000.0,0.0,4.5,37253.0,Free
8633,eBay Kleinanzeigen for Germany,SHOPPING,Teen,Shopping,10000000.0,0.0,4.6,318142.0,Free
8634,eBay: Buy & Sell this Summer - Discover Deals Now!,SHOPPING,Teen,Shopping,100000000.0,0.0,4.4,2788923.0,Free
8635,eBay: Buy & Sell this Summer - Discover Deals Now!,SHOPPING,Teen,Shopping,100000000.0,0.0,4.4,2788923.0,Free
8636,eBay: Buy & Sell this Summer - Discover Deals Now!,SHOPPING,Teen,Shopping,100000000.0,0.0,4.4,2788923.0,Free
8637,eBay: Buy & Sell this Summer - Discover Deals Now!,SHOPPING,Teen,Shopping,100000000.0,0.0,4.4,2788923.0,Free
8638,eBay: Buy & Sell this Summer - Discover Deals Now!,SHOPPING,Teen,Shopping,100000000.0,0.0,4.4,2788460.0,Free
8639,efootwear.eu - online store,SHOPPING,Everyone,Shopping,100000.0,0.0,4.5,928.0,Free
8640,EHS Dongsen Shopping,SHOPPING,Teen,Shopping,1000000.0,0.0,3.6,3656.0,Free
8641,EP Mobil,SHOPPING,Everyone,Shopping,100.0,0.0,,3.0,Free
8642,ePazar.bg,SHOPPING,Everyone,Shopping,1000.0,0.0,,28.0,Free
8643,ePN Cashback AliExpress,SHOPPING,Everyone,Shopping,500000.0,0.0,4.4,19212.0,Free
8644,Eshopcy.com.cy,SHOPPING,Everyone,Shopping,5000.0,0.0,4.2,182.0,Free
8645,Etsy: Handmade & Vintage Goods,SHOPPING,Teen,Shopping,10000000.0,0.0,4.3,95520.0,Free
8646,Etsy: Handmade & Vintage Goods,SHOPPING,Teen,Shopping,10000000.0,0.0,4.3,95520.0,Free
8647,Extreme Coupon Finder,SHOPPING,Everyone,Shopping,1000000.0,0.0,4.1,11798.0,Free
8648,Extreme Coupon Finder,SHOPPING,Everyone,Shopping,1000000.0,0.0,4.1,11798.0,Free
8649,Extreme Coupon Finder,SHOPPING,Everyone,Shopping,1000000.0,0.0,4.1,11798.0,Free
8650,Family Dollar,SHOPPING,Everyone,Shopping,1000000.0,0.0,4.3,2588.0,Free
8651,Fancy,SHOPPING,Teen,Shopping,5000000.0,0.0,4.2,39735.0,Free
8652,Fancy,SHOPPING,Teen,Shopping,5000000.0,0.0,4.2,39735.0,Free
8653,Fancy,SHOPPING,Teen,Shopping,5000000.0,0.0,4.2,39735.0,Free
8654,FidMe Loyalty Cards & Deals at Grocery Supermarket,SHOPPING,Everyone,Shopping,1000000.0,0.0,4.2,33758.0,Free
8655,Find Fast Food,SHOPPING,Everyone,Shopping,100000.0,0.0,3.3,272.0,Free
8656,Find&Save - Local Shopping,SHOPPING,Everyone,Shopping,500000.0,0.0,4.0,4602.0,Free
8657,"FirstCry Baby & Kids Shopping, Fashion & Parenting",SHOPPING,Everyone,Shopping,5000000.0,0.0,4.1,41074.0,Free
8658,Flipkart Online Shopping App,SHOPPING,Teen,Shopping,100000000.0,0.0,4.4,6012719.0,Free
8659,Flipkart Online Shopping App,SHOPPING,Teen,Shopping,100000000.0,0.0,4.4,6003590.0,Free
8660,Flipp - Weekly Shopping,SHOPPING,Everyone,Shopping,10000000.0,0.0,4.6,85858.0,Free
8661,Flipp - Weekly Shopping,SHOPPING,Everyone,Shopping,10000000.0,0.0,4.6,85782.0,Free
8662,Foods Co,SHOPPING,Everyone,Shopping,10000.0,0.0,4.3,199.0,Free
8663,foody Cyprus - online ordering,SHOPPING,Everyone,Shopping,10000.0,0.0,4.5,214.0,Free
8664,GearBest Online Shopping,SHOPPING,Everyone,Shopping,5000000.0,0.0,4.5,245104.0,Free
8665,GITZ.bz,SHOPPING,Everyone,Shopping,10.0,0.0,4.0,4.0,Free
8666,Go Go Coupons - Free Coupon and Discount,SHOPPING,Everyone,Shopping,1000.0,0.0,3.0,4.0,Free
8667,Grabo.bg,SHOPPING,Everyone,Shopping,100000.0,0.0,4.6,8175.0,Free
8668,"Groupon - Shop Deals, Discounts & Coupons",SHOPPING,Teen,Shopping,50000000.0,0.0,4.6,1370749.0,Free
8669,"Groupon - Shop Deals, Discounts & Coupons",SHOPPING,Teen,Shopping,50000000.0,0.0,4.6,1370749.0,Free
8670,"Groupon - Shop Deals, Discounts & Coupons",SHOPPING,Teen,Shopping,50000000.0,0.0,4.6,1370749.0,Free
8671,"Groupon - Shop Deals, Discounts & Coupons",SHOPPING,Teen,Shopping,50000000.0,0.0,4.6,1371082.0,Free
8672,GS SHOP,SHOPPING,Everyone,Shopping,10000000.0,0.0,3.8,44255.0,Free
8673,Gyft - Mobile Gift Card Wallet,SHOPPING,Everyone,Shopping,500000.0,0.0,4.1,9701.0,Free
8674,Gyft - Mobile Gift Card Wallet,SHOPPING,Everyone,Shopping,500000.0,0.0,4.1,9701.0,Free
8675,Gyft - Mobile Gift Card Wallet,SHOPPING,Everyone,Shopping,500000.0,0.0,4.1,9701.0,Free
8676,HauteLook,SHOPPING,Everyone,Shopping,500000.0,0.0,4.1,7193.0,Free
8677,Hilverda De Boer B.V. App,SHOPPING,Everyone,Shopping,500.0,0.0,,5.0,Free
8678,Home & Shopping - Only in apps. 10% off + 10% off,SHOPPING,Everyone,Shopping,10000000.0,0.0,4.2,42750.0,Free
8679,"Horn, free country requirements",SHOPPING,Everyone,Shopping,1000000.0,0.0,4.5,37186.0,Free
8680,"Ibotta: Cash Back Savings, Rewards & Coupons App",SHOPPING,Everyone,Shopping,10000000.0,0.0,4.5,315908.0,Free
8681,"Ibotta: Cash Back Savings, Rewards & Coupons App",SHOPPING,Everyone,Shopping,10000000.0,0.0,4.5,315908.0,Free
8682,IKEA Store,SHOPPING,Everyone,Shopping,10000000.0,0.0,3.4,25515.0,Free
8683,Jabong Online Shopping App,SHOPPING,Everyone,Shopping,10000000.0,0.0,4.1,367290.0,Free
8684,JackThreads: Men's Shopping,SHOPPING,Teen,Shopping,1000000.0,0.0,4.0,13085.0,Free
8685,JackThreads: Men's Shopping,SHOPPING,Teen,Shopping,1000000.0,0.0,4.0,13085.0,Free
8686,JackThreads: Men's Shopping,SHOPPING,Teen,Shopping,1000000.0,0.0,4.0,13085.0,Free
8687,Jiji.ng,SHOPPING,Everyone,Shopping,1000000.0,0.0,4.4,25714.0,Free
8688,"Jingdong - pick good things, go to Jingdong",SHOPPING,Teen,Shopping,1000000.0,0.0,3.3,9189.0,Free
8689,Jumia online shopping,SHOPPING,Teen,Shopping,10000000.0,0.0,4.3,162655.0,Free
8690,Key Ring: Cards Coupon & Sales,SHOPPING,Everyone,Shopping,1000000.0,0.0,4.1,42871.0,Free
8691,"Kohl's: Scan, Shop, Pay & Save",SHOPPING,Everyone,Shopping,5000000.0,0.0,4.5,79261.0,Free
8692,Krazy Coupon Lady,SHOPPING,Everyone,Shopping,1000000.0,0.0,4.7,10318.0,Free
8693,Kroger,SHOPPING,Everyone,Shopping,5000000.0,0.0,4.3,38961.0,Free
8694,La La-Shop Designer Brands Street,SHOPPING,Everyone,Shopping,500000.0,0.0,4.5,5123.0,Free
8695,Lalafo Pulsuz Elanlar,SHOPPING,Everyone,Shopping,1000000.0,0.0,4.4,61392.0,Free
8696,Lazada - Online Shopping & Deals,SHOPPING,Everyone,Shopping,50000000.0,0.0,4.2,1573054.0,Free
8697,"letgo: Buy & Sell Used Stuff, Cars & Real Estate",SHOPPING,Teen,Shopping,50000000.0,0.0,4.5,973270.0,Free
8698,"letgo: Buy & Sell Used Stuff, Cars & Real Estate",SHOPPING,Teen,Shopping,50000000.0,0.0,4.5,972256.0,Free
8699,Life market,SHOPPING,Everyone,Shopping,1000000.0,0.0,4.5,30834.0,Free
8700,LightInTheBox Online Shopping,SHOPPING,Teen,Shopping,5000000.0,0.0,4.0,41986.0,Free
8701,LivingSocial - Local Deals,SHOPPING,Everyone,Shopping,5000000.0,0.0,4.1,28523.0,Free
8702,LivingSocial - Local Deals,SHOPPING,Everyone,Shopping,5000000.0,0.0,4.1,28523.0,Free
8703,LivingSocial - Local Deals,SHOPPING,Everyone,Shopping,5000000.0,0.0,4.1,28523.0,Free
8704,Lotte Home Shopping LOTTE Homeshopping,SHOPPING,Everyone,Shopping,5000000.0,0.0,3.6,8820.0,Free
8705,Magazine Luiza Online Shopping,SHOPPING,Everyone,Shopping,10000000.0,0.0,4.3,109124.0,Free
8706,Mercado Libre: Find your favorite brands,SHOPPING,Everyone,Shopping,50000000.0,0.0,4.7,3860225.0,Free
8707,Mercari: The Selling App,SHOPPING,Everyone,Shopping,10000000.0,0.0,4.4,101883.0,Free
8708,MiniInTheBox Online Shopping,SHOPPING,Everyone,Shopping,1000000.0,0.0,3.9,34171.0,Free
8709,Modcloth – Unique Indie Women's Fashion & Style,SHOPPING,Everyone,Shopping,500000.0,0.0,4.2,5121.0,Free
8710,Modcloth – Unique Indie Women's Fashion & Style,SHOPPING,Everyone,Shopping,500000.0,0.0,4.2,5121.0,Free
8711,My College Bookstore,SHOPPING,Everyone,Shopping,100000.0,0.0,3.2,661.0,Free
8712,Myntra Online Shopping App,SHOPPING,Everyone,Shopping,50000000.0,0.0,4.3,1315242.0,Free
8713,Newegg Mobile,SHOPPING,Everyone,Shopping,1000000.0,0.0,4.5,35497.0,Free
8714,Newegg Mobile,SHOPPING,Everyone,Shopping,1000000.0,0.0,4.5,35479.0,Free
8715,Nike,SHOPPING,Everyone,Shopping,1000000.0,0.0,4.7,67071.0,Free
8716,Nordstrom,SHOPPING,Everyone,Shopping,500000.0,0.0,4.6,2278.0,Free
8717,O Shopping,SHOPPING,Everyone,Shopping,100000.0,0.0,3.9,671.0,Free
8718,OfferUp - Buy. Sell. Offer Up,SHOPPING,Everyone,Shopping,10000000.0,0.0,4.6,591312.0,Free
8719,OLX - Buy and Sell,SHOPPING,Everyone,Shopping,50000000.0,0.0,4.2,857923.0,Free
8720,OLX Uganda Sell Buy Cellphones,SHOPPING,Everyone,Shopping,100000.0,0.0,4.2,4977.0,Free
8721,Ouedkniss,SHOPPING,Teen,Shopping,1000000.0,0.0,4.3,10355.0,Free
8722,"Overstock – Home Decor, Furniture Shopping",SHOPPING,Teen,Shopping,1000000.0,0.0,4.4,25719.0,Free
8723,"Overstock – Home Decor, Furniture Shopping",SHOPPING,Teen,Shopping,1000000.0,0.0,4.4,25717.0,Free
8724,Penny Finder,SHOPPING,Everyone,Shopping,10000.0,2.99,4.2,470.0,Paid
8725,Poshmark - Buy & Sell Fashion,SHOPPING,Everyone,Shopping,10000000.0,0.0,4.3,46153.0,Free
8726,Poshmark - Buy & Sell Fashion,SHOPPING,Everyone,Shopping,10000000.0,0.0,4.3,46153.0,Free
8727,Postings (Craigslist Search App),SHOPPING,Mature 17+,Shopping,5000000.0,0.0,4.3,151095.0,Free
8728,postit.bm,SHOPPING,Everyone,Shopping,500.0,0.0,,1.0,Free
8729,Pro App for Craigslist,SHOPPING,Teen,Shopping,500000.0,0.0,4.1,5618.0,Free
8730,R Studio,SHOPPING,Everyone,Shopping,5000.0,0.0,3.7,23.0,Free
8731,Ratings by Consumer Reports,SHOPPING,Everyone,Shopping,100000.0,0.0,4.3,3420.0,Free
8732,"Real Estate, Car, Shopping and Others",SHOPPING,Everyone,Shopping,10000000.0,0.0,4.3,568273.0,Free
8733,Receipt Hog - Receipts to Cash,SHOPPING,Teen,Shopping,1000000.0,0.0,4.5,72596.0,Free
8734,REI – Shop Outdoor Gear,SHOPPING,Everyone,Shopping,100000.0,0.0,4.4,3878.0,Free
8735,Remix Second Hand,SHOPPING,Everyone,Shopping,100000.0,0.0,4.2,867.0,Free
8736,"RetailMeNot - Coupons, Deals & Discount Shopping",SHOPPING,Everyone,Shopping,10000000.0,0.0,4.4,210208.0,Free
8737,"RetailMeNot - Coupons, Deals & Discount Shopping",SHOPPING,Everyone,Shopping,10000000.0,0.0,4.4,210208.0,Free
8738,"RetailMeNot - Coupons, Deals & Discount Shopping",SHOPPING,Everyone,Shopping,10000000.0,0.0,4.4,210208.0,Free
8739,ricardo.ch,SHOPPING,Everyone,Shopping,500000.0,0.0,4.0,13232.0,Free
8740,ROMWE - Women's Fashion,SHOPPING,Everyone,Shopping,10000000.0,0.0,4.6,135043.0,Free
8741,Rossmann PL,SHOPPING,Everyone,Shopping,5000000.0,0.0,4.0,15867.0,Free
8742,Sam's Club: Wholesale Shopping & Instant Savings,SHOPPING,Everyone,Shopping,5000000.0,0.0,4.3,45362.0,Free
8743,Save.ca,SHOPPING,Everyone,Shopping,100000.0,0.0,3.7,2094.0,Free
8744,SavingStar - Grocery Coupons,SHOPPING,Everyone,Shopping,1000000.0,0.0,4.2,31519.0,Free
8745,"Savory - Deals,Freebies,Sales",SHOPPING,Everyone,Shopping,100000.0,0.0,4.4,2375.0,Free
8746,Schulman B.V.,SHOPPING,Everyone,Shopping,100.0,0.0,4.0,6.0,Free
8747,Sharaf DG,SHOPPING,Everyone,Shopping,500000.0,0.0,4.0,7006.0,Free
8748,Shop 'n Save,SHOPPING,Everyone,Shopping,100000.0,0.0,3.4,620.0,Free
8749,Shopee - No. 1 Online Shopping,SHOPPING,Everyone,Shopping,10000000.0,0.0,4.3,94294.0,Free
8750,Shopee: No.1 Belanja Online,SHOPPING,Everyone,Shopping,10000000.0,0.0,4.2,609186.0,Free
8751,Shopee: No.1 Online Shopping,SHOPPING,Everyone,Shopping,10000000.0,0.0,4.2,608753.0,Free
8752,Shopfully - Weekly Ads & Deals,SHOPPING,Everyone,Shopping,10000000.0,0.0,4.4,279428.0,Free
8753,"Shopkick: Free Gift Cards, Shop Rewards & Deals",SHOPPING,Everyone,Shopping,10000000.0,0.0,4.3,213735.0,Free
8754,"Shopkick: Free Gift Cards, Shop Rewards & Deals",SHOPPING,Everyone,Shopping,10000000.0,0.0,4.3,213735.0,Free
8755,Shopping List S PRO,SHOPPING,Everyone,Shopping,100.0,2.49,4.8,14.0,Paid
8756,ShopSavvy Barcode & QR Scanner,SHOPPING,Everyone,Shopping,10000000.0,0.0,4.1,110425.0,Free
8757,"Shopular: Coupons, Weekly Ads & Shopping Deals",SHOPPING,Everyone,Shopping,1000000.0,0.0,4.7,57920.0,Free
8758,"Shopular: Coupons, Weekly Ads & Shopping Deals",SHOPPING,Everyone,Shopping,1000000.0,0.0,4.7,57920.0,Free
8759,"Shrimp skin shopping: spend less, buy better",SHOPPING,Everyone,Shopping,5000000.0,0.0,4.2,106798.0,Free
8760,Slice: Package Tracker,SHOPPING,Everyone,Shopping,1000000.0,0.0,4.2,16966.0,Free
8761,Slickdeals: Coupons & Shopping,SHOPPING,Everyone,Shopping,1000000.0,0.0,4.5,33583.0,Free
8762,Slickdeals: Coupons & Shopping,SHOPPING,Everyone,Shopping,1000000.0,0.0,4.5,33583.0,Free
8763,Slickdeals: Coupons & Shopping,SHOPPING,Everyone,Shopping,1000000.0,0.0,4.5,33599.0,Free
8764,SnipSnap Coupon App,SHOPPING,Everyone,Shopping,1000000.0,0.0,4.2,9975.0,Free
8765,SnipSnap Coupon App,SHOPPING,Everyone,Shopping,1000000.0,0.0,4.2,9975.0,Free
8766,SPEED L,SHOPPING,Everyone,Shopping,50000.0,0.0,4.3,85.0,Free
8767,Stocard - Rewards Cards Wallet,SHOPPING,Everyone,Shopping,10000000.0,0.0,4.6,284725.0,Free
8768,Stocard - Rewards Cards Wallet,SHOPPING,Everyone,Shopping,10000000.0,0.0,4.6,284721.0,Free
8769,Strava.cz,SHOPPING,Everyone,Shopping,100000.0,0.0,4.3,2221.0,Free
8770,Target - now with Cartwheel,SHOPPING,Everyone,Shopping,10000000.0,0.0,4.1,68406.0,Free
8771,Target - now with Cartwheel,SHOPPING,Everyone,Shopping,10000000.0,0.0,4.1,68406.0,Free
8772,Target - now with Cartwheel,SHOPPING,Everyone,Shopping,10000000.0,0.0,4.1,68406.0,Free
8773,TattooSupplies.eu,SHOPPING,Everyone,Shopping,1000.0,0.0,,31.0,Free
8774,Tenh Ey,SHOPPING,Everyone,Shopping,10.0,0.0,,0.0,Free
8775,The birth,SHOPPING,Teen,Shopping,50000000.0,0.0,4.7,1084945.0,Free
8776,The Coupons App,SHOPPING,Everyone,Shopping,10000000.0,0.0,4.5,181990.0,Free
8777,The Coupons App,SHOPPING,Everyone,Shopping,10000000.0,0.0,4.5,181990.0,Free
8778,The Coupons App,SHOPPING,Everyone,Shopping,10000000.0,0.0,4.5,181990.0,Free
8779,The Coupons App,SHOPPING,Everyone,Shopping,10000000.0,0.0,4.5,181983.0,Free
8780,The Home Depot,SHOPPING,Everyone,Shopping,5000000.0,0.0,4.3,44071.0,Free
8781,The wall,SHOPPING,Everyone,Shopping,1000000.0,0.0,4.4,35563.0,Free
8782,Tophatter - 90 Second Auctions,SHOPPING,Everyone,Shopping,10000000.0,0.0,4.3,105773.0,Free
8783,tutti.ch - Free Classifieds,SHOPPING,Everyone,Shopping,500000.0,0.0,4.4,9950.0,Free
8784,"Twice: Buy, Sell Clothing",SHOPPING,Everyone,Shopping,100000.0,0.0,4.2,1558.0,Free
8785,Urban Outfitters,SHOPPING,Teen,Shopping,500000.0,0.0,4.2,4158.0,Free
8786,Walmart,SHOPPING,Everyone,Shopping,10000000.0,0.0,4.4,441473.0,Free
8787,Walmart,SHOPPING,Everyone,Shopping,10000000.0,0.0,4.4,441473.0,Free
8788,Wanelo Shopping,SHOPPING,Everyone,Shopping,1000000.0,0.0,4.6,94205.0,Free
8789,Wanelo Shopping,SHOPPING,Everyone,Shopping,1000000.0,0.0,4.6,94205.0,Free
8790,Wayfair - Shop All Things Home,SHOPPING,Everyone,Shopping,5000000.0,0.0,4.5,20247.0,Free
8791,Wemep - Special price representative (special / shopping / shopping app / coupon / shipping),SHOPPING,Everyone,Shopping,10000000.0,0.0,4.5,178497.0,Free
8792,WICShopper,SHOPPING,Everyone,Shopping,500000.0,0.0,3.9,3023.0,Free
8793,Wish - Shopping Made Fun,SHOPPING,Everyone,Shopping,100000000.0,0.0,4.5,6210998.0,Free
8794,Wish - Shopping Made Fun,SHOPPING,Everyone,Shopping,100000000.0,0.0,4.5,6211039.0,Free
8795,Wish - Shopping Made Fun,SHOPPING,Everyone,Shopping,100000000.0,0.0,4.5,6211039.0,Free
8796,Wish - Shopping Made Fun,SHOPPING,Everyone,Shopping,100000000.0,0.0,4.5,6212081.0,Free
8797,Wish - Shopping Made Fun,SHOPPING,Everyone,Shopping,100000000.0,0.0,4.5,6200739.0,Free
8798,ZALORA Fashion Shopping,SHOPPING,Everyone,Shopping,10000000.0,0.0,4.2,142512.0,Free
8799,ZALORA Fashion Shopping,SHOPPING,Everyone,Shopping,10000000.0,0.0,4.2,142512.0,Free
8800,Zappos – Shoe shopping made simple,SHOPPING,Everyone,Shopping,5000000.0,0.0,4.5,44588.0,Free
8801,Zappos – Shoe shopping made simple,SHOPPING,Everyone,Shopping,5000000.0,0.0,4.5,44588.0,Free
8802,zulily - Shop Daily Deals in Fashion and Home,SHOPPING,Everyone,Shopping,1000000.0,0.0,4.5,28560.0,Free
8803,+Download 4 Instagram Twitter,SOCIAL,Everyone,Social,1000000.0,0.0,4.5,40467.0,Free
8804,Ak Parti Yardım Toplama,SOCIAL,Teen,Social,0.0,13.99,,0.0,Paid
8805,Alarm.fo – choose your info,SOCIAL,Everyone,Social,1000.0,0.0,4.4,19.0,Free
8806,All Social Networks,SOCIAL,Everyone,Social,1000000.0,0.0,4.2,22492.0,Free
8807,All Social Networks,SOCIAL,Everyone,Social,1000000.0,0.0,4.2,22650.0,Free
8808,Alumni BJ,SOCIAL,Everyone,Social,100.0,0.0,,2.0,Free
8809,Amino: Communities and Chats,SOCIAL,Teen,Social,10000000.0,0.0,4.8,1259075.0,Free
8810,Amino: Communities and Chats,SOCIAL,Teen,Social,10000000.0,0.0,4.8,1264084.0,Free
8811,Amleen Ey,SOCIAL,Everyone,Social,1.0,0.0,,0.0,Free
8812,Anime et Manga Amino en Français,SOCIAL,Teen,Social,50000.0,0.0,4.8,3782.0,Free
8813,Au Pair,SOCIAL,Everyone,Social,10000.0,0.0,3.6,58.0,Free
8814,Auto DM for Twitter 🔥,SOCIAL,Teen,Social,1000.0,0.0,3.4,44.0,Free
8815,BA 3 Banjarmasin,SOCIAL,Teen,Social,10.0,0.0,,2.0,Free
8816,Badoo - Free Chat & Dating App,SOCIAL,Mature 17+,Social,100000000.0,0.0,4.3,3781770.0,Free
8817,Badoo - Free Chat & Dating App,SOCIAL,Mature 17+,Social,100000000.0,0.0,4.3,3781770.0,Free
8818,Badoo - Free Chat & Dating App,SOCIAL,Mature 17+,Social,100000000.0,0.0,4.3,3781770.0,Free
8819,Badoo - Free Chat & Dating App,SOCIAL,Mature 17+,Social,100000000.0,0.0,4.3,3781467.0,Free
8820,Banjo,SOCIAL,Everyone,Social,1000000.0,0.0,4.2,58341.0,Free
8821,Best DP and Status,SOCIAL,Teen,Social,10000.0,0.0,4.2,93.0,Free
8822,BG LINKED (BGLINKED),SOCIAL,Everyone,Social,1000.0,0.0,4.7,22.0,Free
8823,BGKontakti Bayern BG Kontakti,SOCIAL,Everyone,Social,1000.0,0.0,,32.0,Free
8824,BGKontakti London BG Kontakti,SOCIAL,Everyone,Social,500.0,0.0,,4.0,Free
8825,BGKontakti Vienna BG Kontakti,SOCIAL,Everyone,Social,1000.0,0.0,4.8,111.0,Free
8826,BH Connect,SOCIAL,Teen,Social,1.0,0.0,,0.0,Free
8827,BIGO LIVE - Live Stream,SOCIAL,Teen,Social,100000000.0,0.0,4.4,2349421.0,Free
8828,BK Traffic Control cum Chart,SOCIAL,Teen,Social,10000.0,0.0,4.7,549.0,Free
8829,Black Social,SOCIAL,Teen,Social,1000.0,0.0,4.6,22.0,Free
8830,Blogaway for Android (Blogger),SOCIAL,Teen,Social,100000.0,0.0,3.7,4253.0,Free
8831,Blogger,SOCIAL,Mature 17+,Social,5000000.0,0.0,3.7,138026.0,Free
8832,Bloglovin',SOCIAL,Everyone,Social,500000.0,0.0,3.9,8936.0,Free
8833,B-Messenger Video Chat,SOCIAL,Mature 17+,Social,1000000.0,0.0,4.1,12495.0,Free
8834,bm-Events,SOCIAL,Teen,Social,10.0,0.0,,0.0,Free
8835,BOO! - Next Generation Messenger,SOCIAL,Teen,Social,1000000.0,0.0,3.5,20675.0,Free
8836,Br Browser,SOCIAL,Everyone,Social,500.0,0.0,4.9,29.0,Free
8837,BR Chat Bot,SOCIAL,Everyone,Social,1000.0,0.0,1.9,16.0,Free
8838,BT Communicator,SOCIAL,Teen,Social,10000.0,0.0,3.8,32.0,Free
8839,"BT Dating -Find your match, help cupid, be social",SOCIAL,Mature 17+,Social,50000.0,0.0,4.1,158.0,Free
8840,C.P. CERVANTES (TOBARRA),SOCIAL,Everyone,Social,5.0,0.0,,0.0,Free
8841,CB Heroes,SOCIAL,Everyone,Social,5.0,0.0,5.0,5.0,Free
8842,CG Districts,SOCIAL,Everyone,Social,1000.0,0.0,3.8,14.0,Free
8843,Chat For Strangers - Video Chat,SOCIAL,Mature 17+,Social,100000.0,0.0,3.4,622.0,Free
8844,Check Your Visitors on FB ?,SOCIAL,Everyone,Social,5000.0,0.0,3.6,40.0,Free
8845,CJ Gospel Hour,SOCIAL,Everyone,Social,100.0,0.0,5.0,7.0,Free
8846,Coupe Adhémar EY 2017,SOCIAL,Teen,Social,50.0,0.0,,6.0,Free
8847,Couple - Relationship App,SOCIAL,Everyone,Social,1000000.0,0.0,4.0,33249.0,Free
8848,Couple - Relationship App,SOCIAL,Everyone,Social,1000000.0,0.0,4.0,33249.0,Free
8849,CP Dialer,SOCIAL,Teen,Social,50000.0,0.0,4.3,64.0,Free
8850,Cyprus Police,SOCIAL,Everyone 10+,Social,10000.0,0.0,4.2,226.0,Free
8851,Daddyhunt: Gay Dating,SOCIAL,Mature 17+,Social,500000.0,0.0,3.9,6450.0,Free
8852,Daily Murli Saar Widget,SOCIAL,Everyone,Social,10000.0,0.0,4.6,308.0,Free
8853,"Dating App, Flirt & Chat : W-Match",SOCIAL,Mature 17+,Social,10000000.0,0.0,4.3,175722.0,Free
8854,"Dating App, Flirt & Chat : W-Match",SOCIAL,Mature 17+,Social,10000000.0,0.0,4.3,175523.0,Free
8855,Dating.dk,SOCIAL,Mature 17+,Social,100000.0,0.0,3.7,2111.0,Free
8856,DB Event App,SOCIAL,Teen,Social,5000.0,0.0,2.4,37.0,Free
8857,DC Comics Amino,SOCIAL,Teen,Social,1000.0,0.0,4.9,117.0,Free
8858,DF BugMeNot,SOCIAL,Teen,Social,500.0,0.0,,7.0,Free
8859,Digi-TV.ch,SOCIAL,Teen,Social,10000.0,0.0,,62.0,Free
8860,Discípulos em BH,SOCIAL,Everyone,Social,100.0,0.0,,24.0,Free
8861,DK Murali,SOCIAL,Teen,Social,500.0,0.0,4.8,65.0,Free
8862,DM for IG 😘 - Image & Video Saver for Instagram,SOCIAL,Teen,Social,5000.0,0.0,3.7,55.0,Free
8863,DM Me - Chat,SOCIAL,Mature 17+,Social,10000.0,0.0,2.9,90.0,Free
8864,DM Storage (for twitter),SOCIAL,Everyone,Social,100.0,0.0,3.2,6.0,Free
8865,DN Blog,SOCIAL,Teen,Social,10.0,0.0,5.0,20.0,Free
8866,Downloader plus for FB,SOCIAL,Everyone,Social,500.0,0.0,,4.0,Free
8867,DP and Status for WhatsApp 2018,SOCIAL,Everyone,Social,100000.0,0.0,4.5,787.0,Free
8868,DP Display Pictures Life Quotes Motivational GM,SOCIAL,Everyone,Social,5000.0,0.0,4.4,39.0,Free
8869,Dp for Facebook,SOCIAL,Everyone,Social,5000.0,0.0,4.1,56.0,Free
8870,Dp For Whatsapp,SOCIAL,Everyone,Social,5000.0,0.0,4.3,39.0,Free
8871,Dr B R Ambedkar (Jai Bhim),SOCIAL,Everyone,Social,100000.0,0.0,4.7,2068.0,Free
8872,Dr. B.R.Ambedkar,SOCIAL,Everyone,Social,100000.0,0.0,4.8,1902.0,Free
8873,DV Statistics,SOCIAL,Everyone,Social,100.0,0.0,4.2,6.0,Free
8874,DW Streaming,SOCIAL,Everyone,Social,1000.0,0.0,,0.0,Free
8875,"💘 WhatsLov: Smileys of love, stickers and GIF",SOCIAL,Everyone,Social,1000000.0,0.0,4.6,22098.0,Free
8876,eChallan Andhra Pradesh (AP),SOCIAL,Teen,Social,1000.0,0.0,3.0,5.0,Free
8877,Eddsworld Amino,SOCIAL,Teen,Social,10000.0,0.0,4.9,3071.0,Free
8878,EG Way Life,SOCIAL,Everyone,Social,50.0,0.0,,0.0,Free
8879,Ek Maratha,SOCIAL,Teen,Social,10000.0,0.0,4.8,725.0,Free
8880,EO RAIPUR,SOCIAL,Teen,Social,10.0,0.0,,1.0,Free
8881,Equestria Amino for MLP,SOCIAL,Teen,Social,50000.0,0.0,4.8,8369.0,Free
8882,Eternal Light AG,SOCIAL,Teen,Social,100.0,0.0,5.0,30.0,Free
8883,European Solidarity Corps,SOCIAL,Teen,Social,1000.0,0.0,3.6,9.0,Free
8884,Evasion.bz,SOCIAL,Teen,Social,100.0,0.0,4.1,8.0,Free
8885,EXO-L Amino for EXO Fans,SOCIAL,Teen,Social,50000.0,0.0,4.9,5677.0,Free
8886,EZ Video Download for Facebook,SOCIAL,Teen,Social,1000000.0,0.0,4.1,34079.0,Free
8887,Facebook,SOCIAL,Teen,Social,1000000000.0,0.0,4.1,78158306.0,Free
8888,Facebook,SOCIAL,Teen,Social,1000000000.0,0.0,4.1,78128208.0,Free
8889,Facebook Creator,SOCIAL,Teen,Social,1000000.0,0.0,4.2,3895.0,Free
8890,Facebook Lite,SOCIAL,Teen,Social,500000000.0,0.0,4.3,8606259.0,Free
8891,Facebook Lite,SOCIAL,Teen,Social,500000000.0,0.0,4.3,8595964.0,Free
8892,Facebook Local,SOCIAL,Teen,Social,1000000.0,0.0,4.2,4751.0,Free
8893,Fake Chat (Direct Message),SOCIAL,Everyone,Social,500000.0,0.0,4.4,5985.0,Free
8894,"Fame Boom for Real Followers, Likes",SOCIAL,Everyone,Social,5000000.0,0.0,4.7,896118.0,Free
8895,Family GPS tracker KidControl + GPS by SMS Locator,SOCIAL,Everyone,Social,1000000.0,0.0,4.5,57146.0,Free
8896,Faster for Facebook Lite,SOCIAL,Teen,Social,1000000.0,0.0,4.3,24456.0,Free
8897,Faster Social for Facebook,SOCIAL,Teen,Social,100000.0,0.0,4.2,1236.0,Free
8898,FB Advanced Search,SOCIAL,Teen,Social,50.0,0.0,,2.0,Free
8899,FCB Connect - FC Barcelona,SOCIAL,Teen,Social,50000.0,0.0,4.5,795.0,Free
8900,"Fiesta by Tango - Find, Meet and Make New Friends",SOCIAL,Mature 17+,Social,1000000.0,0.0,4.3,112223.0,Free
8901,Find My Friends,SOCIAL,Everyone,Social,10000000.0,0.0,4.2,305367.0,Free
8902,FollowMeter for Instagram,SOCIAL,Everyone,Social,1000000.0,0.0,4.4,90082.0,Free
8903,Fr Daoud Lamei,SOCIAL,Everyone,Social,100000.0,0.0,4.7,2036.0,Free
8904,Frases Cristianas de Esperanza y Fe,SOCIAL,Everyone,Social,100.0,0.0,,2.0,Free
8905,"Free Messages, Video, Chat,Text for Messenger Plus",SOCIAL,Teen,Social,1000000.0,0.0,4.3,6086.0,Free
8906,"Free phone calls, free texting SMS on free number",SOCIAL,Everyone,Social,10000000.0,0.0,4.5,412725.0,Free
8907,"Free phone calls, free texting SMS on free number",SOCIAL,Everyone,Social,10000000.0,0.0,4.5,412888.0,Free
8908,Friendly for Facebook,SOCIAL,Teen,Social,1000000.0,0.0,4.5,42621.0,Free
8909,Frim: get new friends on local chat rooms,SOCIAL,Mature 17+,Social,5000000.0,0.0,4.0,88486.0,Free
8910,Frontback - Social Photos,SOCIAL,Mature 17+,Social,1000000.0,0.0,3.8,19446.0,Free
8911,FunForMobile Ringtones & Chat,SOCIAL,Mature 17+,Social,5000000.0,0.0,4.4,68358.0,Free
8912,funny Image Comments for FB,SOCIAL,Teen,Social,5000.0,0.0,3.9,19.0,Free
8913,FutureNet your social app,SOCIAL,Teen,Social,100000.0,0.0,4.2,2093.0,Free
8914,Gayvox - Gay Lesbian Bi Dating,SOCIAL,Mature 17+,Social,500000.0,0.0,3.4,3640.0,Free
8915,GirlTalk.dk,SOCIAL,Teen,Social,100.0,0.0,4.3,3.0,Free
8916,Golden telegram,SOCIAL,Everyone,Social,50000.0,0.0,4.3,374.0,Free
8917,Google+,SOCIAL,Teen,Social,1000000000.0,0.0,4.2,4831125.0,Free
8918,Google+,SOCIAL,Teen,Social,1000000000.0,0.0,4.2,4828372.0,Free
8919,Greeting Cards & Wishes,SOCIAL,Everyone,Social,500000.0,0.0,4.5,17350.0,Free
8920,Grindr - Gay chat,SOCIAL,Mature 17+,Social,10000000.0,0.0,3.6,284795.0,Free
8921,GUYZ - Gay Chat & Gay Dating,SOCIAL,Mature 17+,Social,1000000.0,0.0,4.4,41269.0,Free
8922,H letter images,SOCIAL,Teen,Social,1000.0,0.0,,17.0,Free
8923,Hashtags For Likes.co,SOCIAL,Everyone,Social,50000.0,0.0,4.3,420.0,Free
8924,"Hide Something - Photo, Video",SOCIAL,Everyone,Social,5000000.0,0.0,4.6,225103.0,Free
8925,HOLLA Live: Meet New People via Random Video Chat,SOCIAL,Mature 17+,Social,5000000.0,0.0,4.6,216513.0,Free
8926,Hornet - Gay Social Network,SOCIAL,Mature 17+,Social,5000000.0,0.0,4.0,163679.0,Free
8927,HTC Social Plugin - Facebook,SOCIAL,Mature 17+,Social,10000000.0,0.0,3.6,13223.0,Free
8928,Hum Ek Hain 2.02,SOCIAL,Teen,Social,10.0,0.0,5.0,2.0,Free
8929,iCard BD Plus,SOCIAL,Everyone,Social,500.0,0.0,5.0,2.0,Free
8930,Instachat 😜,SOCIAL,Teen,Social,5000000.0,0.0,4.0,80987.0,Free
8931,Instagram,SOCIAL,Teen,Social,1000000000.0,0.0,4.5,66577313.0,Free
8932,Instagram,SOCIAL,Teen,Social,1000000000.0,0.0,4.5,66577446.0,Free
8933,Instagram,SOCIAL,Teen,Social,1000000000.0,0.0,4.5,66577313.0,Free
8934,Instagram,SOCIAL,Teen,Social,1000000000.0,0.0,4.5,66509917.0,Free
8935,Instant DP Downloader for Instagram,SOCIAL,Everyone,Social,5000.0,0.0,4.7,38.0,Free
8936,i-share AF/KLM (AFKL ishare),SOCIAL,Teen,Social,100.0,0.0,,2.0,Free
8937,Jamaa Amino for Animal Jam,SOCIAL,Teen,Social,10000.0,0.0,4.7,3873.0,Free
8938,"Jaumo Dating, Flirt & Live Video",SOCIAL,Mature 17+,Social,10000000.0,0.0,4.4,900064.0,Free
8939,"Jaumo Dating, Flirt & Live Video",SOCIAL,Mature 17+,Social,10000000.0,0.0,4.4,900064.0,Free
8940,Jodel - The Hyperlocal App,SOCIAL,Mature 17+,Social,1000000.0,0.0,4.5,76480.0,Free
8941,"Join R, Community Engagement",SOCIAL,Teen,Social,1000.0,0.0,4.7,144.0,Free
8942,Kate Mobile for VK,SOCIAL,Teen,Social,10000000.0,0.0,4.4,540930.0,Free
8943,KDRAMA Amino for K-Drama Fans,SOCIAL,Teen,Social,100000.0,0.0,4.6,4046.0,Free
8944,KPOP Amino for K-Pop Entertainment,SOCIAL,Teen,Social,100000.0,0.0,4.8,19047.0,Free
8945,Legend - Animate Text in Video,SOCIAL,Everyone,Social,10000000.0,0.0,4.5,228737.0,Free
8946,Lesbian Chat & Dating - SPICY,SOCIAL,Mature 17+,Social,1000000.0,0.0,4.5,63765.0,Free
8947,LinkedIn,SOCIAL,Everyone,Social,100000000.0,0.0,4.2,1225339.0,Free
8948,LinkedIn,SOCIAL,Everyone,Social,100000000.0,0.0,4.2,1225367.0,Free
8949,Lite Messenger for Facebook Lite,SOCIAL,Teen,Social,10000.0,0.0,3.8,108.0,Free
8950,"LiveMe - Video chat, new friends, and make money",SOCIAL,Teen,Social,10000000.0,0.0,4.5,457197.0,Free
8951,"LiveMe - Video chat, new friends, and make money",SOCIAL,Teen,Social,10000000.0,0.0,4.5,456866.0,Free
8952,Love Images,SOCIAL,Everyone,Social,1000000.0,0.0,4.3,16404.0,Free
8953,Love Sticker,SOCIAL,Everyone,Social,1000000.0,0.0,4.6,33177.0,Free
8954,LOVOO,SOCIAL,Mature 17+,Social,10000000.0,0.0,4.0,852455.0,Free
8955,LOVOO,SOCIAL,Mature 17+,Social,10000000.0,0.0,4.0,852455.0,Free
8956,magicApp Calling & Messaging,SOCIAL,Everyone,Social,10000000.0,0.0,4.1,207712.0,Free
8957,Mali J,SOCIAL,Teen,Social,10000.0,0.0,3.2,185.0,Free
8958,MB Notifications for FB (Free),SOCIAL,Teen,Social,100000.0,0.0,3.9,3047.0,Free
8959,Media Sosial TNI AU,SOCIAL,Everyone,Social,1000.0,0.0,,88.0,Free
8960,Meet – Talk to Strangers Using Random Video Chat,SOCIAL,Mature 17+,Social,5000000.0,0.0,4.6,60562.0,Free
8961,"Meet U - Get Friends for Snapchat, Kik & Instagram",SOCIAL,Mature 17+,Social,100000.0,0.0,4.6,4435.0,Free
8962,MeetMe: Chat & Meet New People,SOCIAL,Mature 17+,Social,50000000.0,0.0,4.2,1259849.0,Free
8963,MeetMe: Chat & Meet New People,SOCIAL,Mature 17+,Social,50000000.0,0.0,4.2,1259894.0,Free
8964,MeetMe: Chat & Meet New People,SOCIAL,Mature 17+,Social,50000000.0,0.0,4.2,1259894.0,Free
8965,MeetMe: Chat & Meet New People,SOCIAL,Mature 17+,Social,50000000.0,0.0,4.2,1259894.0,Free
8966,MeetMe: Chat & Meet New People,SOCIAL,Mature 17+,Social,50000000.0,0.0,4.2,1259723.0,Free
8967,Meetup,SOCIAL,Teen,Social,5000000.0,0.0,4.2,79129.0,Free
8968,Meetup,SOCIAL,Teen,Social,5000000.0,0.0,4.2,79129.0,Free
8969,Meetup,SOCIAL,Teen,Social,5000000.0,0.0,4.2,79130.0,Free
8970,Meetup,SOCIAL,Teen,Social,5000000.0,0.0,4.2,79130.0,Free
8971,Message AI - Write Better Messages (Free),SOCIAL,Everyone,Social,100.0,0.0,3.7,3.0,Free
8972,"Messages, Text and Video Chat for Messenger",SOCIAL,Everyone,Social,10000000.0,0.0,4.4,49173.0,Free
8973,"Messages, Text and Video Chat for Messenger",SOCIAL,Everyone,Social,10000000.0,0.0,4.4,49580.0,Free
8974,Messenger,SOCIAL,Everyone,Social,10000000.0,0.0,4.1,68025.0,Free
8975,Messenger Messenger,SOCIAL,Everyone,Social,10000000.0,0.0,4.3,38826.0,Free
8976,Messenger Pro,SOCIAL,Everyone,Social,1000000.0,0.0,4.4,13762.0,Free
8977,"Mico- Stranger Chat Random video Chat, Live, Meet",SOCIAL,Mature 17+,Social,10000000.0,0.0,4.4,624557.0,Free
8978,Mini for Facebook lite,SOCIAL,Teen,Social,10000.0,0.0,4.1,260.0,Free
8979,Mirrativ: Live Stream Any App,SOCIAL,Teen,Social,500000.0,0.0,4.1,17955.0,Free
8980,MobilePatrol Public Safety App,SOCIAL,Everyone 10+,Social,1000000.0,0.0,4.0,22695.0,Free
8981,Moment,SOCIAL,Teen,Social,1000000.0,0.0,4.5,19583.0,Free
8982,Movement BE,SOCIAL,Teen,Social,100.0,0.0,5.0,20.0,Free
8983,Myjob@BM,SOCIAL,Teen,Social,100.0,0.0,,1.0,Free
8984,Naruto & Boruto FR,SOCIAL,Teen,Social,100.0,0.0,,7.0,Free
8985,News Dz,SOCIAL,Everyone,Social,10.0,0.0,,3.0,Free
8986,Nextdoor - Local neighborhood news & classifieds,SOCIAL,Teen,Social,5000000.0,0.0,4.3,51502.0,Free
8987,Nextdoor - Local neighborhood news & classifieds,SOCIAL,Teen,Social,5000000.0,0.0,4.3,51504.0,Free
8988,Noticias DF,SOCIAL,Everyone,Social,1000.0,0.0,,2.0,Free
8989,"ooVoo Video Calls, Messaging & Stories",SOCIAL,Everyone,Social,50000000.0,0.0,4.3,1157004.0,Free
8990,"ooVoo Video Calls, Messaging & Stories",SOCIAL,Everyone,Social,50000000.0,0.0,4.3,1157003.0,Free
8991,Otto DM,SOCIAL,Teen,Social,10.0,0.0,,0.0,Free
8992,Path,SOCIAL,Teen,Social,10000000.0,0.0,4.4,1520959.0,Free
8993,Patook - make platonic friends,SOCIAL,Mature 17+,Social,100000.0,0.0,4.0,3677.0,Free
8994,Pekalongan CJ,SOCIAL,Teen,Social,0.0,0.0,,0.0,Free
8995,Periscope - Live Video,SOCIAL,Mature 17+,Social,10000000.0,0.0,4.0,479908.0,Free
8996,Periscope - Live Video,SOCIAL,Mature 17+,Social,10000000.0,0.0,4.0,479909.0,Free
8997,Periscope - Live Video,SOCIAL,Mature 17+,Social,10000000.0,0.0,4.0,479939.0,Free
8998,Phoenix - Facebook & Messenger,SOCIAL,Teen,Social,100000.0,0.0,4.3,9606.0,Free
8999,Phone Tracker : Family Locator,SOCIAL,Everyone,Social,10000000.0,0.0,4.3,231325.0,Free
9000,Phone Tracker : Family Locator,SOCIAL,Everyone,Social,10000000.0,0.0,4.3,231446.0,Free
9001,Pink Color for Facebook,SOCIAL,Everyone,Social,500000.0,0.0,4.1,5285.0,Free
9002,Pinterest,SOCIAL,Teen,Social,100000000.0,0.0,4.6,4305441.0,Free
9003,Pinterest,SOCIAL,Teen,Social,100000000.0,0.0,4.6,4305441.0,Free
9004,Pinterest,SOCIAL,Teen,Social,100000000.0,0.0,4.6,4300936.0,Free
9005,pixiv,SOCIAL,Mature 17+,Social,1000000.0,0.0,4.2,86956.0,Free
9006,POF Free Dating App,SOCIAL,Mature 17+,Social,50000000.0,0.0,4.2,1175794.0,Free
9007,POF Free Dating App,SOCIAL,Mature 17+,Social,50000000.0,0.0,4.2,1175815.0,Free
9008,POF Free Dating App,SOCIAL,Mature 17+,Social,50000000.0,0.0,4.2,1175188.0,Free
9009,Profile Pictures and DP for Whatsapp,SOCIAL,Everyone,Social,5000.0,0.0,4.3,48.0,Free
9010,Profile Tracker - Who Viewed My Facebook Profile,SOCIAL,Teen,Social,500000.0,0.0,4.7,37090.0,Free
9011,Puffin for Facebook,SOCIAL,Teen,Social,500000.0,0.0,4.0,10743.0,Free
9012,Qeek for Instagram - Zoom profile insta DP,SOCIAL,Everyone,Social,500000.0,0.0,4.6,12111.0,Free
9013,Quora,SOCIAL,Teen,Social,10000000.0,0.0,4.5,313633.0,Free
9014,Quora,SOCIAL,Teen,Social,10000000.0,0.0,4.5,313403.0,Free
9015,quran-DZ,SOCIAL,Teen,Social,10.0,0.0,,0.0,Free
9016,Rande.cz,SOCIAL,Mature 17+,Social,50000.0,0.0,3.2,398.0,Free
9017,Reisedealz.eu,SOCIAL,Everyone,Social,10.0,0.0,,0.0,Free
9018,Rejoin Your Ex,SOCIAL,Everyone,Social,100.0,0.0,,0.0,Free
9019,Sabka Malik Ek Sai,SOCIAL,Teen,Social,1000.0,0.0,4.2,17.0,Free
9020,"SayHi Chat, Meet New People",SOCIAL,Mature 17+,Social,10000000.0,0.0,4.2,423105.0,Free
9021,"SayHi Chat, Meet New People",SOCIAL,Mature 17+,Social,10000000.0,0.0,4.2,423138.0,Free
9022,"SayHi Chat, Meet New People",SOCIAL,Mature 17+,Social,10000000.0,0.0,4.2,423138.0,Free
9023,"See U - Random video chat, video chat",SOCIAL,Mature 17+,Social,100000.0,0.0,4.1,568.0,Free
9024,Share G - Images Sharing - Wallpapers App,SOCIAL,Teen,Social,10000.0,0.0,4.4,120.0,Free
9025,signály.cz,SOCIAL,Everyone,Social,1000.0,0.0,,38.0,Free
9026,"SKOUT - Meet, Chat, Go Live",SOCIAL,Mature 17+,Social,50000000.0,0.0,4.3,1064049.0,Free
9027,"SKOUT - Meet, Chat, Go Live",SOCIAL,Mature 17+,Social,50000000.0,0.0,4.3,1064076.0,Free
9028,Snaappy – 3D fun AR core communication platform,SOCIAL,Everyone,Social,1000000.0,0.0,4.6,16801.0,Free
9029,Snapchat,SOCIAL,Teen,Social,500000000.0,0.0,4.0,17014787.0,Free
9030,Snapchat,SOCIAL,Teen,Social,500000000.0,0.0,4.0,17014705.0,Free
9031,Snapchat,SOCIAL,Teen,Social,500000000.0,0.0,4.0,17015352.0,Free
9032,Snapchat,SOCIAL,Teen,Social,500000000.0,0.0,4.0,17000166.0,Free
9033,Social network all in one 2018,SOCIAL,Everyone,Social,100000.0,0.0,4.3,1403.0,Free
9034,SPARK - Live random video chat & meet new people,SOCIAL,Mature 17+,Social,5000000.0,0.0,4.6,79658.0,Free
9035,Stickers for Facebook,SOCIAL,Everyone,Social,1000000.0,0.0,4.3,11066.0,Free
9036,"Stickers for Imo, fb, whatsapp",SOCIAL,Teen,Social,10000.0,0.0,4.4,214.0,Free
9037,Stream - Live Video Community,SOCIAL,Teen,Social,500000.0,0.0,4.1,6388.0,Free
9038,Students.ch,SOCIAL,Teen,Social,1000.0,0.0,,5.0,Free
9039,Swift for Facebook Lite,SOCIAL,Teen,Social,500000.0,0.0,4.3,9562.0,Free
9040,"Tagged - Meet, Chat & Dating",SOCIAL,Mature 17+,Social,10000000.0,0.0,4.1,486824.0,Free
9041,"Tagged - Meet, Chat & Dating",SOCIAL,Mature 17+,Social,10000000.0,0.0,4.1,486830.0,Free
9042,Tango - Live Video Broadcast,SOCIAL,Mature 17+,Social,100000000.0,0.0,4.3,3806669.0,Free
9043,Tango - Live Video Broadcast,SOCIAL,Mature 17+,Social,100000000.0,0.0,4.3,3806669.0,Free
9044,"Tapatalk - 100,000+ Forums",SOCIAL,Mature 17+,Social,10000000.0,0.0,4.1,285816.0,Free
9045,"Tapatalk - 100,000+ Forums",SOCIAL,Mature 17+,Social,10000000.0,0.0,4.1,285820.0,Free
9046,Telegram X,SOCIAL,Teen,Social,5000000.0,0.0,4.6,70616.0,Free
9047,Telegram X,SOCIAL,Teen,Social,5000000.0,0.0,4.6,70449.0,Free
9048,Text free - Free Text + Call,SOCIAL,Everyone,Social,10000000.0,0.0,4.3,315441.0,Free
9049,Text free - Free Text + Call,SOCIAL,Everyone,Social,10000000.0,0.0,4.3,315390.0,Free
9050,Text Free: WiFi Calling App,SOCIAL,Everyone,Social,5000000.0,0.0,4.2,83488.0,Free
9051,Text Free: WiFi Calling App,SOCIAL,Everyone,Social,5000000.0,0.0,4.2,83488.0,Free
9052,Text Free: WiFi Calling App,SOCIAL,Everyone,Social,5000000.0,0.0,4.2,83474.0,Free
9053,"Text Me: Text Free, Call Free, Second Phone Number",SOCIAL,Everyone,Social,10000000.0,0.0,4.3,344921.0,Free
9054,TextNow - free text + calls,SOCIAL,Everyone,Social,10000000.0,0.0,4.4,441189.0,Free
9055,TextNow - free text + calls,SOCIAL,Everyone,Social,10000000.0,0.0,4.4,441189.0,Free
9056,textPlus: Free Text & Calls,SOCIAL,Everyone,Social,10000000.0,0.0,4.1,382120.0,Free
9057,textPlus: Free Text & Calls,SOCIAL,Everyone,Social,10000000.0,0.0,4.1,382121.0,Free
9058,The Messenger App,SOCIAL,Everyone,Social,1000000.0,0.0,4.4,4919.0,Free
9059,The Video Messenger App,SOCIAL,Everyone,Social,100000.0,0.0,4.4,1200.0,Free
9060,Tik Tok - including musical.ly,SOCIAL,Teen,Social,100000000.0,0.0,4.4,5637451.0,Free
9061,Timehop,SOCIAL,Teen,Social,5000000.0,0.0,4.1,161610.0,Free
9062,TN e Sevai TN EB Bill Patta Citta EC Birth All Hub,SOCIAL,Everyone,Social,5000.0,0.0,3.7,23.0,Free
9063,TN EC Online New,SOCIAL,Teen,Social,1000.0,0.0,,7.0,Free
9064,TN Patta /Chitta /EC New,SOCIAL,Teen,Social,100.0,0.0,4.8,5.0,Free
9065,TNEB Bill Online Payment (Tamil),SOCIAL,Teen,Social,5000.0,0.0,,7.0,Free
9066,Tumblr,SOCIAL,Mature 17+,Social,100000000.0,0.0,4.4,2955326.0,Free
9067,Tumblr,SOCIAL,Mature 17+,Social,100000000.0,0.0,4.4,2955325.0,Free
9068,Tumblr,SOCIAL,Mature 17+,Social,100000000.0,0.0,4.4,2953886.0,Free
9069,TwitCasting Live,SOCIAL,Teen,Social,1000000.0,0.0,3.6,14835.0,Free
9070,U LIVE – Video Chat & Stream,SOCIAL,Mature 17+,Social,1000000.0,0.0,4.5,67611.0,Free
9071,uCiC- Videos and Photos on demand,SOCIAL,Teen,Social,100000.0,0.0,4.0,2052.0,Free
9072,Undertale AU Amino,SOCIAL,Teen,Social,50000.0,0.0,4.8,5369.0,Free
9073,"Unlimited Group Links - Whatsapp, FB, Telegram",SOCIAL,Mature 17+,Social,10000.0,0.0,3.4,44.0,Free
9074,UP EB Bill Payment & Details,SOCIAL,Teen,Social,50.0,0.0,5.0,3.0,Free
9075,U-Report,SOCIAL,Teen,Social,10000.0,0.0,4.3,241.0,Free
9076,V Bucks ProTips New,SOCIAL,Everyone,Social,1000.0,0.0,4.7,594.0,Free
9077,Verdad o Reto,SOCIAL,Teen,Social,500000.0,0.0,3.8,826.0,Free
9078,VidStatus app - Status Videos & Status Downloader,SOCIAL,Teen,Social,5000000.0,0.0,4.5,25562.0,Free
9079,VK,SOCIAL,Mature 17+,Social,100000000.0,0.0,3.8,5793284.0,Free
9080,VMate Lite - Funny Short Videos Social Network,SOCIAL,Teen,Social,1000000.0,0.0,4.3,903.0,Free
9081,"Waplog - Free Chat, Dating App, Meet Singles",SOCIAL,Mature 17+,Social,10000000.0,0.0,4.2,522018.0,Free
9082,We Heart It,SOCIAL,Teen,Social,10000000.0,0.0,4.5,637309.0,Free
9083,We Heart It,SOCIAL,Teen,Social,10000000.0,0.0,4.5,637254.0,Free
9084,Web Browser & Fast Explorer,SOCIAL,Everyone,Social,5000000.0,0.0,4.4,54768.0,Free
9085,Web Browser ( Fast & Secure Web Explorer),SOCIAL,Everyone,Social,500000.0,0.0,4.4,2508.0,Free
9086,What U See,SOCIAL,Teen,Social,100000.0,0.0,4.0,712.0,Free
9087,WhatsFake Pro (Ad free),SOCIAL,Everyone,Social,5000.0,0.99,4.2,204.0,Paid
9088,Whisper,SOCIAL,Teen,Social,5000000.0,0.0,4.1,205803.0,Free
9089,W-History Standalone,SOCIAL,Everyone,Social,1000.0,0.99,3.2,38.0,Paid
9090,Who Viewed My Facebook Profile - Stalkers Visitors,SOCIAL,Everyone,Social,5000000.0,0.0,4.6,271445.0,Free
9091,Who Viewed My Facebook Profile - Stalkers Visitors,SOCIAL,Everyone,Social,5000000.0,0.0,4.6,273244.0,Free
9092,Wishbone - Compare Anything,SOCIAL,Teen,Social,1000000.0,0.0,4.3,51569.0,Free
9093,YAY - TBH,SOCIAL,Teen,Social,100000.0,0.0,4.1,2520.0,Free
9094,YouNow: Live Stream Video Chat,SOCIAL,Teen,Social,10000000.0,0.0,4.1,309872.0,Free
9095,Zdravei.BG,SOCIAL,Mature 17+,Social,1000.0,0.0,,6.0,Free
9096,Zello PTT Walkie Talkie,SOCIAL,Everyone,Social,50000000.0,0.0,4.4,695613.0,Free
9097,Zello PTT Walkie Talkie,SOCIAL,Everyone,Social,50000000.0,0.0,4.4,695576.0,Free
9098,"""i DT"" Fútbol. Todos Somos Técnicos.",SPORTS,Everyone,Sports,500.0,0.0,,27.0,Free
9099,[BN] Blitz,SPORTS,Everyone,Sports,100.0,0.0,3.2,4.0,Free
9100,1. FC Köln App,SPORTS,Everyone,Sports,100000.0,0.0,4.6,2019.0,Free
9101,365Scores - Live Scores,SPORTS,Everyone,Sports,10000000.0,0.0,4.6,666521.0,Free
9102,365Scores - Live Scores,SPORTS,Everyone,Sports,10000000.0,0.0,4.6,666246.0,Free
9103,3D Bowling,SPORTS,Everyone,Sports,100000000.0,0.0,4.1,1076243.0,Free
9104,3D Tennis,SPORTS,Everyone,Sports,50000000.0,0.0,4.2,1008012.0,Free
9105,8 Ball Pool,SPORTS,Everyone,Sports,100000000.0,0.0,4.5,14184910.0,Free
9106,850 Sports News Digest,SPORTS,Everyone,Sports,10000.0,0.0,4.6,539.0,Free
9107,Absolute RC Heli Simulator,SPORTS,Everyone,Sports,10000.0,4.99,3.9,654.0,Paid
9108,Active Soccer 2 DX,SPORTS,Everyone,Sports,500.0,2.99,3.6,28.0,Paid
9109,AE Air Hockey,SPORTS,Everyone,Sports,50000.0,0.0,3.8,926.0,Free
9110,AE Archer,SPORTS,Everyone,Sports,500000.0,0.0,3.9,8638.0,Free
9111,AE Basketball,SPORTS,Everyone,Sports,1000000.0,0.0,4.0,8100.0,Free
9112,Ah! Bird,SPORTS,Everyone,Sports,100000.0,0.0,3.5,1689.0,Free
9113,AL.com: Alabama Football News,SPORTS,Everyone 10+,Sports,10000.0,0.0,4.5,459.0,Free
9114,Alabama Gameday Live,SPORTS,Everyone,Sports,1000.0,0.0,4.7,19.0,Free
9115,All Football - Latest News & Videos,SPORTS,Everyone,Sports,10000000.0,0.0,4.6,152867.0,Free
9116,All Football - Latest News & Videos,SPORTS,Everyone,Sports,10000000.0,0.0,4.6,152653.0,Free
9117,"All Football GO- Live Score, Games",SPORTS,Everyone,Sports,100000.0,0.0,4.6,1981.0,Free
9118,APOEL FC,SPORTS,Everyone,Sports,10000.0,0.0,4.6,688.0,Free
9119,Apps for SportsBєtting.ag - Bitcoin Welcome here!,SPORTS,Everyone,Sports,1000.0,0.0,,0.0,Free
9120,AQ Coach,SPORTS,Everyone,Sports,5.0,0.0,,0.0,Free
9121,AS - News and sports results.,SPORTS,Everyone,Sports,1000000.0,0.0,3.7,20879.0,Free
9122,AS Guía de las Ligas 2017-2018,SPORTS,Everyone,Sports,100000.0,0.0,4.1,4374.0,Free
9123,Atlanta United FC,SPORTS,Everyone,Sports,10000.0,0.0,3.7,215.0,Free
9124,Austria Wien FK - Fussball - Inoffizielle App,SPORTS,Everyone,Sports,100.0,0.0,,2.0,Free
9125,Ax 3 Domaines,SPORTS,Everyone,Sports,1000.0,0.0,4.5,12.0,Free
9126,Azulones Getafe CF Fans,SPORTS,Teen,Sports,100.0,0.0,,4.0,Free
9127,B.M.Snowboard Free,SPORTS,Everyone,Sports,1000000.0,0.0,3.9,9765.0,Free
9128,BANGLA TV 3G/4G,SPORTS,Everyone,Sports,100000.0,0.0,4.1,142.0,Free
9129,Barca News - app for Barcelona FC Fans,SPORTS,Everyone,Sports,10000.0,0.0,4.5,207.0,Free
9130,"Barca News - FC Barcelona, World Foot & Transfers",SPORTS,Everyone,Sports,10000.0,0.0,4.8,160.0,Free
9131,Barcelona Calendar,SPORTS,Everyone,Sports,10000.0,0.0,4.4,670.0,Free
9132,Barcelona Live - Goal Score & News for Barca Fans,SPORTS,Everyone,Sports,10000.0,0.0,4.4,38.0,Free
9133,Barcelona Live 2018—Goals & News for Barca FC Fans,SPORTS,Everyone,Sports,10000.0,0.0,4.6,342.0,Free
9134,Barcelona News - Sportfusion,SPORTS,Everyone,Sports,10000.0,0.0,4.4,382.0,Free
9135,Basket Manager 2016 Free,SPORTS,Everyone,Sports,100000.0,0.0,4.3,1879.0,Free
9136,Basket Manager 2016 Pro,SPORTS,Everyone,Sports,1000.0,0.99,4.5,117.0,Paid
9137,Basket Manager 2017 Free,SPORTS,Everyone,Sports,100000.0,0.0,4.5,2710.0,Free
9138,Basket Manager 2017 Pro,SPORTS,Everyone,Sports,1000.0,0.99,4.7,163.0,Paid
9139,Basket Manager 2018 Free,SPORTS,Everyone,Sports,50000.0,0.0,3.4,1520.0,Free
9140,Basket Manager 2018 Pro,SPORTS,Everyone,Sports,1000.0,2.99,3.7,84.0,Paid
9141,Basketball Dynasty Manager 16,SPORTS,Everyone,Sports,5000.0,1.99,4.4,426.0,Paid
9142,Basketball Stars,SPORTS,Everyone,Sports,10000000.0,0.0,4.4,867920.0,Free
9143,BBC Sport,SPORTS,Everyone,Sports,1000000.0,0.0,4.2,18678.0,Free
9144,BBC Sport,SPORTS,Everyone,Sports,1000000.0,0.0,4.2,18679.0,Free
9145,BC Hockey,SPORTS,Everyone,Sports,1000.0,0.0,3.7,20.0,Free
9146,BD CRICKET LIVE,SPORTS,Everyone,Sports,100000.0,0.0,4.6,1238.0,Free
9147,Be A Legend: Soccer,SPORTS,Everyone,Sports,1000000.0,0.0,3.8,85763.0,Free
9148,Be the Manager 2016 (football),SPORTS,Everyone,Sports,100000.0,0.0,4.2,4330.0,Free
9149,Be the Manager 2018 - Football Strategy,SPORTS,Everyone,Sports,100000.0,0.0,4.3,7557.0,Free
9150,Beach Volleyball 3D,SPORTS,Everyone,Sports,5000000.0,0.0,4.2,43191.0,Free
9151,beIN SPORTS TR,SPORTS,Everyone,Sports,10000000.0,0.0,4.0,135763.0,Free
9152,BeSoccer - Soccer Live Score,SPORTS,Everyone,Sports,10000000.0,0.0,4.5,152780.0,Free
9153,Bet Master Pro Soccer Predictions,SPORTS,Everyone,Sports,10000.0,0.0,4.4,328.0,Free
9154,Betting Tips / Sports Tips by CG Tipster,SPORTS,Everyone,Sports,10000.0,0.0,4.1,315.0,Free
9155,BG Cricket,SPORTS,Everyone,Sports,500.0,0.0,,6.0,Free
9156,BG Score,SPORTS,Everyone,Sports,10000.0,0.0,2.6,64.0,Free
9157,BG Torneos,SPORTS,Everyone,Sports,100.0,0.0,,7.0,Free
9158,BH Bikes GPS Locator,SPORTS,Everyone,Sports,10.0,0.0,,0.0,Free
9159,BH Bikes Premium,SPORTS,Everyone,Sports,1000.0,0.0,3.0,26.0,Free
9160,Bike 3D Configurator,SPORTS,Everyone,Sports,1000000.0,0.0,4.3,34062.0,Free
9161,Bike Unchained,SPORTS,Everyone,Sports,5000000.0,0.0,4.3,83545.0,Free
9162,Birmingham City FC,SPORTS,Everyone,Sports,10000.0,0.0,4.5,191.0,Free
9163,BJJ Roadmap by Stephan Kesting,SPORTS,Everyone,Sports,10000.0,0.0,4.6,969.0,Free
9164,Bleacher Report Live,SPORTS,Everyone,Sports,50000.0,0.0,4.0,232.0,Free
9165,"Bleacher Report: sports news, scores, & highlights",SPORTS,Everyone 10+,Sports,5000000.0,0.0,4.4,122282.0,Free
9166,"Bleacher Report: sports news, scores, & highlights",SPORTS,Everyone 10+,Sports,5000000.0,0.0,4.4,122282.0,Free
9167,"Bleacher Report: sports news, scores, & highlights",SPORTS,Everyone 10+,Sports,5000000.0,0.0,4.4,122283.0,Free
9168,"Bleacher Report: sports news, scores, & highlights",SPORTS,Everyone 10+,Sports,5000000.0,0.0,4.4,122283.0,Free
9169,"Bleacher Report: sports news, scores, & highlights",SPORTS,Everyone 10+,Sports,5000000.0,0.0,4.4,122283.0,Free
9170,"Bleacher Report: sports news, scores, & highlights",SPORTS,Everyone 10+,Sports,5000000.0,0.0,4.4,122280.0,Free
9171,BM Tahmin: Ücretsiz İddaa Tahminleri,SPORTS,Everyone,Sports,500.0,0.0,,7.0,Free
9172,Booking Revolution,SPORTS,Teen,Sports,5000000.0,0.0,4.2,140883.0,Free
9173,BQ Llicència,SPORTS,Everyone,Sports,5000.0,0.0,,18.0,Free
9174,BT Speed,SPORTS,Everyone,Sports,10.0,4.8,,3.0,Paid
9175,BU Bison Nation,SPORTS,Everyone,Sports,100.0,0.0,3.5,4.0,Free
9176,Burnley FC,SPORTS,Everyone,Sports,5000.0,0.0,4.9,195.0,Free
9177,BV Bombers,SPORTS,Everyone,Sports,100.0,0.0,,0.0,Free
9178,BV Frankfurt inside,SPORTS,Everyone,Sports,50.0,0.0,,3.0,Free
9179,BW Fuhlenbrock,SPORTS,Everyone,Sports,100.0,0.0,,4.0,Free
9180,Cádiz CB Gades,SPORTS,Everyone,Sports,10.0,0.0,,1.0,Free
9181,Cacique CF,SPORTS,Everyone,Sports,100.0,0.0,,19.0,Free
9182,"CBS Sports App - Scores, News, Stats & Watch Live",SPORTS,Everyone,Sports,5000000.0,0.0,4.3,91031.0,Free
9183,"CBS Sports App - Scores, News, Stats & Watch Live",SPORTS,Everyone,Sports,5000000.0,0.0,4.3,91031.0,Free
9184,"CBS Sports App - Scores, News, Stats & Watch Live",SPORTS,Everyone,Sports,5000000.0,0.0,4.3,91031.0,Free
9185,"CBS Sports App - Scores, News, Stats & Watch Live",SPORTS,Everyone,Sports,5000000.0,0.0,4.3,91031.0,Free
9186,"CBS Sports App - Scores, News, Stats & Watch Live",SPORTS,Everyone,Sports,5000000.0,0.0,4.3,91033.0,Free
9187,"CBS Sports App - Scores, News, Stats & Watch Live",SPORTS,Everyone,Sports,5000000.0,0.0,4.3,91033.0,Free
9188,"CBS Sports App - Scores, News, Stats & Watch Live",SPORTS,Everyone,Sports,5000000.0,0.0,4.3,91033.0,Free
9189,"CBS Sports App - Scores, News, Stats & Watch Live",SPORTS,Everyone,Sports,5000000.0,0.0,4.3,91035.0,Free
9190,CBS Sports Fantasy,SPORTS,Everyone,Sports,1000000.0,0.0,4.0,43611.0,Free
9191,CBS Sports Fantasy,SPORTS,Everyone,Sports,1000000.0,0.0,4.0,43611.0,Free
9192,CD JUANITO,SPORTS,Everyone,Sports,500.0,0.0,,6.0,Free
9193,CD Padel Mora,SPORTS,Everyone,Sports,50.0,0.0,,1.0,Free
9194,CG Smart,SPORTS,Everyone,Sports,100.0,0.0,,2.0,Free
9195,Championat,SPORTS,Everyone,Sports,1000000.0,0.0,4.3,36490.0,Free
9196,Cl-app!,SPORTS,Everyone,Sports,10000.0,0.0,,41.0,Free
9197,Cluster CF,SPORTS,Everyone,Sports,100.0,0.0,,10.0,Free
9198,Crazy Freekick,SPORTS,Everyone,Sports,5000000.0,0.0,3.9,47688.0,Free
9199,Cricbuzz - Live Cricket Scores & News,SPORTS,Everyone,Sports,50000000.0,0.0,4.5,838765.0,Free
9200,Cricbuzz - Live Cricket Scores & News,SPORTS,Everyone,Sports,50000000.0,0.0,4.5,838738.0,Free
9201,CricQuick,SPORTS,Everyone,Sports,50.0,0.0,5.0,17.0,Free
9202,Cristiano Ronaldo Wallpaper,SPORTS,Everyone,Sports,500000.0,0.0,4.6,1733.0,Free
9203,CX_WiFiUFO,SPORTS,Everyone,Sports,100000.0,0.0,3.7,818.0,Free
9204,Da Fit,SPORTS,Everyone,Sports,10000.0,0.0,3.5,1151.0,Free
9205,Deportivo Toluca FC,SPORTS,Everyone,Sports,50000.0,0.0,4.7,2317.0,Free
9206,DF Coaching,SPORTS,Everyone,Sports,100.0,0.0,4.0,1.0,Free
9207,Dive-Store.ch,SPORTS,Everyone,Sports,5.0,1.99,,0.0,Paid
9208,DK Live - Sports Play by Play,SPORTS,Everyone,Sports,100000.0,0.0,3.9,255.0,Free
9209,DK Pittsburgh Sports,SPORTS,Everyone,Sports,10000.0,0.0,4.1,556.0,Free
9210,DL Calculator,SPORTS,Everyone,Sports,10000.0,0.0,4.5,177.0,Free
9211,DM Tuning,SPORTS,Everyone,Sports,5000.0,0.0,3.3,64.0,Free
9212,Draft Simulator for FUT 18,SPORTS,Everyone,Sports,5000000.0,0.0,4.6,162933.0,Free
9213,DraftKings - Daily Fantasy Sports,SPORTS,Adults only 18+,Sports,1000000.0,0.0,4.5,50017.0,Free
9214,Dream League Soccer 2018,SPORTS,Everyone,Sports,100000000.0,0.0,4.6,9873470.0,Free
9215,DT Simple Interval Timer,SPORTS,Everyone,Sports,1000.0,0.0,4.1,10.0,Free
9216,Dude Perfect,SPORTS,Everyone,Sports,10000.0,0.0,4.5,97.0,Free
9217,E.F.JUVENTUD MADRID,SPORTS,Everyone,Sports,100.0,0.0,,3.0,Free
9218,EA SPORTS UFC®,SPORTS,Teen,Sports,50000000.0,0.0,4.5,2371338.0,Free
9219,EA SPORTS™ FIFA 18 Companion,SPORTS,Everyone,Sports,10000000.0,0.0,3.9,282727.0,Free
9220,EB-TV,SPORTS,Everyone,Sports,1000.0,0.0,,6.0,Free
9221,EC Games Datecs,SPORTS,Everyone,Sports,10000.0,0.0,,76.0,Free
9222,EC SPORTS,SPORTS,Everyone,Sports,10.0,0.0,5.0,1.0,Free
9223,EC-HRV test,SPORTS,Everyone,Sports,1000.0,0.0,3.0,9.0,Free
9224,EJ Elite Prospects League,SPORTS,Everyone,Sports,1000.0,0.0,3.3,3.0,Free
9225,ESPN,SPORTS,Everyone 10+,Sports,10000000.0,0.0,4.2,521138.0,Free
9226,ESPN,SPORTS,Everyone 10+,Sports,10000000.0,0.0,4.2,521138.0,Free
9227,ESPN,SPORTS,Everyone 10+,Sports,10000000.0,0.0,4.2,521138.0,Free
9228,ESPN,SPORTS,Everyone 10+,Sports,10000000.0,0.0,4.2,521140.0,Free
9229,ESPN,SPORTS,Everyone 10+,Sports,10000000.0,0.0,4.2,521140.0,Free
9230,ESPN,SPORTS,Everyone 10+,Sports,10000000.0,0.0,4.2,521140.0,Free
9231,ESPN,SPORTS,Everyone 10+,Sports,10000000.0,0.0,4.2,521081.0,Free
9232,ESPN Fantasy Sports,SPORTS,Everyone,Sports,5000000.0,0.0,4.0,176448.0,Free
9233,ESPN Fantasy Sports,SPORTS,Everyone,Sports,5000000.0,0.0,4.0,176448.0,Free
9234,ESPN Fantasy Sports,SPORTS,Everyone,Sports,5000000.0,0.0,4.0,176450.0,Free
9235,ESPN Fantasy Sports,SPORTS,Everyone,Sports,5000000.0,0.0,4.0,176487.0,Free
9236,Esporte Interativo - Notícias e Resultados Ao Vivo,SPORTS,Everyone,Sports,500000.0,0.0,4.4,4600.0,Free
9237,Esporte Interativo Plus,SPORTS,Everyone,Sports,1000000.0,0.0,3.7,27179.0,Free
9238,Eurosport,SPORTS,Everyone,Sports,10000000.0,0.0,4.0,121003.0,Free
9239,EY Football,SPORTS,Everyone,Sports,10.0,0.0,,0.0,Free
9240,FA Player Essentials,SPORTS,Everyone,Sports,100.0,0.0,5.0,7.0,Free
9241,Fan App for Portsmouth FC,SPORTS,Teen,Sports,1000.0,0.0,4.5,53.0,Free
9242,Fan App for Reading FC,SPORTS,Teen,Sports,500.0,0.0,3.6,9.0,Free
9243,FanDuel: Daily Fantasy Sports,SPORTS,Mature 17+,Sports,1000000.0,0.0,4.6,29673.0,Free
9244,Fantasy Football,SPORTS,Everyone,Sports,1000000.0,0.0,3.5,50179.0,Free
9245,Fantasy Football,SPORTS,Everyone,Sports,1000000.0,0.0,3.5,50179.0,Free
9246,Fantasy Football & NFL News,SPORTS,Everyone,Sports,100000.0,0.0,4.5,2943.0,Free
9247,Fantasy Football Manager (FPL),SPORTS,Everyone,Sports,1000000.0,0.0,4.4,63650.0,Free
9248,FC BARCELONA EVENTS,SPORTS,Everyone,Sports,100.0,0.0,4.3,6.0,Free
9249,FC Barcelona Fantasy Manager: Real football mobile,SPORTS,Everyone,Sports,1000000.0,0.0,4.4,15221.0,Free
9250,FC Barcelona Official App,SPORTS,Everyone,Sports,5000000.0,0.0,4.6,92522.0,Free
9251,FC Barcelona Official Keyboard,SPORTS,Everyone,Sports,500000.0,0.0,4.7,5229.0,Free
9252,FC Bayern Munich,SPORTS,Everyone,Sports,1000000.0,0.0,4.6,37140.0,Free
9253,FC Porto,SPORTS,Everyone,Sports,100000.0,0.0,4.9,15883.0,Free
9254,FC Red Bull Salzburg App,SPORTS,Everyone,Sports,50000.0,0.0,4.5,1526.0,Free
9255,FC Zenit official Android app,SPORTS,Everyone,Sports,100000.0,0.0,4.5,5675.0,Free
9256,Field Goal Tournament,SPORTS,Everyone,Sports,100000.0,0.0,3.7,2980.0,Free
9257,"FIFA - Tournaments, Soccer News & Live Scores",SPORTS,Everyone,Sports,10000000.0,0.0,4.2,342909.0,Free
9258,"FIFA - Tournaments, Soccer News & Live Scores",SPORTS,Everyone,Sports,10000000.0,0.0,4.2,342912.0,Free
9259,FIFA 16 Soccer,SPORTS,Everyone,Sports,10000000.0,0.0,4.1,820577.0,Free
9260,FIFA Soccer,SPORTS,Everyone,Sports,100000000.0,0.0,4.2,3909032.0,Free
9261,Fists For Fighting (Fx3),SPORTS,Teen,Sports,10000000.0,0.0,3.9,138739.0,Free
9262,Fit the Fat 2,SPORTS,Everyone,Sports,5000000.0,0.0,3.8,35746.0,Free
9263,FK Železiarne Podbrezová,SPORTS,Everyone,Sports,5.0,0.0,,0.0,Free
9264,FK Željezničar,SPORTS,Everyone,Sports,10000.0,0.0,4.9,1420.0,Free
9265,FK Čukarički,SPORTS,Everyone,Sports,10.0,0.0,,0.0,Free
9266,FK Atlantas,SPORTS,Everyone,Sports,5.0,0.0,1.5,2.0,Free
9267,FK Bregalnica Štip,SPORTS,Everyone,Sports,1.0,0.0,,0.0,Free
9268,FK Crvena zvezda,SPORTS,Everyone,Sports,10000.0,0.0,4.9,1211.0,Free
9269,FK Dedinje BGD,SPORTS,Everyone,Sports,100.0,0.0,5.0,36.0,Free
9270,FK Dukla Prague,SPORTS,Everyone,Sports,10.0,0.0,,0.0,Free
9271,FK Fotbal Třinec,SPORTS,Everyone,Sports,10.0,0.0,,0.0,Free
9272,FK Jablonec,SPORTS,Everyone,Sports,50.0,0.0,,2.0,Free
9273,FK Jelgava,SPORTS,Everyone,Sports,5.0,0.0,,0.0,Free
9274,FK Jonava,SPORTS,Everyone,Sports,5.0,0.0,,1.0,Free
9275,FK Liepaja,SPORTS,Everyone,Sports,100.0,0.0,,4.0,Free
9276,FK Macva Sabac,SPORTS,Everyone,Sports,10.0,0.0,,3.0,Free
9277,FK Mladá Boleslav,SPORTS,Everyone,Sports,10.0,0.0,,0.0,Free
9278,FK Mladost Lucani,SPORTS,Everyone,Sports,5.0,0.0,,0.0,Free
9279,FK Oleksandria,SPORTS,Everyone,Sports,10.0,0.0,,0.0,Free
9280,FK Rad,SPORTS,Everyone,Sports,10.0,0.0,,1.0,Free
9281,FK Radnicki Nis,SPORTS,Everyone,Sports,50.0,0.0,,1.0,Free
9282,FK Sūduva Marijampolė,SPORTS,Everyone,Sports,10.0,0.0,,2.0,Free
9283,FK Sarajevo,SPORTS,Everyone,Sports,100.0,0.0,,6.0,Free
9284,FK Senica,SPORTS,Everyone,Sports,10.0,0.0,,0.0,Free
9285,FK Sileks,SPORTS,Everyone,Sports,1.0,0.0,,0.0,Free
9286,FK Sloboda Tuzla,SPORTS,Everyone,Sports,10.0,0.0,,0.0,Free
9287,FK Spartak Subotica,SPORTS,Everyone,Sports,10.0,0.0,,0.0,Free
9288,FK Teplice,SPORTS,Everyone,Sports,50.0,0.0,,2.0,Free
9289,FK Utenis Utena,SPORTS,Everyone,Sports,5.0,0.0,,0.0,Free
9290,FK Vardar,SPORTS,Everyone,Sports,10.0,0.0,,2.0,Free
9291,FK Viktoria Žižkov,SPORTS,Everyone,Sports,10.0,0.0,,0.0,Free
9292,FK Vojvodina,SPORTS,Everyone,Sports,50.0,0.0,,5.0,Free
9293,FK Vozdovac,SPORTS,Everyone,Sports,10.0,0.0,,1.0,Free
9294,FK Zemun,SPORTS,Everyone,Sports,10.0,0.0,,3.0,Free
9295,FL Racing Manager 2015 Pro,SPORTS,Everyone,Sports,5000.0,0.99,4.4,656.0,Paid
9296,FL Racing Manager 2018 Lite,SPORTS,Everyone,Sports,100000.0,0.0,4.0,1338.0,Free
9297,FL Racing Manager 2018 Pro,SPORTS,Everyone,Sports,5000.0,1.99,4.3,340.0,Paid
9298,FL SW Fishing Regulations,SPORTS,Everyone,Sports,1000.0,1.99,4.6,60.0,Paid
9299,Florida State Gameday,SPORTS,Everyone,Sports,50000.0,0.0,4.7,1566.0,Free
9300,Fodbold DK Pro,SPORTS,Everyone,Sports,1000.0,2.99,4.6,315.0,Paid
9301,"Foot Mercato: transfers, results, news, live",SPORTS,Everyone,Sports,1000000.0,0.0,4.3,39878.0,Free
9302,Football Live Scores,SPORTS,Everyone,Sports,5000000.0,0.0,4.5,107724.0,Free
9303,Football Manager Mobile 2018,SPORTS,Everyone,Sports,100000.0,8.99,3.9,11460.0,Paid
9304,Formula DRIFT,SPORTS,Everyone,Sports,10000.0,0.0,4.6,169.0,Free
9305,FotMob - Live Soccer Scores,SPORTS,Everyone,Sports,10000000.0,0.0,4.7,410384.0,Free
9306,FotMob - Live Soccer Scores,SPORTS,Everyone,Sports,10000000.0,0.0,4.7,410395.0,Free
9307,"FOX Sports: Live Streaming, Scores & News",SPORTS,Teen,Sports,5000000.0,0.0,4.0,28895.0,Free
9308,"FOX Sports: Live Streaming, Scores & News",SPORTS,Teen,Sports,5000000.0,0.0,4.0,28895.0,Free
9309,FQ - Football Quiz,SPORTS,Everyone,Sports,1.0,0.0,,1.0,Free
9310,Free Sports TV,SPORTS,Everyone,Sports,100000.0,0.0,4.3,1802.0,Free
9311,Fulham FC,SPORTS,Everyone,Sports,10000.0,0.0,4.3,401.0,Free
9312,Futbol24,SPORTS,Everyone,Sports,1000000.0,0.0,4.3,31908.0,Free
9313,G-Force Driving Assistant,SPORTS,Everyone,Sports,100.0,3.88,4.6,10.0,Paid
9314,Goal Live Scores,SPORTS,Everyone,Sports,5000000.0,0.0,4.4,232423.0,Free
9315,Golf Channel,SPORTS,Everyone,Sports,1000000.0,0.0,4.1,19230.0,Free
9316,Golf GPS by SwingxSwing,SPORTS,Everyone,Sports,1000000.0,0.0,4.6,37167.0,Free
9317,Golf GPS Rangefinder: Golf Pad,SPORTS,Everyone,Sports,1000000.0,0.0,4.6,13098.0,Free
9318,GolfLogix GPS + Putt Breaks,SPORTS,Everyone,Sports,1000000.0,0.0,4.0,11085.0,Free
9319,"GolfNow: Tee Time Deals at Golf Courses, Golf GPS",SPORTS,Everyone,Sports,1000000.0,0.0,4.5,26102.0,Free
9320,Golfshot Plus: Golf GPS,SPORTS,Everyone,Sports,50000.0,29.99,4.1,3387.0,Paid
9321,Golfshot: Golf GPS + Tee Times,SPORTS,Everyone,Sports,500000.0,0.0,4.3,7543.0,Free
9322,Golfshot: Golf GPS + Tee Times,SPORTS,Everyone,Sports,500000.0,0.0,4.3,7543.0,Free
9323,GollerCepte 1903,SPORTS,Everyone,Sports,500000.0,0.0,4.7,25172.0,Free
9324,GollerCepte Live Score,SPORTS,Everyone,Sports,1000000.0,0.0,4.2,9992.0,Free
9325,Guia Bike DF,SPORTS,Everyone,Sports,100.0,0.0,,29.0,Free
9326,Hertfordshire FA,SPORTS,Everyone,Sports,500.0,0.0,,0.0,Free
9327,"Hole19: Golf GPS App, Rangefinder & Scorecard",SPORTS,Everyone,Sports,100000.0,0.0,4.4,6106.0,Free
9328,"Hole19: Golf GPS App, Rangefinder & Scorecard",SPORTS,Everyone,Sports,100000.0,0.0,4.4,6106.0,Free
9329,Hovercraft Racer,SPORTS,Everyone,Sports,100000.0,0.0,4.0,218.0,Free
9330,Hunt Buddy BC,SPORTS,Everyone,Sports,5000.0,2.99,4.4,172.0,Paid
9331,Hunting Safari 3D,SPORTS,Teen,Sports,5000000.0,0.0,4.2,36183.0,Free
9332,iFish BC,SPORTS,Everyone,Sports,1000.0,3.99,3.6,25.0,Paid
9333,iHunter BC,SPORTS,Everyone,Sports,1000.0,4.49,4.4,55.0,Paid
9334,I'm Ping Pong King :),SPORTS,Everyone,Sports,1000000.0,0.0,4.4,29864.0,Free
9335,Imperium CF,SPORTS,Everyone,Sports,500.0,0.0,,9.0,Free
9336,Jetting for Honda CR dirt bike,SPORTS,Everyone,Sports,100.0,3.49,4.1,7.0,Paid
9337,kicker football news,SPORTS,Everyone,Sports,5000000.0,0.0,4.3,56270.0,Free
9338,La Liga - Spanish Soccer League Official,SPORTS,Everyone,Sports,10000000.0,0.0,4.5,180938.0,Free
9339,Las Vegas Lights FC,SPORTS,Everyone,Sports,500.0,0.0,4.9,10.0,Free
9340,League of Gamers - Be an E-Sports Legend!,SPORTS,Everyone,Sports,5000000.0,0.0,4.5,68072.0,Free
9341,League18,SPORTS,Everyone,Sports,500000.0,0.0,4.3,14123.0,Free
9342,Leghe Fantagazzetta,SPORTS,Everyone,Sports,1000000.0,0.0,4.1,79464.0,Free
9343,LineStar For DK,SPORTS,Everyone,Sports,50000.0,0.0,4.3,1387.0,Free
9344,LineStar for FanDuel,SPORTS,Teen,Sports,50000.0,0.0,4.3,1539.0,Free
9345,Lionel Messi Wallpapers,SPORTS,Everyone,Sports,100000.0,0.0,4.7,950.0,Free
9346,Live Golf Scores - US & European Golf,SPORTS,Everyone 10+,Sports,50000.0,0.0,4.2,798.0,Free
9347,Live Tennis Rankings / LTR,SPORTS,Everyone,Sports,10000.0,0.0,4.8,1660.0,Free
9348,LiveScore: Live Sport Updates,SPORTS,Everyone,Sports,10000000.0,0.0,4.4,283662.0,Free
9349,LocaToWeb - Live GPS tracking,SPORTS,Everyone,Sports,1000.0,2.49,4.6,200.0,Paid
9350,Mackolik Live Results,SPORTS,Everyone,Sports,10000000.0,0.0,3.9,188834.0,Free
9351,MARCA - Diario Líder Deportivo,SPORTS,Everyone,Sports,5000000.0,0.0,3.9,76340.0,Free
9352,MARCA - Sports Leader Diary,SPORTS,Everyone,Sports,5000000.0,0.0,3.9,76346.0,Free
9353,MasterDT,SPORTS,Everyone,Sports,100.0,0.0,,24.0,Free
9354,Mercato foot by Maxifoot,SPORTS,Everyone,Sports,100000.0,0.0,4.4,697.0,Free
9355,Middlesbrough FC Official,SPORTS,Everyone,Sports,10000.0,0.0,4.5,152.0,Free
9356,Mike V: Skateboard Party PRO,SPORTS,Everyone,Sports,50000.0,3.99,4.2,2506.0,Paid
9357,MLB At Bat,SPORTS,Everyone,Sports,5000000.0,0.0,4.2,82882.0,Free
9358,MLB At Bat,SPORTS,Everyone,Sports,5000000.0,0.0,4.2,82882.0,Free
9359,MLB At Bat,SPORTS,Everyone,Sports,5000000.0,0.0,4.2,82883.0,Free
9360,MLB At Bat,SPORTS,Everyone,Sports,5000000.0,0.0,4.2,82883.0,Free
9361,MLB At Bat,SPORTS,Everyone,Sports,5000000.0,0.0,4.2,82857.0,Free
9362,MLB Ballpark,SPORTS,Everyone,Sports,1000000.0,0.0,3.9,5510.0,Free
9363,MLB Ballpark,SPORTS,Everyone,Sports,1000000.0,0.0,3.9,5511.0,Free
9364,MLB Perfect Inning 2018,SPORTS,Everyone,Sports,1000000.0,0.0,4.2,42767.0,Free
9365,Mobile FC,SPORTS,Everyone,Sports,100000.0,0.0,4.1,5015.0,Free
9366,Mobile Kick,SPORTS,Everyone,Sports,10000000.0,0.0,4.3,111809.0,Free
9367,Mobitee GPS Golf Free,SPORTS,Everyone,Sports,100000.0,0.0,4.2,1904.0,Free
9368,Monster Fishing 2018,SPORTS,Everyone,Sports,1000000.0,0.0,4.4,32881.0,Free
9369,MSN Sports - Scores & Schedule,SPORTS,Everyone,Sports,500000.0,0.0,4.5,35394.0,Free
9370,MUTV - Manchester United TV,SPORTS,Everyone,Sports,500000.0,0.0,4.4,4549.0,Free
9371,My AEK - Official ΑΕΚ FC app,SPORTS,Everyone,Sports,50000.0,0.0,4.8,3346.0,Free
9372,NASCAR MOBILE,SPORTS,Everyone,Sports,1000000.0,0.0,4.2,80900.0,Free
9373,NBA,SPORTS,Everyone,Sports,10000000.0,0.0,4.4,108318.0,Free
9374,NBA LIVE Mobile Basketball,SPORTS,Everyone,Sports,50000000.0,0.0,4.4,1690802.0,Free
9375,NBC Sports,SPORTS,Everyone,Sports,5000000.0,0.0,3.1,78442.0,Free
9376,NBC Sports Gold,SPORTS,Everyone,Sports,100000.0,0.0,2.9,3017.0,Free
9377,NCAA March Madness Live,SPORTS,Everyone,Sports,5000000.0,0.0,4.1,34123.0,Free
9378,NCAA Sports,SPORTS,Everyone,Sports,500000.0,0.0,3.9,4272.0,Free
9379,NFL,SPORTS,Everyone,Sports,50000000.0,0.0,4.1,459795.0,Free
9380,NFL,SPORTS,Everyone,Sports,50000000.0,0.0,4.1,459795.0,Free
9381,NFL,SPORTS,Everyone,Sports,50000000.0,0.0,4.1,459797.0,Free
9382,NHL,SPORTS,Everyone,Sports,5000000.0,0.0,4.0,68935.0,Free
9383,NUsport,SPORTS,Everyone,Sports,100000.0,0.0,3.3,1391.0,Free
9384,Onefootball - Soccer Scores,SPORTS,Everyone,Sports,10000000.0,0.0,4.7,911995.0,Free
9385,Online Soccer Manager (OSM),SPORTS,Everyone,Sports,10000000.0,0.0,4.5,1312936.0,Free
9386,O'Route Orienteering,SPORTS,Everyone,Sports,100.0,3.02,4.2,6.0,Paid
9387,Paraglider Dashboard,SPORTS,Everyone,Sports,50000.0,0.0,4.6,549.0,Free
9388,PBA® Bowling Challenge,SPORTS,Everyone,Sports,10000000.0,0.0,4.3,242096.0,Free
9389,PES 2018 PRO EVOLUTION SOCCER,SPORTS,Everyone,Sports,10000000.0,0.0,4.4,1721943.0,Free
9390,PES CLUB MANAGER,SPORTS,Everyone,Sports,10000000.0,0.0,4.4,783025.0,Free
9391,PGA TOUR,SPORTS,Everyone,Sports,1000000.0,0.0,4.0,11151.0,Free
9392,PGA TOUR,SPORTS,Everyone,Sports,1000000.0,0.0,4.0,11151.0,Free
9393,PGA TOUR LIVE,SPORTS,Everyone,Sports,100000.0,0.0,3.4,1845.0,Free
9394,Pool Billiards Classic - bi a,SPORTS,Everyone,Sports,1000000.0,0.0,3.9,5644.0,Free
9395,PORTABLE SOCCER DX,SPORTS,Everyone,Sports,5000.0,1.0,4.4,552.0,Paid
9396,PORTABLE SOCCER DX Lite,SPORTS,Everyone,Sports,1000000.0,0.0,4.2,15068.0,Free
9397,Portes du Soleil,SPORTS,Everyone,Sports,50000.0,0.0,3.1,500.0,Free
9398,Predator Calls for Hunting AU,SPORTS,Everyone,Sports,10000.0,0.0,4.4,27.0,Free
9399,Premier League - Official App,SPORTS,Everyone,Sports,5000000.0,0.0,4.3,63580.0,Free
9400,Premier League - Official App,SPORTS,Everyone,Sports,5000000.0,0.0,4.3,63782.0,Free
9401,Pro 2018 - Series A and B,SPORTS,Everyone,Sports,5000000.0,0.0,4.6,101455.0,Free
9402,Qarabağ FK,SPORTS,Everyone,Sports,100.0,0.0,,9.0,Free
9403,Range Master: Sniper Academy,SPORTS,Everyone,Sports,10000000.0,0.0,4.1,91935.0,Free
9404,Real Basketball,SPORTS,Everyone,Sports,10000000.0,0.0,4.5,1605267.0,Free
9405,Real Football,SPORTS,Everyone,Sports,10000000.0,0.0,4.1,585564.0,Free
9406,Real Madrid App,SPORTS,Everyone,Sports,5000000.0,0.0,4.6,161423.0,Free
9407,Rugby AU,SPORTS,Everyone,Sports,1000.0,0.0,2.7,17.0,Free
9408,Sahadan Live Scores,SPORTS,Everyone,Sports,5000000.0,0.0,3.9,63938.0,Free
9409,Santa Fe App,SPORTS,Everyone,Sports,5000.0,0.0,,196.0,Free
9410,Seattle Sounders FC,SPORTS,Everyone,Sports,10000.0,0.0,3.3,974.0,Free
9411,SK Bosnia Online EU Teplice,SPORTS,Everyone,Sports,5.0,0.0,,2.0,Free
9412,Soccer 2018,SPORTS,Everyone,Sports,10000000.0,0.0,3.5,172373.0,Free
9413,Soccer Board Tactics,SPORTS,Everyone,Sports,100000.0,0.0,4.1,6231.0,Free
9414,Soccer FC,SPORTS,Everyone,Sports,1000000.0,0.0,3.9,6289.0,Free
9415,Soccer Manager 2018,SPORTS,Everyone,Sports,1000000.0,0.0,4.4,63779.0,Free
9416,Soccer Star 2018 Top Leagues · MLS Soccer Games,SPORTS,Teen,Sports,10000000.0,0.0,4.6,652940.0,Free
9417,SofaScore Live Score,SPORTS,Everyone,Sports,10000000.0,0.0,4.8,221722.0,Free
9418,Speed Boat Racing,SPORTS,Everyone,Sports,1000000.0,0.0,4.0,2487.0,Free
9419,Sport.pl LIVE,SPORTS,Mature 17+,Sports,1000000.0,0.0,4.4,21733.0,Free
9420,Sporting CP Keyboard Theme,SPORTS,Everyone,Sports,5000.0,0.0,,45.0,Free
9421,Sports Alerts - NFL edition,SPORTS,Everyone,Sports,100000.0,0.0,4.6,11549.0,Free
9422,Sports Lite,SPORTS,Everyone,Sports,1000.0,0.0,4.4,16.0,Free
9423,SportsManias Fantasy Team News,SPORTS,Everyone,Sports,500000.0,0.0,3.5,4057.0,Free
9424,Strike! Ten Pin Bowling,SPORTS,Everyone,Sports,5000000.0,0.0,4.2,18584.0,Free
9425,SwingAid - Level up Golf,SPORTS,Everyone,Sports,100000.0,0.0,4.3,752.0,Free
9426,Sydney FC Official App,SPORTS,Everyone,Sports,5000.0,0.0,4.6,57.0,Free
9427,TeeTime.cz,SPORTS,Everyone,Sports,10000.0,0.0,4.6,1641.0,Free
9428,Telemundo Deportes - En Vivo,SPORTS,Everyone,Sports,1000000.0,0.0,4.5,36255.0,Free
9429,Telemundo Deportes - Live,SPORTS,Everyone,Sports,1000000.0,0.0,4.5,36255.0,Free
9430,Tennis 24 - tennis live scores,SPORTS,Everyone,Sports,100000.0,0.0,4.6,990.0,Free
9431,Tennis Champion 3D - Online Sports Game,SPORTS,Everyone,Sports,5000000.0,0.0,4.0,170973.0,Free
9432,Tennis Livescore Widget,SPORTS,Everyone,Sports,50000.0,0.0,4.1,361.0,Free
9433,Tennis News and Scores,SPORTS,Everyone,Sports,10000.0,0.0,4.3,101.0,Free
9434,Tennis Temple - Live Scores,SPORTS,Everyone,Sports,100000.0,0.0,4.6,5305.0,Free
9435,The 5th Stand,SPORTS,Everyone,Sports,100000.0,0.0,4.8,1664.0,Free
9436,The 5th Stand,SPORTS,Everyone,Sports,100000.0,0.0,4.8,1697.0,Free
9437,"The Championships, Wimbledon 2018",SPORTS,Everyone,Sports,1000000.0,0.0,4.3,24082.0,Free
9438,The J-Notes: Jazz News,SPORTS,Everyone 10+,Sports,1000.0,0.0,,7.0,Free
9439,The Rules of Golf,SPORTS,Everyone,Sports,100000.0,0.0,4.3,926.0,Free
9440,"The Team - Live Sport: football, tennis, rugby ..",SPORTS,Everyone,Sports,5000000.0,0.0,4.2,112725.0,Free
9441,theScore esports,SPORTS,Everyone 10+,Sports,500000.0,0.0,4.5,16257.0,Free
9442,"theScore: Live Sports Scores, News, Stats & Videos",SPORTS,Everyone 10+,Sports,10000000.0,0.0,4.4,133825.0,Free
9443,"theScore: Live Sports Scores, News, Stats & Videos",SPORTS,Everyone 10+,Sports,10000000.0,0.0,4.4,133825.0,Free
9444,"theScore: Live Sports Scores, News, Stats & Videos",SPORTS,Everyone 10+,Sports,10000000.0,0.0,4.4,133833.0,Free
9445,"theScore: Live Sports Scores, News, Stats & Videos",SPORTS,Everyone 10+,Sports,10000000.0,0.0,4.4,133833.0,Free
9446,"theScore: Live Sports Scores, News, Stats & Videos",SPORTS,Everyone 10+,Sports,10000000.0,0.0,4.4,133833.0,Free
9447,Thuuz Sports,SPORTS,Everyone,Sports,500000.0,0.0,4.5,5517.0,Free
9448,Top #5 Bσσkie in AU,SPORTS,Everyone,Sports,100.0,0.0,,0.0,Free
9449,Top Eleven 2018 - Be a Soccer Manager,SPORTS,Everyone,Sports,50000000.0,0.0,4.4,3451011.0,Free
9450,Top Mercato: football news,SPORTS,Everyone,Sports,1000000.0,0.0,4.3,16016.0,Free
9451,Top Soccer Manager,SPORTS,Everyone,Sports,10000000.0,0.0,4.4,199739.0,Free
9452,Toronto FC,SPORTS,Teen,Sports,10000.0,0.0,3.4,144.0,Free
9453,True Skate,SPORTS,Everyone,Sports,1000000.0,1.99,4.4,129409.0,Paid
9454,U + professional baseball,SPORTS,Everyone,Sports,500000.0,0.0,4.3,2486.0,Free
9455,UFC,SPORTS,Teen,Sports,1000000.0,0.0,4.0,30840.0,Free
9456,UFC,SPORTS,Teen,Sports,1000000.0,0.0,4.0,30840.0,Free
9457,Ultimate Tennis,SPORTS,Everyone,Sports,10000000.0,0.0,4.3,183004.0,Free
9458,Ultra CE calculator,SPORTS,Everyone,Sports,1000.0,0.0,4.2,28.0,Free
9459,Underdog FC,SPORTS,Everyone,Sports,10000.0,0.0,4.6,216.0,Free
9460,"Univision Deportes: Liga MX, MLS, Fútbol En Vivo",SPORTS,Everyone,Sports,5000000.0,0.0,4.2,75566.0,Free
9461,"Univision Deportes: Liga MX, MLS, Fútbol Live",SPORTS,Everyone,Sports,5000000.0,0.0,4.2,75545.0,Free
9462,US Open Tennis Championships 2018,SPORTS,Everyone,Sports,1000000.0,0.0,4.0,9971.0,Free
9463,US Open Tennis Championships 2018,SPORTS,Everyone,Sports,1000000.0,0.0,4.0,9971.0,Free
9464,WatchESPN,SPORTS,Everyone,Sports,10000000.0,0.0,4.1,288809.0,Free
9465,WatchESPN,SPORTS,Everyone,Sports,10000000.0,0.0,4.1,288809.0,Free
9466,WatchESPN,SPORTS,Everyone,Sports,10000000.0,0.0,4.1,288809.0,Free
9467,WatchESPN,SPORTS,Everyone,Sports,10000000.0,0.0,4.1,288809.0,Free
9468,WGT Golf Game by Topgolf,SPORTS,Everyone,Sports,10000000.0,0.0,4.3,148083.0,Free
9469,WiFi Action Camera,SPORTS,Everyone,Sports,100000.0,0.0,2.4,551.0,Free
9470,World Cup 2018,SPORTS,Teen,Sports,500000.0,0.0,4.6,4011.0,Free
9471,Wrestling Revolution 3D,SPORTS,Teen,Sports,50000000.0,0.0,4.3,989344.0,Free
9472,Yahoo Fantasy Sports - #1 Rated Fantasy App,SPORTS,Mature 17+,Sports,5000000.0,0.0,4.2,277902.0,Free
9473,Yahoo Fantasy Sports - #1 Rated Fantasy App,SPORTS,Mature 17+,Sports,5000000.0,0.0,4.2,277900.0,Free
9474,Yahoo Fantasy Sports - #1 Rated Fantasy App,SPORTS,Mature 17+,Sports,5000000.0,0.0,4.2,277904.0,Free
9475,Yahoo Fantasy Sports - #1 Rated Fantasy App,SPORTS,Mature 17+,Sports,5000000.0,0.0,4.2,277904.0,Free
9476,Yahoo Fantasy Sports - #1 Rated Fantasy App,SPORTS,Mature 17+,Sports,5000000.0,0.0,4.2,277939.0,Free
9477,"Yahoo Sports - scores, stats, news, & highlights",SPORTS,Everyone,Sports,1000000.0,0.0,4.5,32386.0,Free
9478,"Yahoo Sports - scores, stats, news, & highlights",SPORTS,Everyone,Sports,1000000.0,0.0,4.5,32386.0,Free
9479,"Yahoo Sports - scores, stats, news, & highlights",SPORTS,Everyone,Sports,1000000.0,0.0,4.5,32386.0,Free
9480,Yoong: Kick 'Em Up!,SPORTS,Everyone,Sports,100000.0,0.0,4.3,7107.0,Free
9481,Zepp Golf Swing Analyzer,SPORTS,Everyone,Sports,100000.0,0.0,4.4,2020.0,Free
9482,.R,TOOLS,Everyone,Tools,10000.0,0.0,4.5,259.0,Free
9483,[root] Pry-Fi,TOOLS,Everyone,Tools,500000.0,0.0,3.9,6736.0,Free
9484,[ROOT] X Privacy Installer,TOOLS,Everyone,Tools,1000000.0,0.0,4.2,12147.0,Free
9485,2019 Tricks Es File Explores,TOOLS,Everyone,Tools,1000.0,0.0,3.0,4.0,Free
9486,25WPM Amateur ham radio Koch CW Morse code trainer,TOOLS,Everyone,Tools,10.0,1.49,,0.0,Paid
9487,"360 Security - Free Antivirus, Booster, Cleaner",TOOLS,Everyone,Tools,100000000.0,0.0,4.6,16771865.0,Free
9488,360-M Flight,TOOLS,Everyone,Tools,10000.0,0.0,3.9,84.0,Free
9489,3G to 4G Converter - Simulator,TOOLS,Everyone,Tools,10000.0,0.0,4.2,268.0,Free
9490,3G/4G Config Dz,TOOLS,Everyone,Tools,100000.0,0.0,4.2,2058.0,Free
9491,A. O. Smith,TOOLS,Everyone,Tools,10000.0,0.0,4.2,32.0,Free
9492,A/C Air Conditioner Remote,TOOLS,Everyone,Tools,1000000.0,0.0,3.4,7816.0,Free
9493,A/C Universal Remote Control,TOOLS,Everyone,Tools,1000000.0,0.0,3.1,3263.0,Free
9494,AB Screen Recorder,TOOLS,Everyone,Tools,10000.0,0.0,4.2,533.0,Free
9495,ABTO CY-ET1,TOOLS,Everyone,Tools,100.0,0.0,,1.0,Free
9496,"AC & TV, DVD, Set Top Box - Remote control IR",TOOLS,Everyone,Tools,1000000.0,0.0,3.6,3632.0,Free
9497,AC Remote Control,TOOLS,Everyone,Tools,100000.0,0.0,3.3,472.0,Free
9498,Ac remote control,TOOLS,Everyone,Tools,50000.0,0.0,3.7,822.0,Free
9499,ac remote control,TOOLS,Everyone,Tools,500000.0,0.0,3.7,9514.0,Free
9500,AC remote control mobile,TOOLS,Everyone,Tools,100000.0,0.0,3.9,3043.0,Free
9501,AC Remote for Carrier - NOW FREE,TOOLS,Everyone,Tools,10000.0,0.0,3.7,163.0,Free
9502,AC Remote for Daikin - NOW FREE,TOOLS,Everyone,Tools,50000.0,0.0,3.5,383.0,Free
9503,AC Remote for Haier - NOW FREE,TOOLS,Everyone,Tools,50000.0,0.0,3.9,336.0,Free
9504,AC Remote For LG,TOOLS,Everyone,Tools,100000.0,0.0,3.0,1298.0,Free
9505,AC Remote for LG - NOW FREE,TOOLS,Everyone,Tools,100000.0,0.0,3.7,1041.0,Free
9506,AC Remote for Midea - NOW FREE,TOOLS,Everyone,Tools,100000.0,0.0,4.0,448.0,Free
9507,AC Remote for O General - NOW FREE,TOOLS,Everyone,Tools,50000.0,0.0,3.7,274.0,Free
9508,AC Remote for Samsung - NOW FREE,TOOLS,Everyone,Tools,100000.0,0.0,3.7,566.0,Free
9509,AC Remote for Sharp - NOW FREE,TOOLS,Everyone,Tools,50000.0,0.0,3.7,332.0,Free
9510,AC Troubleshooter,TOOLS,Everyone,Tools,10000.0,0.0,4.7,147.0,Free
9511,AC WIFI,TOOLS,Everyone,Tools,10000.0,0.0,3.6,41.0,Free
9512,Access Point Browser,TOOLS,Everyone,Tools,1000.0,0.0,4.2,25.0,Free
9513,Access Point Proximity,TOOLS,Everyone,Tools,1000.0,0.0,,5.0,Free
9514,Account Manager,TOOLS,Everyone,Tools,100000000.0,0.0,4.1,76604.0,Free
9515,Ace Screen Recorder w facecam,TOOLS,Everyone,Tools,100000.0,0.0,4.2,2447.0,Free
9516,Ad Block REMOVER - NEED ROOT,TOOLS,Everyone,Tools,100000.0,0.0,3.3,999.0,Free
9517,Ad Detector,TOOLS,Everyone,Tools,50000.0,0.0,3.8,208.0,Free
9518,AdClear Ad blocker for Samsung,TOOLS,Everyone,Tools,500000.0,0.0,4.2,1586.0,Free
9519,Adguard Content Blocker,TOOLS,Everyone,Tools,1000000.0,0.0,4.1,14491.0,Free
9520,ADS-B Driver,TOOLS,Everyone,Tools,100.0,1.99,5.0,2.0,Paid
9521,Advanced Download Manager,TOOLS,Everyone,Tools,10000000.0,0.0,4.5,569727.0,Free
9522,Advanced Download Manager Holo,TOOLS,Everyone,Tools,1000000.0,0.0,4.4,16192.0,Free
9523,Advanced Download Manager Pro,TOOLS,Everyone,Tools,50000.0,2.99,4.7,6505.0,Paid
9524,Advanced EX for FIAT,TOOLS,Everyone,Tools,5000.0,4.99,3.5,138.0,Paid
9525,Advanced EX for HYUNDAI,TOOLS,Everyone,Tools,5000.0,4.99,2.7,168.0,Paid
9526,Advanced EX for KIA,TOOLS,Everyone,Tools,5000.0,4.99,3.3,257.0,Paid
9527,Advanced EX for MITSUBISHI,TOOLS,Everyone,Tools,1000.0,4.99,2.9,33.0,Paid
9528,Advanced EX for NISSAN,TOOLS,Everyone,Tools,5000.0,4.99,2.9,164.0,Paid
9529,Advanced EX for RENAULT,TOOLS,Everyone,Tools,5000.0,4.99,2.8,130.0,Paid
9530,AE Manager,TOOLS,Everyone,Tools,100.0,0.0,,0.0,Free
9531,AE Order,TOOLS,Everyone,Tools,1000.0,0.0,4.1,19.0,Free
9532,AG Screen Recorder,TOOLS,Everyone,Tools,1000.0,0.0,3.7,7.0,Free
9533,AG test,TOOLS,Everyone,Tools,100.0,0.0,,3.0,Free
9534,Ag Tools,TOOLS,Everyone,Tools,1000.0,0.0,,2.0,Free
9535,AG Track,TOOLS,Everyone,Tools,100.0,0.0,4.1,12.0,Free
9536,Age Calculator,TOOLS,Everyone,Tools,1000000.0,0.0,4.4,24265.0,Free
9537,AH Alarm Panel,TOOLS,Everyone,Tools,100.0,4.99,3.9,7.0,Paid
9538,AI Benchmark,TOOLS,Everyone,Tools,5000.0,0.0,4.0,97.0,Free
9539,Ai File Viewer,TOOLS,Everyone,Tools,10000.0,0.0,4.0,66.0,Free
9540,ai.type keyboard Plus + Emoji,TOOLS,Everyone,Tools,100000.0,4.49,4.5,57076.0,Paid
9541,Air conditioner remote control,TOOLS,Everyone,Tools,1000000.0,0.0,3.4,29854.0,Free
9542,AK Booster,TOOLS,Everyone,Tools,10000.0,0.0,3.8,71.0,Free
9543,AK47 Assault Rifle,TOOLS,Everyone,Tools,10000.0,0.0,3.9,54.0,Free
9544,AKASO DV,TOOLS,Everyone,Tools,10000.0,0.0,2.4,99.0,Free
9545,Alarm Clock,TOOLS,Everyone,Tools,5000000.0,0.0,4.3,114788.0,Free
9546,Alarm Clock Free,TOOLS,Everyone,Tools,10000000.0,0.0,4.0,59973.0,Free
9547,Alex Fuel Calculator for EK,TOOLS,Everyone,Tools,500.0,0.0,4.9,19.0,Free
9548,All Language Translator,TOOLS,Everyone,Tools,5000000.0,0.0,4.0,29944.0,Free
9549,Analog and Digital Clock AW-7,TOOLS,Everyone,Tools,50000.0,0.0,4.0,202.0,Free
9550,Analog and Digital Clock AW-7PRO,TOOLS,Everyone,Tools,100.0,1.99,,4.0,Paid
9551,Analog Clock AW Plus-7,TOOLS,Everyone,Tools,100000.0,0.0,4.2,725.0,Free
9552,Analog Clock AW-7,TOOLS,Everyone,Tools,100000.0,0.0,4.3,2158.0,Free
9553,Analog Clock AW-7 PRO,TOOLS,Everyone,Tools,1000.0,1.99,3.3,40.0,Paid
9554,Android P Launcher 9.0 launcher,TOOLS,Everyone,Tools,10000.0,0.0,4.0,164.0,Free
9555,Android P Rotation,TOOLS,Everyone,Tools,10000.0,0.0,4.5,502.0,Free
9556,Android TV Remote Service,TOOLS,Everyone,Tools,1000000.0,0.0,,1.0,Free
9557,Antenna Tool,TOOLS,Everyone,Tools,50000.0,0.0,4.2,522.0,Free
9558,Antenna Tool Premium,TOOLS,Everyone,Tools,500.0,0.99,4.5,14.0,Paid
9559,Anti Adware,TOOLS,Everyone,Tools,1000000.0,0.0,3.9,18751.0,Free
9560,Antivirus & Mobile Security,TOOLS,Everyone,Tools,10000000.0,0.0,4.6,351267.0,Free
9561,Anti-virus Dr.Web Light,TOOLS,Everyone,Tools,100000000.0,0.0,4.5,1094094.0,Free
9562,AP Installer,TOOLS,Everyone,Tools,5000.0,0.0,4.5,23.0,Free
9563,AP Manager,TOOLS,Everyone,Tools,10000.0,0.0,4.0,177.0,Free
9564,Ap Video Downloader for fb New 2018,TOOLS,Everyone,Tools,100000.0,0.0,4.2,676.0,Free
9565,"ap,wifi testing,iperf,ping,android,Bluetooth,tcp",TOOLS,Everyone,Tools,10.0,2.99,4.7,3.0,Paid
9566,APN Settings,TOOLS,Everyone,Tools,1000000.0,0.0,3.7,3743.0,Free
9567,"App Lock: Locker w/ fingerprint, Parental Control",TOOLS,Everyone,Tools,1000000.0,0.0,4.5,37607.0,Free
9568,App vault,TOOLS,Everyone,Tools,10000000.0,0.0,3.4,25094.0,Free
9569,AppBrain Ad Detector,TOOLS,Everyone,Tools,1000000.0,0.0,3.7,9221.0,Free
9570,AppFinder by AppTap,TOOLS,Everyone,Tools,5000000.0,0.0,2.0,2221.0,Free
9571,Applock,TOOLS,Everyone,Tools,100000000.0,0.0,4.4,4934130.0,Free
9572,AppLock,TOOLS,Everyone,Tools,100000000.0,0.0,4.4,4931562.0,Free
9573,AppLock - Fingerprint,TOOLS,Everyone,Tools,10000000.0,0.0,4.4,745245.0,Free
9574,AppLock - Fingerprint Unlock,TOOLS,Everyone,Tools,5000000.0,0.0,4.5,112482.0,Free
9575,Apps Ads Detector,TOOLS,Everyone,Tools,100000.0,0.0,3.5,315.0,Free
9576,APUS File Manager (Explorer),TOOLS,Everyone,Tools,50000000.0,0.0,4.1,498894.0,Free
9577,AQ SMS Notify,TOOLS,Everyone,Tools,10.0,0.0,,0.0,Free
9578,AQ wisdom +,TOOLS,Everyone,Tools,100.0,0.0,,0.0,Free
9579,"ARuler - AR Ruler app, Measure tools",TOOLS,Everyone,Tools,100000.0,0.0,4.3,1602.0,Free
9580,ASUS Sound Recorder,TOOLS,Everyone,Tools,10000000.0,0.0,4.5,34126.0,Free
9581,AT&T FamilyMap®,TOOLS,Everyone,Tools,10000000.0,0.0,3.5,21592.0,Free
9582,AT&T Smart Wi-Fi,TOOLS,Everyone,Tools,10000000.0,0.0,3.9,18513.0,Free
9583,Authy 2-Factor Authentication,TOOLS,Everyone,Tools,1000000.0,0.0,4.3,15070.0,Free
9584,Automagic * Automation,TOOLS,Everyone,Tools,10000.0,3.9,4.7,1947.0,Paid
9585,Automatic Call Recorder,TOOLS,Everyone,Tools,100000000.0,0.0,4.3,1648515.0,Free
9586,Autool BT-BOX,TOOLS,Everyone,Tools,500.0,0.0,3.5,4.0,Free
9587,AV Tools,TOOLS,Everyone,Tools,100000.0,0.0,4.4,631.0,Free
9588,AV Tools Pro,TOOLS,Everyone,Tools,1000.0,2.49,4.3,35.0,Paid
9589,"Avast Cleanup & Boost, Phone Cleaner, Optimizer",TOOLS,Everyone,Tools,10000000.0,0.0,4.5,648380.0,Free
9590,Avast Mobile Security 2018 - Antivirus & App Lock,TOOLS,Everyone,Tools,100000000.0,0.0,4.5,5180480.0,Free
9591,AVG AntiVirus 2018 for Android Security,TOOLS,Everyone,Tools,100000000.0,0.0,4.5,6207063.0,Free
9592,AW Browser with Chrome Custom Tabs,TOOLS,Everyone,Tools,500.0,0.0,4.0,9.0,Free
9593,AW CAMERA,TOOLS,Everyone,Tools,100.0,0.0,,2.0,Free
9594,AX Window,TOOLS,Everyone,Tools,5.0,0.0,,0.0,Free
9595,AX-PIC Pedidos,TOOLS,Everyone,Tools,1000.0,0.0,,1.0,Free
9596,Axxess AX-DSP,TOOLS,Everyone,Tools,5000.0,0.0,3.5,17.0,Free
9597,Axxess Updater,TOOLS,Everyone,Tools,10000.0,0.0,3.9,56.0,Free
9598,"AY Recorder - Screen Recorder, Live, Video Editor",TOOLS,Everyone,Tools,500.0,0.0,4.3,12.0,Free
9599,Ay Yıldız Keyboard,TOOLS,Everyone,Tools,1000.0,0.0,,26.0,Free
9600,AZ PLAYER HD,TOOLS,Everyone,Tools,10000.0,0.0,3.2,24.0,Free
9601,AZ REMOTE CONTROL,TOOLS,Everyone,Tools,50000.0,0.0,2.1,149.0,Free
9602,AZ Screen Recorder pro,TOOLS,Everyone,Tools,5000.0,0.0,4.0,60.0,Free
9603,Barry EC,TOOLS,Everyone,Tools,1000.0,0.0,4.1,14.0,Free
9604,BatControl Pro,TOOLS,Everyone,Tools,500.0,3.99,4.9,83.0,Paid
9605,Battery Calibration,TOOLS,Everyone,Tools,5000000.0,0.0,4.4,134412.0,Free
9606,Battery Doctor-Battery Life Saver & Battery Cooler,TOOLS,Everyone,Tools,100000000.0,0.0,4.5,8190074.0,Free
9607,Battery HD Pro,TOOLS,Everyone,Tools,100000.0,3.99,4.7,17861.0,Paid
9608,Battery Notifier BT Free,TOOLS,Everyone,Tools,1000000.0,0.0,4.5,21979.0,Free
9609,Battery Notifier Pro BT,TOOLS,Everyone,Tools,10000.0,2.59,4.7,1363.0,Paid
9610,Battle Result Predictor for CR,TOOLS,Everyone,Tools,1000000.0,0.0,4.2,7063.0,Free
9611,B-BLE(BLE4.0 Scan),TOOLS,Everyone,Tools,10000.0,0.0,3.8,159.0,Free
9612,BC Wildfire,TOOLS,Everyone,Tools,5000.0,0.0,3.3,27.0,Free
9613,BD tools,TOOLS,Everyone,Tools,10000.0,0.0,4.0,21.0,Free
9614,BF-Calc,TOOLS,Everyone,Tools,100000.0,0.0,3.9,428.0,Free
9615,BG Advisor™,TOOLS,Everyone,Tools,1000.0,0.0,4.4,7.0,Free
9616,BG Remover & Eraser Pro,TOOLS,Everyone,Tools,500.0,0.0,2.2,4.0,Free
9617,Bg+ Call Blocker,TOOLS,Everyone,Tools,10000.0,0.0,4.3,80.0,Free
9618,BG-FLEET,TOOLS,Everyone,Tools,10.0,0.0,,0.0,Free
9619,Bhunaksha CG,TOOLS,Everyone,Tools,10000.0,0.0,4.1,67.0,Free
9620,bi-Cube Mobile Token,TOOLS,Everyone,Tools,1000.0,0.0,,5.0,Free
9621,Bihar Land Records - RoR and EB Quick Pay,TOOLS,Everyone,Tools,1000.0,0.0,4.0,8.0,Free
9622,Bitdefender Antivirus Free,TOOLS,Everyone,Tools,1000000.0,0.0,4.5,78629.0,Free
9623,Bixby Button Remapper - bxActions,TOOLS,Everyone,Tools,1000000.0,0.0,4.3,13064.0,Free
9624,Bixby Button Remapper - bxActions Pro / Coffee,TOOLS,Everyone,Tools,10000.0,2.99,3.9,319.0,Paid
9625,BK Formula Calculator,TOOLS,Everyone,Tools,100.0,0.0,5.0,6.0,Free
9626,BK Formula Calculator 2,TOOLS,Everyone,Tools,100.0,0.0,,4.0,Free
9627,BL File Explorer,TOOLS,Everyone,Tools,50.0,1.99,,1.0,Paid
9628,BL IP-Camera,TOOLS,Everyone,Tools,100.0,3.99,4.3,15.0,Paid
9629,BL PowerPoint Remote,TOOLS,Everyone,Tools,500.0,3.99,4.3,33.0,Paid
9630,Bluetooth Control BT->uC FREE,TOOLS,Everyone,Tools,10000.0,0.0,3.8,67.0,Free
9631,Bluetooth Pair,TOOLS,Everyone,Tools,1000000.0,0.0,3.5,1960.0,Free
9632,BM Online OEC Verification,TOOLS,Everyone,Tools,100000.0,0.0,4.1,783.0,Free
9633,BM speed test,TOOLS,Everyone,Tools,10.0,0.0,5.0,1.0,Free
9634,Bowers & Wilkins DB Subwoofers,TOOLS,Everyone,Tools,10000.0,0.0,3.9,21.0,Free
9635,BP Assist,TOOLS,Everyone,Tools,100.0,0.0,,0.0,Free
9636,BQ Scan,TOOLS,Everyone,Tools,100.0,0.0,4.6,18.0,Free
9637,BQ Scanner,TOOLS,Everyone,Tools,100.0,0.0,3.0,2.0,Free
9638,BQ Services,TOOLS,Everyone,Tools,1000000.0,0.0,3.7,5004.0,Free
9639,Bridge-C - Get More Storage,TOOLS,Everyone,Tools,1000.0,0.0,2.0,24.0,Free
9640,Brightest Flashlight - LED Light,TOOLS,Everyone,Tools,50000000.0,0.0,4.5,876866.0,Free
9641,Brightest Flashlight Free ®,TOOLS,Everyone,Tools,50000000.0,0.0,4.7,1335799.0,Free
9642,Brightest LED Flashlight,TOOLS,Everyone,Tools,5000000.0,0.0,4.5,60571.0,Free
9643,BRL AG,TOOLS,Everyone,Tools,100.0,0.0,,0.0,Free
9644,BS Battery+,TOOLS,Everyone,Tools,50000.0,0.0,4.3,269.0,Free
9645,BS Match Maker Premium,TOOLS,Everyone,Tools,10.0,0.99,,3.0,Paid
9646,BS TRACK CLIENT,TOOLS,Everyone,Tools,10.0,0.0,,0.0,Free
9647,BS Where Am I,TOOLS,Everyone,Tools,50.0,0.0,,9.0,Free
9648,BT Controller,TOOLS,Everyone,Tools,1000000.0,0.0,3.9,4374.0,Free
9649,BT Notifier,TOOLS,Everyone,Tools,1000000.0,0.0,2.5,2794.0,Free
9650,Bt Notifier -Smartwatch notice,TOOLS,Everyone,Tools,500000.0,0.0,2.8,632.0,Free
9651,BT Position Sender - Bluetooth Position Sender,TOOLS,Everyone,Tools,10.0,0.0,,0.0,Free
9652,BT Remote (SPP) for Bluetooth,TOOLS,Everyone,Tools,10000.0,0.0,4.1,36.0,Free
9653,BT Satmeter,TOOLS,Everyone,Tools,100.0,0.0,,0.0,Free
9654,BTNotification,TOOLS,Everyone,Tools,5000000.0,0.0,3.9,15665.0,Free
9655,Bubble,TOOLS,Everyone,Tools,5000000.0,0.0,4.5,31621.0,Free
9656,BusyBox Pro,TOOLS,Everyone,Tools,100000.0,2.49,4.7,8114.0,Paid
9657,BW Smart,TOOLS,Everyone,Tools,5000.0,0.0,3.7,50.0,Free
9658,BW SmartLife,TOOLS,Everyone,Tools,100.0,0.0,,0.0,Free
9659,Bx Access 4d,TOOLS,Everyone,Tools,100.0,0.0,,1.0,Free
9660,BZ Conferencing,TOOLS,Everyone,Tools,1000.0,0.0,4.7,7.0,Free
9661,CA Auth ID,TOOLS,Teen,Tools,10000.0,0.0,3.8,39.0,Free
9662,CA DMV,TOOLS,Everyone,Tools,1000000.0,0.0,4.2,5463.0,Free
9663,CA Mobile OTP,TOOLS,Everyone,Tools,100000.0,0.0,3.3,688.0,Free
9664,CABLE SIZE CALCULATOR BS 7671,TOOLS,Everyone,Tools,100000.0,0.0,3.9,333.0,Free
9665,Cache Cleaner-DU Speed Booster (booster & cleaner),TOOLS,Everyone,Tools,100000000.0,0.0,4.5,12759663.0,Free
9666,Cache Cleaner-DU Speed Booster (booster & cleaner),TOOLS,Everyone,Tools,100000000.0,0.0,4.5,12759815.0,Free
9667,CALCU™ Stylish Calculator Free,TOOLS,Everyone,Tools,5000000.0,0.0,4.7,152692.0,Free
9668,Calculator,TOOLS,Everyone,Tools,100000000.0,0.0,4.3,40770.0,Free
9669,"Calculator - free calculator ,multi calculator app",TOOLS,Everyone,Tools,100000.0,0.0,4.4,1236.0,Free
9670,"Calculator - free calculator, multi calculator app",TOOLS,Everyone,Tools,10000000.0,0.0,4.6,25592.0,Free
9671,Calculator ++,TOOLS,Everyone,Tools,1000000.0,0.0,4.6,33509.0,Free
9672,Calculator CM,TOOLS,Everyone,Tools,500.0,0.0,4.4,8.0,Free
9673,Calculator Fn,TOOLS,Everyone,Tools,500.0,0.0,,9.0,Free
9674,Calculator Plus Free,TOOLS,Everyone,Tools,10000000.0,0.0,4.6,679912.0,Free
9675,Calculator with Percent (Free),TOOLS,Everyone,Tools,1000000.0,0.0,4.8,48211.0,Free
9676,Calcy IV,TOOLS,Everyone,Tools,1000000.0,0.0,4.8,36557.0,Free
9677,Car G-Force Meter,TOOLS,Everyone,Tools,10000.0,0.0,4.2,184.0,Free
9678,Card Creator for CR,TOOLS,Everyone,Tools,10000000.0,0.0,4.4,117850.0,Free
9679,Carrier Air Conditioner,TOOLS,Everyone,Tools,100000.0,0.0,2.5,362.0,Free
9680,Cathy AH,TOOLS,Everyone,Tools,1.0,0.0,,0.0,Free
9681,CB Frequencies,TOOLS,Everyone,Tools,100.0,0.99,4.0,5.0,Paid
9682,CB Frequencies FREE!,TOOLS,Everyone,Tools,100000.0,0.0,3.1,364.0,Free
9683,CB SMART LIFE,TOOLS,Everyone,Tools,500.0,0.0,,30.0,Free
9684,CB SmartCAR Monitor,TOOLS,Everyone,Tools,10.0,0.0,,1.0,Free
9685,CBRadioTab,TOOLS,Everyone,Tools,50000.0,0.0,3.9,127.0,Free
9686,CCleaner,TOOLS,Everyone,Tools,50000000.0,0.0,4.4,885187.0,Free
9687,CD View,TOOLS,Everyone,Tools,500.0,0.0,,0.0,Free
9688,CD View Lite,TOOLS,Everyone,Tools,100.0,0.0,,2.0,Free
9689,CE on the go,TOOLS,Everyone,Tools,10000.0,0.0,4.4,79.0,Free
9690,CE Smart,TOOLS,Everyone,Tools,100.0,0.0,5.0,3.0,Free
9691,Ceasa CE,TOOLS,Everyone,Tools,50.0,0.0,,0.0,Free
9692,Centimeter Ruler,TOOLS,Everyone,Tools,10000.0,0.0,3.3,16.0,Free
9693,CF cal,TOOLS,Everyone,Tools,10000.0,0.0,4.3,123.0,Free
9694,CF.lumen,TOOLS,Everyone,Tools,100000.0,0.0,4.4,4901.0,Free
9695,CF-Bench,TOOLS,Everyone,Tools,100000.0,0.0,4.4,2132.0,Free
9696,CF-Bench Pro,TOOLS,Everyone,Tools,1000.0,1.49,4.6,159.0,Paid
9697,CG 3D Model Viewer: view 3D models interactively,TOOLS,Everyone,Tools,100.0,0.0,,0.0,Free
9698,CG Shikshak Mitan,TOOLS,Everyone,Tools,50000.0,0.0,4.1,295.0,Free
9699,CG Wizard,TOOLS,Everyone,Tools,100.0,0.0,,6.0,Free
9700,Check DB Benchmark,TOOLS,Everyone,Tools,100.0,0.0,,0.0,Free
9701,Chest Tracker for Clash Royale,TOOLS,Everyone,Tools,5000000.0,0.0,4.3,77717.0,Free
9702,ChopAssistant,TOOLS,Everyone,Tools,50000.0,0.0,4.2,455.0,Free
9703,CK Shop,TOOLS,Everyone,Tools,1000.0,0.0,,13.0,Free
9704,CL Keyboard - Myanmar Keyboard (No Ads),TOOLS,Everyone,Tools,5000.0,0.0,5.0,24.0,Free
9705,CL Notifier,TOOLS,Teen,Tools,100.0,0.0,5.0,36.0,Free
9706,"CL Reader for Craigslist(For sale, jobs, rental..)",TOOLS,Everyone,Tools,1000.0,0.0,4.1,61.0,Free
9707,CL REPL,TOOLS,Everyone,Tools,1000.0,0.0,5.0,47.0,Free
9708,Classic Calculator,TOOLS,Everyone,Tools,5000000.0,0.0,4.0,85659.0,Free
9709,Clean Master Lite - For Low-End Phone,TOOLS,Everyone,Tools,50000000.0,0.0,4.6,2246379.0,Free
9710,Clean Master- Space Cleaner & Antivirus,TOOLS,Everyone,Tools,500000000.0,0.0,4.7,42916526.0,Free
9711,Clear,TOOLS,Everyone,Tools,10000000.0,0.0,3.1,24151.0,Free
9712,CM AppLock,TOOLS,Everyone,Tools,100000.0,0.0,4.1,843.0,Free
9713,CM AppLock Fingerprint 2018,TOOLS,Everyone,Tools,100000.0,0.0,4.4,1264.0,Free
9714,CM Apps,TOOLS,Everyone,Tools,100000.0,0.0,3.8,3341.0,Free
9715,CM FILE MANAGER,TOOLS,Everyone,Tools,50000000.0,0.0,4.4,953790.0,Free
9716,"CM Flashlight (Compass, SOS)",TOOLS,Everyone,Tools,5000000.0,0.0,4.4,166367.0,Free
9717,"CM Flashlight (Compass, SOS)",TOOLS,Everyone,Tools,5000000.0,0.0,4.4,166363.0,Free
9718,CM Locker - Security Lockscreen,TOOLS,Everyone,Tools,100000000.0,0.0,4.6,3090727.0,Free
9719,CM Locker - Security Lockscreen,TOOLS,Everyone,Tools,100000000.0,0.0,4.6,3090680.0,Free
9720,CM S Pen Add-on(ROOT),TOOLS,Everyone,Tools,10000.0,0.0,3.6,373.0,Free
9721,CM Secure Browser (Authorized),TOOLS,Everyone,Tools,100000.0,0.0,4.2,1147.0,Free
9722,CM Security Lite - Antivirus,TOOLS,Everyone,Tools,10000000.0,0.0,4.6,262076.0,Free
9723,"CM Security Open VPN - Free, fast unlimited proxy",TOOLS,Everyone,Tools,1000000.0,0.0,4.6,85496.0,Free
9724,cm to inches | centimeters to inches conversion,TOOLS,Everyone,Tools,5000.0,0.0,4.8,52.0,Free
9725,Co Checker,TOOLS,Everyone,Tools,1000.0,0.0,1.9,12.0,Free
9726,Code on the egg,TOOLS,Everyone,Tools,10000.0,0.0,3.9,146.0,Free
9727,Color Flashlight,TOOLS,Everyone,Tools,50000000.0,0.0,4.2,472904.0,Free
9728,Consultar Infracciones de Transito DF y Mexico,TOOLS,Everyone,Tools,10.0,0.0,,0.0,Free
9729,Contents Provider(C.P.)Explorer,TOOLS,Everyone,Tools,100.0,0.0,4.0,1.0,Free
9730,Control Center iOS 11 - Phone X Control Panel,TOOLS,Everyone,Tools,100000.0,0.0,4.1,1925.0,Free
9731,Control Center iOS 11 - Phone X notifications,TOOLS,Everyone,Tools,50000.0,0.0,4.3,514.0,Free
9732,Convert degree Celsius to Fahrenheit or °F to °C,TOOLS,Everyone,Tools,5000.0,0.0,4.4,51.0,Free
9733,ConvertPad - Unit Converter,TOOLS,Everyone,Tools,10000000.0,0.0,4.4,90831.0,Free
9734,Counter Deck Calculator for CR,TOOLS,Everyone,Tools,500000.0,0.0,4.1,3446.0,Free
9735,CPU-Z,TOOLS,Everyone,Tools,10000000.0,0.0,4.5,295430.0,Free
9736,CQ Key,TOOLS,Everyone,Tools,100.0,0.0,,0.0,Free
9737,CR Calculator,TOOLS,Everyone,Tools,50000.0,0.0,4.3,297.0,Free
9738,CR -Call Recorder,TOOLS,Everyone,Tools,100.0,0.0,,4.0,Free
9739,CR Tracker for Chests,TOOLS,Everyone,Tools,50.0,0.0,5.0,6.0,Free
9740,CT - DTC Lookup,TOOLS,Everyone,Tools,10000.0,0.0,4.1,41.0,Free
9741,CV maker for Job Applications and Resume Maker,TOOLS,Everyone,Tools,10000.0,0.0,4.2,75.0,Free
9742,CV Maker for Job Applications:Photo Resume Builder,TOOLS,Everyone,Tools,10000.0,0.0,4.0,114.0,Free
9743,Cx File Explorer,TOOLS,Everyone,Tools,10000.0,0.0,4.7,175.0,Free
9744,CX Ram Booster,TOOLS,Everyone,Tools,500.0,0.0,3.9,12.0,Free
9745,CZ File Manager,TOOLS,Everyone,Tools,1000000.0,0.0,2.2,876.0,Free
9746,CZ Kompas,TOOLS,Everyone,Tools,10.0,0.0,5.0,2.0,Free
9747,CZ-Cyberon Voice Commander,TOOLS,Everyone,Tools,1000.0,5.99,3.8,131.0,Paid
9748,РееI Smart Remote MP3 CD Player,TOOLS,Everyone,Tools,5000.0,0.0,3.2,27.0,Free
9749,DB Browser,TOOLS,Everyone,Tools,50000.0,0.0,3.3,236.0,Free
9750,DB LINK RGB,TOOLS,Everyone,Tools,500.0,0.0,2.7,7.0,Free
9751,dB Meter - measure sound & noise level in Decibel,TOOLS,Everyone,Tools,10000.0,0.0,4.6,154.0,Free
9752,db Meter - sound level meter with data logging,TOOLS,Everyone,Tools,1.0,1.49,,0.0,Paid
9753,dB Sound Level Meter,TOOLS,Everyone,Tools,10000.0,0.0,3.9,203.0,Free
9754,dB Sound Meter,TOOLS,Everyone,Tools,5000.0,0.0,4.1,29.0,Free
9755,DB Sound Meter: Measure Noise Level- Decibel Meter,TOOLS,Everyone,Tools,10000.0,0.0,4.3,824.0,Free
9756,DB TOS - Pocket Helper,TOOLS,Everyone,Tools,10000.0,0.0,4.2,265.0,Free
9757,dB: Sound Meter Pro,TOOLS,Everyone,Tools,5000.0,0.0,4.3,31.0,Free
9758,DC Universe Online Map,TOOLS,Unrated,Tools,50000.0,0.0,4.1,1186.0,Free
9759,DCUO|CR Calculator Lite,TOOLS,Everyone,Tools,10000.0,0.0,4.0,182.0,Free
9760,DCUO|CR Calculator Pro,TOOLS,Everyone,Tools,500.0,0.99,4.6,82.0,Paid
9761,"Decibel X PRO - Sound Meter dBA, Noise Detector",TOOLS,Everyone,Tools,1000.0,3.99,4.3,60.0,Paid
9762,Deck Advisor for CR,TOOLS,Everyone,Tools,5000000.0,0.0,4.1,37975.0,Free
9763,Deck Analyzer for CR,TOOLS,Everyone,Tools,100000.0,0.0,4.2,2630.0,Free
9764,Deck Simulator for CR,TOOLS,Everyone,Tools,10000.0,0.0,3.4,202.0,Free
9765,Deep Sleep Battery Saver,TOOLS,Everyone,Tools,1000000.0,0.0,4.1,22032.0,Free
9766,Deep Sleep Battery Saver Pro,TOOLS,Everyone,Tools,10000.0,3.28,3.9,1417.0,Paid
9767,Device Help,TOOLS,Everyone,Tools,100000000.0,0.0,4.2,28860.0,Free
9768,df,TOOLS,Everyone,Tools,1000.0,0.0,,4.0,Free
9769,DF SmartPlus,TOOLS,Everyone,Tools,10.0,0.0,,0.0,Free
9770,DF Wall Plus – Droid Firewall,TOOLS,Everyone,Tools,500.0,0.0,,9.0,Free
9771,DF-CAM,TOOLS,Everyone,Tools,100.0,0.0,,2.0,Free
9772,DG Smart life,TOOLS,Everyone,Tools,1000.0,0.0,2.1,14.0,Free
9773,DG-App,TOOLS,Everyone,Tools,500.0,0.0,5.0,1.0,Free
9774,Digi Dex for DW Next Order @PS4,TOOLS,Everyone,Tools,10000.0,0.0,4.2,155.0,Free
9775,Digital Alarm Clock,TOOLS,Everyone,Tools,10000000.0,0.0,4.2,118439.0,Free
9776,Digital Clock AW-7,TOOLS,Everyone,Tools,100000.0,0.0,4.1,484.0,Free
9777,Digital Falak,TOOLS,Everyone,Tools,50000.0,0.0,4.7,3408.0,Free
9778,Digoo·Cloud,TOOLS,Everyone,Tools,10000.0,0.0,4.1,543.0,Free
9779,Disc Label Print,TOOLS,Everyone,Tools,10000.0,0.0,3.0,262.0,Free
9780,DiskDigger photo recovery,TOOLS,Everyone,Tools,50000000.0,0.0,4.2,227798.0,Free
9781,Display Phone Screen On TV,TOOLS,Everyone,Tools,1000000.0,0.0,3.6,9895.0,Free
9782,Ditto CP Calculator GO,TOOLS,Everyone,Tools,1000.0,0.0,4.3,34.0,Free
9783,DM 24/7,TOOLS,Everyone,Tools,1000.0,0.0,3.6,7.0,Free
9784,DM airdisk,TOOLS,Everyone,Tools,1000.0,0.0,2.8,11.0,Free
9785,DM AirDisk HDD,TOOLS,Everyone,Tools,100.0,0.0,,4.0,Free
9786,DM AirDisk NAS,TOOLS,Everyone,Tools,50.0,0.0,,0.0,Free
9787,DM airdisk Pro,TOOLS,Everyone,Tools,1000.0,0.0,3.2,11.0,Free
9788,DM Die Roller 9000,TOOLS,Everyone,Tools,5.0,0.99,,0.0,Paid
9789,DM HiDisk,TOOLS,Everyone,Tools,5000.0,0.0,2.8,54.0,Free
9790,DM security - Dragon Mobile,TOOLS,Everyone,Tools,1000.0,0.0,3.9,27.0,Free
9791,DNS Changer - BEST (Gprs/Edge/3G/H/H+/4G),TOOLS,Everyone,Tools,5000.0,0.0,4.3,123.0,Free
9792,Don't touch my phone,TOOLS,Everyone,Tools,5000000.0,0.0,3.8,21943.0,Free
9793,Download Accelerator Plus,TOOLS,Everyone,Tools,1000000.0,0.0,4.2,43677.0,Free
9794,Download All Files,TOOLS,Everyone,Tools,10000000.0,0.0,3.8,120494.0,Free
9795,Download Blazer,TOOLS,Everyone,Tools,5000000.0,0.0,3.9,34612.0,Free
9796,Download Facebook Photo Albums,TOOLS,Everyone,Tools,100000.0,0.0,4.0,3840.0,Free
9797,Download Instant DP (Full HD),TOOLS,Everyone,Tools,100000.0,0.0,4.3,1283.0,Free
9798,Download Manager,TOOLS,Everyone,Tools,10000000.0,0.0,3.8,79132.0,Free
9799,Download Manager - File & Video,TOOLS,Everyone,Tools,1000000.0,0.0,3.9,8780.0,Free
9800,Download Manager for Android,TOOLS,Everyone,Tools,10000000.0,0.0,4.1,420518.0,Free
9801,Download Manager For Android Free,TOOLS,Everyone,Tools,100000.0,0.0,4.0,593.0,Free
9802,Downloader & Private Browser,TOOLS,Everyone,Tools,50000000.0,0.0,4.3,1072565.0,Free
9803,DQ Akses,TOOLS,Everyone,Tools,1.0,0.0,,0.0,Free
9804,Dr. Battery - Fast Charger - Super Cleaner 2018,TOOLS,Everyone,Tools,1000000.0,0.0,4.5,101738.0,Free
9805,Dr. Booster - Boost Game Speed,TOOLS,Everyone,Tools,10000000.0,0.0,4.4,138872.0,Free
9806,Dr. ES PV Calculator,TOOLS,Everyone,Tools,500.0,0.0,5.0,19.0,Free
9807,"Dr. Safety - Antivirus, Booster, Cleaner, AppLock",TOOLS,Everyone,Tools,10000000.0,0.0,4.4,372553.0,Free
9808,dr.fone - Recovery & Transfer wirelessly & Backup,TOOLS,Everyone,Tools,5000000.0,0.0,3.7,23347.0,Free
9809,Dr.Web Security Space,TOOLS,Everyone,Tools,10000000.0,0.0,4.5,594406.0,Free
9810,Draw with FP sDraw,TOOLS,Everyone,Tools,100000.0,0.0,4.3,3268.0,Free
9811,Droid PRoCon BF3,TOOLS,Everyone,Tools,5000.0,0.99,3.5,412.0,Paid
9812,Droidbug BusyBox Advance PRO,TOOLS,Everyone,Tools,100.0,3.99,4.5,2.0,Paid
9813,DS App Manager,TOOLS,Everyone,Tools,1000.0,0.0,4.6,14.0,Free
9814,DS cloud,TOOLS,Everyone,Tools,500000.0,0.0,3.2,4908.0,Free
9815,DS Connector 2.0,TOOLS,Everyone,Tools,500.0,0.0,2.6,5.0,Free
9816,DS Creator 2.0,TOOLS,Everyone,Tools,500.0,0.0,1.0,2.0,Free
9817,DS finder,TOOLS,Everyone,Tools,500000.0,0.0,4.0,2596.0,Free
9818,DS Flashlight,TOOLS,Everyone,Tools,10000.0,0.0,4.0,127.0,Free
9819,DS get,TOOLS,Everyone,Tools,5000000.0,0.0,3.4,71852.0,Free
9820,DS router,TOOLS,Everyone,Tools,50000.0,0.0,3.8,253.0,Free
9821,DSLR Blur Camera Auto Focus,TOOLS,Everyone,Tools,10000.0,0.0,3.3,75.0,Free
9822,DT Baby Cam,TOOLS,Everyone,Tools,500.0,0.0,1.7,10.0,Free
9823,DT future1 cam,TOOLS,Everyone,Tools,50.0,0.0,1.0,1.0,Free
9824,DT Smart,TOOLS,Everyone,Tools,1000.0,0.0,1.6,39.0,Free
9825,DU Antivirus Security - Applock & Privacy Guard,TOOLS,Everyone,Tools,10000000.0,0.0,4.6,436615.0,Free
9826,DU Battery Saver - Battery Charger & Battery Life,TOOLS,Everyone,Tools,100000000.0,0.0,4.5,13479633.0,Free
9827,DU Browser Mini(Small&Fast),TOOLS,Everyone,Tools,1000000.0,0.0,4.2,20941.0,Free
9828,DU Cleaner – Memory cleaner & clean phone cache,TOOLS,Everyone,Tools,10000000.0,0.0,4.5,465831.0,Free
9829,DU Emoji Keyboard（Simeji）,TOOLS,Everyone,Tools,500000.0,0.0,4.3,19234.0,Free
9830,DU Flashlight - Brightest LED & Flashlight Free,TOOLS,Everyone,Tools,5000000.0,0.0,4.3,73821.0,Free
9831,DU Security,TOOLS,Everyone,Tools,100000.0,0.0,4.4,4847.0,Free
9832,DuraSpeed,TOOLS,Everyone,Tools,10000000.0,0.0,3.8,5431.0,Free
9833,DV - Digito Verificador,TOOLS,Everyone,Tools,500.0,0.0,,2.0,Free
9834,DV Portfolio,TOOLS,Everyone,Tools,50.0,0.0,,0.0,Free
9835,DW Cleaner,TOOLS,Everyone,Tools,500.0,0.0,,7.0,Free
9836,DW Contacts Wear,TOOLS,Everyone,Tools,5000.0,0.0,4.2,37.0,Free
9837,DW Contacts widget,TOOLS,Everyone,Tools,1000.0,0.99,4.3,56.0,Paid
9838,DW Missed call cleaner patch,TOOLS,Everyone,Tools,5000.0,0.0,3.9,65.0,Free
9839,DW Timer,TOOLS,Everyone,Tools,100.0,0.0,5.0,9.0,Free
9840,DW Uninstall Applications,TOOLS,Everyone,Tools,10.0,0.0,,0.0,Free
9841,DW VMAX,TOOLS,Everyone,Tools,100000.0,0.0,3.4,843.0,Free
9842,DX Alert,TOOLS,Everyone,Tools,1000.0,0.0,4.1,27.0,Free
9843,DX Spots Free,TOOLS,Everyone,Tools,1000.0,0.0,4.5,46.0,Free
9844,📏 Smart Ruler ↔️ cm/inch measuring for homework!,TOOLS,Everyone,Tools,10000.0,0.0,4.0,19.0,Free
9845,Dz Camera,TOOLS,Everyone,Tools,10.0,0.0,,1.0,Free
9846,DZ sim,TOOLS,Everyone,Tools,10000.0,0.0,4.4,417.0,Free
9847,Easy Hotspot Ad Free,TOOLS,Everyone,Tools,10.0,0.99,5.0,2.0,Paid
9848,Easy Language Translator,TOOLS,Everyone,Tools,10000000.0,0.0,4.3,191621.0,Free
9849,"Easy Resume Builder, Resume help, Curriculum vitae",TOOLS,Everyone,Tools,50000.0,0.0,4.3,996.0,Free
9850,EasyNote Notepad | To Do List,TOOLS,Everyone,Tools,1000000.0,0.0,4.3,15618.0,Free
9851,EC Apps List,TOOLS,Everyone,Tools,100.0,0.0,4.5,2.0,Free
9852,EC Designer 2.0,TOOLS,Everyone,Tools,50.0,0.0,,0.0,Free
9853,EC music dictionary,TOOLS,Everyone,Tools,500.0,1.99,4.4,20.0,Paid
9854,EdiRange,TOOLS,Everyone,Tools,100000.0,0.0,3.0,736.0,Free
9855,edp re:dy,TOOLS,Everyone,Tools,10000.0,0.0,3.0,172.0,Free
9856,edp re:dy smarthome,TOOLS,Everyone,Tools,5000.0,0.0,3.4,30.0,Free
9857,EF Utilities,TOOLS,Everyone,Tools,5.0,0.0,,0.0,Free
9858,EG Movi,TOOLS,Everyone,Tools,1000.0,0.0,4.2,40.0,Free
9859,EH kontrollrakendus,TOOLS,Everyone,Tools,5000.0,0.0,3.4,43.0,Free
9860,ei Calc,TOOLS,Everyone,Tools,10.0,0.0,5.0,2.0,Free
9861,EI Calculator,TOOLS,Everyone,Tools,100.0,0.0,4.0,8.0,Free
9862,Ei Electronics AudioLINK,TOOLS,Everyone,Tools,10000.0,0.0,3.4,59.0,Free
9863,Electrician Calculator Pro,TOOLS,Everyone,Tools,1000.0,14.99,3.9,47.0,Paid
9864,Elif Ba Oyunu,TOOLS,Everyone,Tools,5000.0,0.0,3.7,26.0,Free
9865,Emo Ads Blocker Browser,TOOLS,Everyone,Tools,100000.0,0.0,3.4,1555.0,Free
9866,"Emoji keyboard - Cute Emoticons, GIF, Stickers",TOOLS,Everyone,Tools,50000000.0,0.0,4.4,1107320.0,Free
9867,Energenie EG-PM1W Setup Wizard,TOOLS,Everyone,Tools,1000.0,0.0,3.1,17.0,Free
9868,"energyly (TNEB,BESCOM,MH,DL..)",TOOLS,Everyone,Tools,10000.0,0.0,3.9,627.0,Free
9869,EP Kalkulator el. energije,TOOLS,Everyone,Tools,100.0,0.0,4.4,13.0,Free
9870,ep-liggare - Elektronisk personalliggare,TOOLS,Everyone,Tools,100.0,0.0,,0.0,Free
9871,Epson iPrint,TOOLS,Everyone,Tools,10000000.0,0.0,4.1,108169.0,Free
9872,ES App Locker,TOOLS,Everyone,Tools,1000000.0,0.0,4.3,32207.0,Free
9873,ES Classic Theme,TOOLS,Everyone,Tools,1000000.0,0.0,4.3,20865.0,Free
9874,ES Dark Theme for free,TOOLS,Everyone,Tools,1000000.0,0.0,4.2,7851.0,Free
9875,ES File Explorer,TOOLS,Everyone,Tools,100000.0,0.0,4.1,278.0,Free
9876,ES File Explorer & File Manager 2018,TOOLS,Everyone,Tools,5000.0,0.0,3.8,24.0,Free
9877,"ES File Explorer & Manager, Locker Xplorer 2018",TOOLS,Everyone,Tools,1000.0,0.0,3.5,11.0,Free
9878,ES Holo Theme,TOOLS,Everyone,Tools,500000.0,0.0,4.3,11449.0,Free
9879,ES Summer Chill Theme for Free,TOOLS,Everyone,Tools,100000.0,0.0,4.3,940.0,Free
9880,EV Calculator,TOOLS,Everyone,Tools,1000.0,0.0,4.9,85.0,Free
9881,EV Finder,TOOLS,Everyone,Tools,1000.0,0.0,4.3,29.0,Free
9882,Evolve CP Calc. for PokemonGo,TOOLS,Everyone,Tools,10000.0,0.0,3.9,116.0,Free
9883,EW Neuron Scan,TOOLS,Everyone,Tools,10.0,0.0,,1.0,Free
9884,EW Widgets for Zooper,TOOLS,Everyone,Tools,100.0,0.0,3.4,5.0,Free
9885,Ex Explorer : Dual view exproler / file manager,TOOLS,Everyone,Tools,50000.0,0.0,3.9,361.0,Free
9886,EZ App Installer,TOOLS,Everyone,Tools,100000.0,0.0,4.1,533.0,Free
9887,E-Z App™ Train Control,TOOLS,Everyone,Tools,1000.0,0.0,4.3,33.0,Free
9888,EZ Bluetooth,TOOLS,Everyone,Tools,50000.0,0.0,4.2,789.0,Free
9889,EZ Cleaner - Booster Optimizer,TOOLS,Everyone,Tools,500000.0,0.0,4.4,6801.0,Free
9890,EZ LED,TOOLS,Everyone,Tools,1000.0,0.0,2.2,19.0,Free
9891,EZ Pass,TOOLS,Everyone,Tools,5000.0,0.0,2.5,15.0,Free
9892,EZ Screenshot,TOOLS,Everyone,Tools,5000.0,0.0,4.4,55.0,Free
9893,EZ Utilities Extension,TOOLS,Everyone,Tools,5000.0,0.0,3.9,33.0,Free
9894,EzCalculator,TOOLS,Everyone,Tools,100000.0,0.0,4.1,1657.0,Free
9895,EZ-GUI Ground Station,TOOLS,Everyone,Tools,50000.0,0.0,4.7,3696.0,Free
9896,EZ-Placard - Free Placard Calculator,TOOLS,Everyone,Tools,1000.0,0.0,2.9,7.0,Free
9897,EZ-VPNGate,TOOLS,Everyone,Tools,5000.0,0.0,4.3,36.0,Free
9898,F,TOOLS,Everyone,Tools,500.0,0.0,,6.0,Free
9899,Farsi Keyboard,TOOLS,Everyone,Tools,1000000.0,0.0,4.3,9716.0,Free
9900,Fast Download Manager,TOOLS,Everyone,Tools,1000000.0,0.0,4.0,18478.0,Free
9901,Fast Secure VPN,TOOLS,Everyone,Tools,1000000.0,0.0,4.3,56848.0,Free
9902,Fate GO Ap Counter,TOOLS,Everyone,Tools,1000.0,0.0,4.6,70.0,Free
9903,FD CANNECT,TOOLS,Everyone,Tools,1.0,0.0,,1.0,Free
9904,FD Shift Calendar Widget,TOOLS,Everyone,Tools,100000.0,0.0,4.1,981.0,Free
9905,FE Connect,TOOLS,Everyone,Tools,5000.0,0.0,4.8,24.0,Free
9906,FE Connect Fhoton,TOOLS,Everyone,Tools,100.0,0.0,,0.0,Free
9907,FE IP,TOOLS,Everyone,Tools,1000.0,0.0,,3.0,Free
9908,FG Finder,TOOLS,Everyone,Tools,10000.0,0.0,,154.0,Free
9909,FG On-The-Go,TOOLS,Everyone,Tools,1000.0,0.0,4.9,55.0,Free
9910,FH CODE,TOOLS,Everyone,Tools,100.0,0.0,,13.0,Free
9911,File Ex - ES File Explorer,TOOLS,Everyone,Tools,1000.0,0.0,4.2,24.0,Free
9912,File Manager,TOOLS,Everyone,Tools,50000000.0,0.0,4.6,739329.0,Free
9913,File Manager -- Take Command of Your Files Easily,TOOLS,Everyone,Tools,10000000.0,0.0,4.2,127223.0,Free
9914,File Manager by Xiaomi: release file storage space,TOOLS,Everyone,Tools,10000000.0,0.0,4.8,337532.0,Free
9915,File Viewer for Android,TOOLS,Everyone,Tools,1000000.0,0.0,4.1,7063.0,Free
9916,Files Go by Google: Free up space on your phone,TOOLS,Everyone,Tools,10000000.0,0.0,4.6,315585.0,Free
9917,Files To SD Card Pro,TOOLS,Everyone,Tools,100000.0,0.0,4.2,994.0,Free
9918,Finger Scanner Gestures,TOOLS,Everyone,Tools,100000.0,0.0,4.2,2531.0,Free
9919,Fingerprint Lock Screen Prank,TOOLS,Everyone,Tools,1000000.0,0.0,4.1,10786.0,Free
9920,Fingerprint Quick Action,TOOLS,Everyone,Tools,1000000.0,0.0,4.2,8484.0,Free
9921,Fisher-Price® Smart Connect™,TOOLS,Everyone,Tools,50000.0,0.0,2.7,422.0,Free
9922,FiSwitch,TOOLS,Everyone,Tools,10000.0,1.99,4.8,615.0,Paid
9923,FJ Toolkit,TOOLS,Everyone,Tools,100.0,1.49,,1.0,Paid
9924,FJ WiFi HDD,TOOLS,Everyone,Tools,5000.0,0.0,,40.0,Free
9925,FJ-link,TOOLS,Everyone,Tools,10.0,0.0,,1.0,Free
9926,FK Crvena Zvezda Izzy,TOOLS,Everyone,Tools,50000.0,0.0,4.8,1456.0,Free
9927,Flash Light on Call & SMS,TOOLS,Everyone,Tools,1000000.0,0.0,4.1,25438.0,Free
9928,Flashlight,TOOLS,Everyone,Tools,10000000.0,0.0,4.7,115409.0,Free
9929,Flashlight,TOOLS,Everyone,Tools,10000000.0,0.0,4.5,162335.0,Free
9930,Flashlight - Torch LED Light,TOOLS,Everyone,Tools,10000000.0,0.0,4.4,192661.0,Free
9931,Flashlight & LED Torch,TOOLS,Everyone,Tools,10000000.0,0.0,4.3,111507.0,Free
9932,FlashLight F.Light,TOOLS,Everyone,Tools,100000.0,0.0,4.3,3943.0,Free
9933,Flashlight Free w/ compass,TOOLS,Everyone,Tools,10000.0,0.0,4.0,75.0,Free
9934,Flashlight HD LED,TOOLS,Everyone,Tools,50000000.0,0.0,4.3,618918.0,Free
9935,FlashLight HD LED Pro,TOOLS,Everyone,Tools,50000.0,2.99,4.7,4928.0,Paid
9936,Flashlight Ultimate,TOOLS,Everyone,Tools,1000000.0,0.0,4.6,16936.0,Free
9937,Flashlight X,TOOLS,Everyone,Tools,1000000.0,0.0,4.6,20418.0,Free
9938,Florida 511,TOOLS,Everyone,Tools,50000.0,0.0,3.2,148.0,Free
9939,Fo File Manager,TOOLS,Everyone,Tools,100000.0,0.0,4.5,1916.0,Free
9940,Fon WiFi App – WiFi Connect,TOOLS,Everyone,Tools,50000.0,0.0,4.1,222.0,Free
9941,Force LTE Only,TOOLS,Everyone,Tools,1000000.0,0.0,4.1,10426.0,Free
9942,FP NFC Rewrite,TOOLS,Everyone,Tools,1000.0,0.0,,17.0,Free
9943,FP Opgaver,TOOLS,Everyone,Tools,1000.0,0.0,,9.0,Free
9944,FR Roster,TOOLS,Everyone,Tools,5000.0,0.0,4.1,174.0,Free
9945,Fraction Calculator Plus Free,TOOLS,Everyone,Tools,5000000.0,0.0,4.5,148506.0,Free
9946,Free & Premium VPN - FinchVPN,TOOLS,Everyone,Tools,1000000.0,0.0,4.2,19096.0,Free
9947,Free antivirus and VPN,TOOLS,Everyone,Tools,1000000.0,0.0,4.3,27749.0,Free
9948,Free CV Creator,TOOLS,Everyone,Tools,10000.0,0.0,3.9,37.0,Free
9949,FREEDOME VPN Unlimited anonymous Wifi Security,TOOLS,Everyone,Tools,1000000.0,0.0,4.3,39833.0,Free
9950,FreedomPop Diagnostics,TOOLS,Everyone,Tools,100000.0,0.0,2.9,452.0,Free
9951,FreedomPop Friends for Free Data,TOOLS,Everyone,Tools,5000.0,0.0,4.4,58.0,Free
9952,Frequencies,TOOLS,Everyone,Tools,500.0,0.99,4.2,11.0,Paid
9953,Frequencies Free,TOOLS,Everyone,Tools,100000.0,0.0,3.5,382.0,Free
9954,F-Secure AV Test,TOOLS,Everyone,Tools,50000.0,0.0,4.5,1250.0,Free
9955,F-Secure KEY Password manager,TOOLS,Everyone,Tools,100000.0,0.0,4.2,2588.0,Free
9956,F-Secure Mobile Security,TOOLS,Everyone,Tools,500000.0,0.0,4.2,13096.0,Free
9957,F-Secure SAFE,TOOLS,Everyone,Tools,500000.0,0.0,4.3,9433.0,Free
9958,F-Secure SENSE,TOOLS,Everyone,Tools,5000.0,0.0,4.6,57.0,Free
9959,Fuel Calculator for EY,TOOLS,Everyone,Tools,1000.0,0.0,4.7,32.0,Free
9960,FVD - Free Video Downloader,TOOLS,Everyone,Tools,10000000.0,0.0,4.0,327914.0,Free
9961,FVD Ad-Free,TOOLS,Everyone,Tools,10000.0,1.99,4.4,1774.0,Paid
9962,G Cloud Apps Backup Key * root,TOOLS,Everyone,Tools,5000.0,4.99,4.5,1034.0,Paid
9963,Gboard - the Google Keyboard,TOOLS,Everyone,Tools,500000000.0,0.0,4.2,1859115.0,Free
9964,Gboard - the Google Keyboard,TOOLS,Everyone,Tools,500000000.0,0.0,4.2,1859109.0,Free
9965,Gboard - the Google Keyboard,TOOLS,Everyone,Tools,500000000.0,0.0,4.2,1855262.0,Free
9966,gCMOB,TOOLS,Everyone,Tools,1000000.0,0.0,4.2,7935.0,Free
9967,G-Download Manager,TOOLS,Everyone,Tools,50000.0,0.0,4.1,802.0,Free
9968,GEM™,TOOLS,Everyone,Tools,500.0,0.0,4.3,6.0,Free
9969,GetThemAll Any File Downloader,TOOLS,Everyone,Tools,5000000.0,0.0,4.2,91186.0,Free
9970,G-NetReport Pro,TOOLS,Everyone,Tools,10.0,25.99,,0.0,Paid
9971,G-NetTrack Pro,TOOLS,Everyone,Tools,5000.0,14.99,4.3,255.0,Paid
9972,G-NetWiFi Pro,TOOLS,Everyone,Tools,100.0,5.99,3.3,6.0,Paid
9973,"GO Keyboard - Cute Emojis, Themes and GIFs",TOOLS,Everyone,Tools,100000000.0,0.0,4.5,4594198.0,Free
9974,"GO Security－AntiVirus, AppLock, Booster",TOOLS,Everyone,Tools,10000000.0,0.0,4.7,1251479.0,Free
9975,Google,TOOLS,Everyone,Tools,1000000000.0,0.0,4.4,8033493.0,Free
9976,Google,TOOLS,Everyone,Tools,1000000000.0,0.0,4.4,8021623.0,Free
9977,Google app for Android TV,TOOLS,Everyone,Tools,10000000.0,0.0,3.0,66.0,Free
9978,Google Assistant Go,TOOLS,Everyone,Tools,500000.0,0.0,3.7,315.0,Free
9979,Google Handwriting Input,TOOLS,Everyone,Tools,10000000.0,0.0,4.3,94427.0,Free
9980,Google Korean Input,TOOLS,Everyone,Tools,100000000.0,0.0,3.5,74819.0,Free
9981,Google Now Launcher,TOOLS,Everyone,Tools,100000000.0,0.0,4.2,857215.0,Free
9982,Google Translate,TOOLS,Everyone,Tools,500000000.0,0.0,4.4,5745093.0,Free
9983,Google Translate,TOOLS,Everyone,Tools,500000000.0,0.0,4.4,5741684.0,Free
9984,G-Playlists,TOOLS,Everyone,Tools,1000.0,1.49,1.8,53.0,Paid
9985,gps tracker cg,TOOLS,Everyone,Tools,50.0,0.0,,0.0,Free
9986,Graphing Calculator,TOOLS,Everyone,Tools,1000000.0,0.0,3.9,12388.0,Free
9987,Green Build - An unofficial Travis CI client,TOOLS,Everyone,Tools,100.0,0.0,3.9,7.0,Free
9988,GTS-M,TOOLS,Everyone,Tools,5000.0,0.0,4.2,38.0,Free
9989,HD Wallpaper - Toyota FJ Cruiser,TOOLS,Everyone,Tools,100.0,0.0,,2.0,Free
9990,Height Converter feet-inch cm,TOOLS,Everyone,Tools,100000.0,0.0,4.2,498.0,Free
9991,Helper for CS:GO,TOOLS,Everyone,Tools,10000.0,0.0,4.4,208.0,Free
9992,Hercules CP Mobile,TOOLS,Everyone,Tools,1000.0,0.0,1.4,20.0,Free
9993,Hey That's Pretty Good!,TOOLS,Everyone,Tools,10000.0,0.0,4.6,222.0,Free
9994,Hidden Camera Detector,TOOLS,Everyone,Tools,10000.0,0.0,3.9,167.0,Free
9995,Hideman VPN,TOOLS,Everyone,Tools,5000000.0,0.0,4.1,88675.0,Free
9996,High-Powered Flashlight,TOOLS,Everyone,Tools,10000000.0,0.0,4.5,429580.0,Free
9997,Hi-Smart AC,TOOLS,Everyone,Tools,1000.0,0.0,2.2,32.0,Free
9998,HOLSTON EC,TOOLS,Everyone,Tools,1000.0,0.0,4.1,7.0,Free
9999,HondaLink EV,TOOLS,Everyone,Tools,10000.0,0.0,2.8,44.0,Free
10000,Hotspot Shield Free VPN Proxy & Wi-Fi Security,TOOLS,Everyone,Tools,50000000.0,0.0,4.2,1116393.0,Free
10001,HotSpot Tethering Free/WiFi AP,TOOLS,Everyone,Tools,100000.0,0.0,3.9,478.0,Free
10002,HSPA+ Tweaker (3G booster),TOOLS,Everyone,Tools,5000000.0,0.0,4.3,99290.0,Free
10003,HTC Lock Screen,TOOLS,Everyone,Tools,10000000.0,0.0,4.1,28250.0,Free
10004,HTC Sense Input,TOOLS,Everyone,Tools,10000000.0,0.0,3.4,17030.0,Free
10005,HTC Sense Input - BG,TOOLS,Everyone,Tools,10000.0,0.0,3.3,218.0,Free
10006,HTC Sense Input - CZ,TOOLS,Everyone,Tools,10000.0,0.0,4.3,87.0,Free
10007,HTC Sense Input - EN,TOOLS,Everyone,Tools,5000000.0,0.0,4.3,24175.0,Free
10008,HTC Sense Input - ES,TOOLS,Everyone,Tools,1000000.0,0.0,4.3,3509.0,Free
10009,HTC Sense Input - FA,TOOLS,Everyone,Tools,100000.0,0.0,4.6,1420.0,Free
10010,HTC Sense Input - FR,TOOLS,Everyone,Tools,100000.0,0.0,4.0,885.0,Free
10011,HTC Sense Input-AR,TOOLS,Everyone,Tools,100000.0,0.0,3.8,1420.0,Free
10012,HTC Sense Input-BG,TOOLS,Everyone,Tools,100000.0,0.0,2.7,198.0,Free
10013,HTC Sense Input-CA,TOOLS,Everyone,Tools,100000.0,0.0,3.1,124.0,Free
10014,HTC Sense Input-LV,TOOLS,Everyone,Tools,50000.0,0.0,3.6,59.0,Free
10015,HTC Transfer Tool,TOOLS,Everyone,Tools,5000000.0,0.0,4.3,40907.0,Free
10016,I Can't Wake Up!,TOOLS,Everyone,Tools,10000.0,2.99,4.7,963.0,Paid
10017,I Can't Wake Up! Alarm Clock,TOOLS,Everyone,Tools,1000000.0,0.0,4.5,70404.0,Free
10018,I Screen Dialer,TOOLS,Everyone,Tools,1000000.0,0.0,4.1,8137.0,Free
10019,iCam - Webcam Video Streaming,TOOLS,Everyone,Tools,10000.0,4.99,3.7,770.0,Paid
10020,Image 2 Wallpaper,TOOLS,Everyone,Tools,5000000.0,0.0,4.3,81668.0,Free
10021,In to cm,TOOLS,Everyone,Tools,10.0,0.0,,0.0,Free
10022,Inches to Centimeters,TOOLS,Everyone,Tools,100000.0,0.0,3.6,949.0,Free
10023,Inches to cm conversion,TOOLS,Everyone,Tools,10000.0,0.0,4.4,29.0,Free
10024,Inf VPN - Global Proxy & Unlimited Free WIFI VPN,TOOLS,Everyone,Tools,1000000.0,0.0,4.7,61445.0,Free
10025,Instabridge - Free WiFi Passwords and Hotspots,TOOLS,Everyone,Tools,10000000.0,0.0,4.4,211308.0,Free
10026,Internet Speed Meter Lite,TOOLS,Everyone,Tools,10000000.0,0.0,4.5,410303.0,Free
10027,iOBD2-CF,TOOLS,Everyone,Tools,500.0,0.0,3.4,5.0,Free
10028,iSwipe Phone X,TOOLS,Everyone,Tools,1000000.0,0.0,4.7,58366.0,Free
10029,IV Calc CP Calculator Toolkit,TOOLS,Everyone,Tools,10000.0,0.0,4.2,242.0,Free
10030,iWnn IME for Nexus,TOOLS,Everyone,Tools,5000000.0,0.0,3.2,2394.0,Free
10031,J Touch,TOOLS,Everyone,Tools,100000.0,0.0,4.6,2176.0,Free
10032,Jabbla BT,TOOLS,Everyone,Tools,100.0,0.0,5.0,3.0,Free
10033,Java Editor CR,TOOLS,Everyone,Tools,50000.0,0.0,3.8,434.0,Free
10034,JavaScript Editor CR,TOOLS,Everyone,Tools,5000.0,0.0,3.9,114.0,Free
10035,K keyboard - Myanmar,TOOLS,Everyone,Tools,100000.0,0.0,4.8,1955.0,Free
10036,Kaspersky Mobile Antivirus: AppLock & Web Security,TOOLS,Everyone,Tools,50000000.0,0.0,4.7,2598579.0,Free
10037,K-Chiing VPN (Free),TOOLS,Mature 17+,Tools,5000.0,0.0,3.7,43.0,Free
10038,KeePass DX,TOOLS,Everyone,Tools,5000.0,0.0,,0.0,Free
10039,KeePass DX Pro,TOOLS,Everyone,Tools,100.0,5.99,,0.0,Paid
10040,Kernel Manager for Franco Kernel ✨,TOOLS,Everyone,Tools,100000.0,3.49,4.8,12700.0,Paid
10041,Keyboard ManMan,TOOLS,Everyone,Tools,10000000.0,0.0,4.4,121304.0,Free
10042,Keypad Lock Screen,TOOLS,Everyone,Tools,10000000.0,0.0,4.2,428581.0,Free
10043,Kiamichi EC,TOOLS,Everyone,Tools,1000.0,0.0,4.6,7.0,Free
10044,K-Rain BL,TOOLS,Everyone,Tools,1000.0,0.0,4.0,9.0,Free
10045,LED Flashlight,TOOLS,Everyone,Tools,10000000.0,0.0,4.4,207706.0,Free
10046,LEDSHOWTW,TOOLS,Everyone,Tools,500.0,0.0,4.2,5.0,Free
10047,"Length Converter: convert mm,cm,m, feet,yard,mile",TOOLS,Everyone,Tools,50000.0,0.0,4.7,76.0,Free
10048,LG AV REMOTE,TOOLS,Everyone,Tools,1000000.0,0.0,3.4,2420.0,Free
10049,LG BT Reader Plus,TOOLS,Everyone,Tools,500000.0,0.0,3.7,2992.0,Free
10050,LG Hi-Fi Plus Manager,TOOLS,Everyone,Tools,10000.0,0.0,3.5,154.0,Free
10051,Limbo PC Emulator QEMU ARM x86,TOOLS,Everyone,Tools,1000000.0,0.0,4.2,13005.0,Free
10052,Little Magnet BT,TOOLS,Everyone,Tools,100000.0,0.0,4.6,3703.0,Free
10053,Little Magnet BT Pro,TOOLS,Everyone,Tools,1000.0,0.99,4.6,251.0,Paid
10054,Lock Screen,TOOLS,Everyone,Tools,1000000.0,0.0,4.0,41137.0,Free
10055,Lock Screen - DU Locker & Lock screen wallpaper,TOOLS,Everyone,Tools,100000.0,0.0,4.5,5174.0,Free
10056,Lock Screen Phone X Style OS 11,TOOLS,Everyone,Tools,100000.0,0.0,4.4,1166.0,Free
10057,Lookout Security & Antivirus,TOOLS,Everyone,Tools,100000000.0,0.0,4.4,951413.0,Free
10058,Loreal - BA Makeup,TOOLS,Everyone,Tools,1000.0,0.0,1.9,8.0,Free
10059,Lottery Ticket Checker - Florida Results & Lotto,TOOLS,Everyone,Tools,500.0,0.0,1.0,3.0,Free
10060,M Notifier for M Launcher,TOOLS,Everyone,Tools,100000.0,0.0,4.2,2803.0,Free
10061,"m, cm, mm to yard, feet, inch converter tool",TOOLS,Everyone,Tools,100000.0,0.0,4.3,246.0,Free
10062,Marítimo EC,TOOLS,Everyone,Tools,10.0,0.0,,1.0,Free
10063,Master for Minecraft(Pocket Edition)-Mod Launcher,TOOLS,Everyone,Tools,50000000.0,0.0,4.6,2674051.0,Free
10064,MBU DX Cluster,TOOLS,Everyone,Tools,500.0,0.0,4.0,5.0,Free
10065,Mediatek SmartDevice,TOOLS,Everyone,Tools,1000000.0,0.0,3.6,11187.0,Free
10066,Mee-EW,TOOLS,Everyone,Tools,5.0,0.0,,0.0,Free
10067,Message AI - Write Better Messages,TOOLS,Mature 17+,Tools,100.0,2.99,,0.0,Paid
10068,Mesure CI,TOOLS,Everyone,Tools,500.0,0.0,,9.0,Free
10069,Metal Detector Pro 2015,TOOLS,Everyone,Tools,100000.0,0.0,3.6,1166.0,Free
10070,Meu Calendário CP,TOOLS,Everyone,Tools,100.0,0.0,,37.0,Free
10071,"Mi Remote controller - for TV, STB, AC and more",TOOLS,Everyone,Tools,10000000.0,0.0,4.1,114340.0,Free
10072,Mini for fb lite,TOOLS,Everyone,Tools,100000.0,0.0,4.0,710.0,Free
10073,Mix Virtual DJ 2018,TOOLS,Everyone,Tools,100000.0,0.0,4.2,2925.0,Free
10074,Mobi Calculator free & AD free!,TOOLS,Everyone,Tools,5000000.0,0.0,4.6,77311.0,Free
10075,Mobi Calculator free & AD free!,TOOLS,Everyone,Tools,5000000.0,0.0,4.6,77302.0,Free
10076,Mobile Number Tracker,TOOLS,Everyone,Tools,5000000.0,0.0,3.9,19758.0,Free
10077,MOD-MASTER for Minecraft PE (Pocket Edition) Free,TOOLS,Everyone,Tools,10000000.0,0.0,4.2,271908.0,Free
10078,Morse Notifier Free,TOOLS,Everyone,Tools,1000.0,0.0,4.6,79.0,Free
10079,Moto Display,TOOLS,Everyone,Tools,10000000.0,0.0,4.2,18239.0,Free
10080,Moto File Manager,TOOLS,Everyone,Tools,10000000.0,0.0,4.1,38655.0,Free
10081,Moto File Manager,TOOLS,Everyone,Tools,10000000.0,0.0,4.1,38679.0,Free
10082,Moto Suggestions ™,TOOLS,Everyone,Tools,1000000.0,0.0,4.6,308.0,Free
10083,Moto Voice,TOOLS,Everyone,Tools,10000000.0,0.0,4.1,33216.0,Free
10084,Moto Z Market,TOOLS,Everyone,Tools,1000000.0,0.0,2.2,605.0,Free
10085,Motorola Alert,TOOLS,Everyone,Tools,50000000.0,0.0,4.2,24199.0,Free
10086,Motorola Assist,TOOLS,Everyone,Tools,50000000.0,0.0,4.1,37333.0,Free
10087,MPS CL,TOOLS,Everyone,Tools,10.0,0.0,,1.0,Free
10088,My CW,TOOLS,Everyone,Tools,100.0,0.0,3.0,1.0,Free
10089,My FR App,TOOLS,Everyone,Tools,100.0,0.0,,2.0,Free
10090,My love,TOOLS,Everyone,Tools,10000000.0,0.0,3.5,163997.0,Free
10091,My Ooredoo Algeria,TOOLS,Everyone,Tools,100000.0,0.0,4.2,3606.0,Free
10092,My Telcel,TOOLS,Everyone,Tools,50000000.0,0.0,3.1,45838.0,Free
10093,My Truck,TOOLS,Everyone,Tools,10000.0,0.0,2.5,247.0,Free
10094,myMetro,TOOLS,Everyone,Tools,10000000.0,0.0,4.0,26189.0,Free
10095,myQ,TOOLS,Everyone,Tools,100000.0,0.0,3.6,3642.0,Free
10096,MyScript Calculator,TOOLS,Everyone,Tools;Education,10000000.0,0.0,4.5,342336.0,Free
10097,mySharpBranded CI Test,TOOLS,Everyone,Tools,1.0,0.0,,0.0,Free
10098,NDS-controller,TOOLS,Everyone,Tools,1000.0,0.0,3.3,35.0,Free
10099,NETGEAR WiFi Analytics,TOOLS,Everyone,Tools,1000000.0,0.0,4.1,9496.0,Free
10100,Network Signal Info,TOOLS,Everyone,Tools,1000000.0,0.0,4.1,33926.0,Free
10101,Next Portuguese(BR) Langpack,TOOLS,Everyone,Tools,100000.0,0.0,4.3,1320.0,Free
10102,Nokia mobile support,TOOLS,Everyone,Tools,5000000.0,0.0,4.4,12215.0,Free
10103,Norton Security and Antivirus,TOOLS,Everyone,Tools,10000000.0,0.0,4.6,1170641.0,Free
10104,O Launcher,TOOLS,Everyone,Tools,100000.0,0.0,4.3,2059.0,Free
10105,O Launcher 8.0 for Android™ O Oreo Launcher,TOOLS,Everyone,Tools,1000000.0,0.0,4.4,11393.0,Free
10106,"O Multiple - App Cloner, Duals APP, tarallel",TOOLS,Everyone,Tools,50000.0,0.0,3.9,145.0,Free
10107,Open in WhatsApp (click to chat),TOOLS,Everyone,Tools,1000000.0,0.0,4.2,12121.0,Free
10108,OpenGL ES CapsViewer,TOOLS,Everyone,Tools,10000.0,0.0,4.6,78.0,Free
10109,OpenGL ES Extensions - The OpenGL Utility,TOOLS,Everyone,Tools,50000.0,0.0,4.2,513.0,Free
10110,OpenGL-ES Info,TOOLS,Everyone,Tools,10000.0,0.0,4.3,249.0,Free
10111,OpenVPN Connect – Fast & Safe SSL VPN Client,TOOLS,Everyone,Tools,10000000.0,0.0,4.2,154578.0,Free
10112,osmino Wi-Fi: free WiFi,TOOLS,Everyone,Tools,10000000.0,0.0,4.2,134203.0,Free
10113,osmino Wi-Fi: free WiFi,TOOLS,Everyone,Tools,10000000.0,0.0,4.2,134203.0,Free
10114,OSRAM BT Control,TOOLS,Everyone,Tools,1000.0,0.0,,2.0,Free
10115,P9 Launcher - Android™ 9.0 P Launcher Style,TOOLS,Everyone,Tools,100000.0,0.0,4.3,1162.0,Free
10116,Painel EJ SSH - INTERNET GRÁTIS,TOOLS,Everyone,Tools,50.0,0.0,,10.0,Free
10117,Papyrus Ex,TOOLS,Everyone,Tools,100000.0,0.0,4.6,1092.0,Free
10118,"Parallel U - App Cloner, Duals APP, tarallel",TOOLS,Everyone,Tools,500000.0,0.0,4.1,3315.0,Free
10119,ParaTek Ai Speech generator,TOOLS,Everyone,Tools,50000.0,0.0,3.6,448.0,Free
10120,Patron DB,TOOLS,Everyone,Tools,5000.0,0.0,3.9,64.0,Free
10121,PDF Reader – PDF Editor 2018,TOOLS,Everyone,Tools,500000.0,0.0,4.1,1648.0,Free
10122,Penny Puss,TOOLS,Everyone,Tools,1000.0,4.99,3.0,19.0,Paid
10123,Phone,TOOLS,Everyone,Tools,10000000.0,0.0,3.6,45483.0,Free
10124,"Phone X Launcher, OS 11 iLauncher & Control Center",TOOLS,Everyone,Tools,5000000.0,0.0,4.2,54063.0,Free
10125,Photo Compress 2.0 - Ad Free,TOOLS,Everyone,Tools,1000000.0,0.0,4.1,6267.0,Free
10126,photo keypad lockscreen,TOOLS,Everyone,Tools,10000000.0,0.0,4.1,225544.0,Free
10127,Plug-in app (System AC),TOOLS,Everyone,Tools,10000.0,0.0,3.6,126.0,Free
10128,Poke Genie - Safe IV Calculator,TOOLS,Everyone,Tools,1000000.0,0.0,4.7,92958.0,Free
10129,Power Widget,TOOLS,Everyone,Tools,10000.0,1.99,4.2,928.0,Paid
10130,Powershop AU,TOOLS,Everyone,Tools,10000.0,0.0,4.0,498.0,Free
10131,Preferences Manager and SQLite DB Viewer,TOOLS,Everyone,Tools,1000.0,0.0,3.5,13.0,Free
10132,ProconLegis-DF,TOOLS,Everyone,Tools,5.0,0.0,,2.0,Free
10133,ProGrade BT,TOOLS,Everyone,Tools,500.0,0.0,,0.0,Free
10134,Project Fi by Google,TOOLS,Everyone,Tools,1000000.0,0.0,4.6,7342.0,Free
10135,Punjab Online - Land Records • EB Bill Pay • RC/DL,TOOLS,Everyone,Tools,5000.0,0.0,3.4,16.0,Free
10136,Putzmeister Experts,TOOLS,Everyone,Tools,1000.0,0.0,4.6,21.0,Free
10137,Puzzle Alarm Clock ⏰,TOOLS,Everyone,Tools,1000000.0,0.0,4.3,32111.0,Free
10138,Q Call,TOOLS,Everyone,Tools,1000.0,0.0,,20.0,Free
10139,Q Remote Control,TOOLS,Everyone,Tools,500000.0,0.0,3.8,4264.0,Free
10140,qEG APP / Química EG SRL,TOOLS,Everyone,Tools,10.0,0.0,,0.0,Free
10141,QR & Barcode Scanner BX PRO,TOOLS,Everyone,Tools,1000.0,0.0,,4.0,Free
10142,QR BARCODE SCANNER,TOOLS,Everyone,Tools,10000000.0,0.0,3.8,169369.0,Free
10143,QR Code Reader,TOOLS,Everyone,Tools,50000000.0,0.0,4.0,495971.0,Free
10144,Q-See QC View,TOOLS,Everyone,Tools,100000.0,0.0,3.1,657.0,Free
10145,Q-See QT View,TOOLS,Everyone,Tools,100000.0,0.0,3.6,7357.0,Free
10146,Q-slope,TOOLS,Everyone,Tools,50.0,1.76,4.5,2.0,Paid
10147,R File Manager,TOOLS,Everyone,Tools,50.0,0.0,4.8,17.0,Free
10148,RAM Cleanup Ad-Free Option,TOOLS,Everyone,Tools,10000.0,2.99,4.4,457.0,Paid
10149,RAR,TOOLS,Everyone,Tools,50000000.0,0.0,4.4,669901.0,Free
10150,ReactNative BG Geolocation,TOOLS,Everyone,Tools,1000.0,0.0,5.0,5.0,Free
10151,ReDNAKET DB Normalization Tool,TOOLS,Everyone,Tools,10.0,0.99,,0.0,Paid
10152,Reindeer VPN - Proxy VPN,TOOLS,Everyone,Tools,100000.0,0.0,4.2,7339.0,Free
10153,Remote | Fire TV | Android TV | KODI | CetusPlay,TOOLS,Everyone,Tools,1000000.0,0.0,4.4,15911.0,Free
10154,Remote CT - Smart Remote,TOOLS,Everyone,Tools,1000000.0,0.0,3.5,3988.0,Free
10155,Remote For ATT U-verse TV - NOW FREE,TOOLS,Everyone,Tools,5000.0,0.0,2.5,20.0,Free
10156,Remote for Onkyo AV Receivers & Smart TV/Blu-Ray,TOOLS,Everyone,Tools,100000.0,0.0,3.7,701.0,Free
10157,Remote for Panasonic TV+BD+AVR,TOOLS,Everyone,Tools,100000.0,0.0,3.7,533.0,Free
10158,Remote For Pioneer AV Receivers and Blu-Ray,TOOLS,Everyone,Tools,50000.0,0.0,3.4,150.0,Free
10159,Remote for Samsung TV & BluRay Players (Read Desc),TOOLS,Everyone,Tools,500000.0,0.0,3.3,1988.0,Free
10160,Remote for Sony TV & Sony Blu-Ray Players MyAV,TOOLS,Everyone,Tools,1000000.0,0.0,3.4,3491.0,Free
10161,Remote Link (PC Remote),TOOLS,Everyone,Tools,10000000.0,0.0,4.5,87055.0,Free
10162,Resume Maker / CV creator & Templates,TOOLS,Everyone,Tools,5000.0,0.0,4.2,54.0,Free
10163,Roland DG Mobile Panel,TOOLS,Everyone,Tools,1000.0,0.0,2.8,27.0,Free
10164,Roman Clock AW-7,TOOLS,Everyone,Tools,5000.0,0.0,4.4,52.0,Free
10165,Ruler,TOOLS,Everyone,Tools,1000000.0,0.0,4.5,27180.0,Free
10166,"Ruler & Area Measurement (cm, inch)",TOOLS,Everyone,Tools,10000.0,0.0,4.3,10.0,Free
10167,Ruler cm,TOOLS,Everyone,Tools,100000.0,0.0,3.6,661.0,Free
10168,"Ruler(cm, inch)",TOOLS,Everyone,Tools,500000.0,0.0,3.4,2889.0,Free
10169,S Pen Keeper,TOOLS,Everyone,Tools,50000.0,0.0,3.8,560.0,Free
10170,S Player - Lightest and Most Powerful Video Player,TOOLS,Everyone,Tools,1000000.0,0.0,4.6,14224.0,Free
10171,"S S9 Launcher - Galaxy S8/S9 Launcher, theme, cool",TOOLS,Everyone,Tools,1000000.0,0.0,4.4,22503.0,Free
10172,Sam.BN,TOOLS,Everyone,Tools,1000.0,0.0,,83.0,Free
10173,Sam.BN Pro,TOOLS,Everyone,Tools,10.0,0.99,,11.0,Paid
10174,Samsung Calculator,TOOLS,Everyone,Tools,100000000.0,0.0,4.4,9602.0,Free
10175,Samsung Max - Data Savings & Privacy Protection,TOOLS,Everyone,Tools,10000000.0,0.0,4.3,330468.0,Free
10176,Samsung Smart Switch Mobile,TOOLS,Everyone,Tools,100000000.0,0.0,4.3,146913.0,Free
10177,Samsung TV AV Guide 2016,TOOLS,Everyone,Tools,5000.0,0.0,4.2,27.0,Free
10178,Sanu Ek Pal Chain - Raid,TOOLS,Everyone,Tools,500.0,0.0,,1.0,Free
10179,Satellite Director,TOOLS,Everyone,Tools,10000000.0,0.0,4.1,45610.0,Free
10180,Scale Models DB,TOOLS,Everyone,Tools,50.0,2.99,4.4,9.0,Paid
10181,Schengen/EU App,TOOLS,Everyone,Tools,1000.0,0.0,4.0,24.0,Free
10182,Scientific Calculator Free,TOOLS,Everyone,Tools,1000000.0,0.0,4.3,16395.0,Free
10183,ScorePal,TOOLS,Everyone,Tools,10000.0,0.0,4.5,1439.0,Free
10184,Screen Lock,TOOLS,Everyone,Tools,1000000.0,0.0,4.2,68309.0,Free
10185,Screen Lock - with Fingerprint Simulator,TOOLS,Everyone,Tools,10000000.0,0.0,3.7,338449.0,Free
10186,Screen Off and Lock,TOOLS,Everyone,Tools,10000000.0,0.0,4.1,172990.0,Free
10187,SD card backup,TOOLS,Everyone,Tools,1000000.0,0.0,,142.0,Free
10188,SDV Cam,TOOLS,Everyone,Tools,10000.0,0.0,3.2,67.0,Free
10189,Secret Codes For Android,TOOLS,Everyone,Tools,500000.0,0.0,3.6,6060.0,Free
10190,"Security Master - Antivirus, VPN, AppLock, Booster",TOOLS,Everyone,Tools,500000000.0,0.0,4.7,24900999.0,Free
10191,Selfie DV,TOOLS,Everyone,Tools,1000.0,0.0,2.8,29.0,Free
10192,SenseView BT Zephyr Sensor,TOOLS,Everyone,Tools,5000.0,0.0,4.3,37.0,Free
10193,Servers Ultimate Pack B,TOOLS,Everyone,Tools,50000.0,0.0,4.3,668.0,Free
10194,Service Disabler,TOOLS,Everyone,Tools,100000.0,0.0,4.3,534.0,Free
10195,Servidor Privado CR y CoC - Royale Servers PRO,TOOLS,Everyone,Tools,100.0,1.99,,55.0,Paid
10196,Share Music & Transfer Files - Xender,TOOLS,Everyone,Tools,100000000.0,0.0,4.4,1280423.0,Free
10197,Share Music & Transfer Files - Xender,TOOLS,Everyone,Tools,100000000.0,0.0,4.4,1279109.0,Free
10198,SHAREit - Transfer & Share,TOOLS,Everyone,Tools,500000000.0,0.0,4.6,7790693.0,Free
10199,SHAREit - Transfer & Share,TOOLS,Everyone,Tools,500000000.0,0.0,4.6,7775146.0,Free
10200,Signal Info,TOOLS,Everyone,Tools,10000.0,0.0,4.6,424.0,Free
10201,Signal Spy - Monitor Signal Strength & Data Usage,TOOLS,Everyone,Tools,100000.0,0.0,4.4,875.0,Free
10202,Silence Premium Do Not Disturb,TOOLS,Everyone,Tools,10000.0,2.95,4.5,3356.0,Paid
10203,SIM Card Info,TOOLS,Everyone,Tools,1000000.0,0.0,4.1,4234.0,Free
10204,Simple Gallery,TOOLS,Everyone,Tools,1000000.0,0.0,4.5,28030.0,Free
10205,Simple Photo BG Changer,TOOLS,Everyone,Tools,10.0,0.0,,1.0,Free
10206,Simpli CT,TOOLS,Everyone,Tools,100.0,0.0,,4.0,Free
10207,Smart Air Conditioner,TOOLS,Everyone,Tools,500000.0,0.0,3.3,4786.0,Free
10208,Smart Air Conditioner(CAC),TOOLS,Everyone,Tools,50000.0,0.0,3.2,409.0,Free
10209,Smart AppLock (App Protect),TOOLS,Everyone,Tools,10000000.0,0.0,4.4,137562.0,Free
10210,Smart Keyboard Trial,TOOLS,Everyone,Tools,10000000.0,0.0,4.1,65597.0,Free
10211,Smart TV Remote,TOOLS,Everyone,Tools,10000000.0,0.0,3.5,81747.0,Free
10212,SMS AI Bot,TOOLS,Everyone,Tools,10000.0,0.0,3.8,89.0,Free
10213,Software Update,TOOLS,Everyone,Tools,1000000.0,0.0,4.4,8259.0,Free
10214,SOLEM AG,TOOLS,Everyone,Tools,1000.0,0.0,,1.0,Free
10215,Solo Locker (DIY Locker),TOOLS,Everyone,Tools,10000000.0,0.0,4.5,474439.0,Free
10216,Sound Meter,TOOLS,Everyone,Tools,10000000.0,0.0,4.7,88993.0,Free
10217,Sound Recorder: Recorder & Voice Changer Free,TOOLS,Everyone,Tools,10000000.0,0.0,3.9,14552.0,Free
10218,"Speed Booster - Ram, Battery & Game Speed Booster",TOOLS,Everyone,Tools,1000000.0,0.0,4.7,85079.0,Free
10219,Speed Test - WiFi / Cellular speed test,TOOLS,Everyone,Tools,1000000.0,0.0,4.1,24226.0,Free
10220,Speedcheck,TOOLS,Everyone,Tools,1000000.0,0.0,4.6,48979.0,Free
10221,Speedometer with G-FORCE meter,TOOLS,Everyone,Tools,50000.0,0.0,3.8,415.0,Free
10222,Speedtest by Ookla,TOOLS,Everyone,Tools,100000000.0,0.0,4.4,1028794.0,Free
10223,SportCAM,TOOLS,Everyone,Tools,100000.0,0.0,3.2,427.0,Free
10224,SQLite DB Reader,TOOLS,Everyone,Tools,50000.0,0.0,3.6,301.0,Free
10225,Square Analog Clock AW-7,TOOLS,Everyone,Tools,50000.0,0.0,4.2,294.0,Free
10226,Super Flashlight + LED,TOOLS,Everyone,Tools,5000000.0,0.0,4.3,54207.0,Free
10227,"Super P Launcher for Android P 9.0 launcher, theme",TOOLS,Everyone,Tools,100000.0,0.0,4.4,2026.0,Free
10228,SuperVPN Free VPN Client,TOOLS,Everyone,Tools,50000000.0,0.0,4.3,576454.0,Free
10229,SurfEasy Secure Android VPN,TOOLS,Everyone,Tools,5000000.0,0.0,4.5,273283.0,Free
10230,SW-DB,TOOLS,Teen,Tools,10000.0,0.0,4.5,954.0,Free
10231,System Update Free,TOOLS,Everyone,Tools,100000.0,0.0,4.3,3068.0,Free
10232,Tamilnadu Electricity Info,TOOLS,Everyone,Tools,10000.0,0.0,3.6,216.0,Free
10233,Tasker,TOOLS,Everyone,Tools,1000000.0,2.99,4.6,43045.0,Paid
10234,Terminal Emulator for Android,TOOLS,Everyone,Tools,10000000.0,0.0,4.4,113951.0,Free
10235,Tester EP,TOOLS,Everyone,Tools,100.0,0.0,,9.0,Free
10236,Texas Hold'em EV Calculator,TOOLS,Everyone,Tools,1000.0,0.0,3.7,6.0,Free
10237,The translator,TOOLS,Everyone,Tools,1000000.0,0.0,4.5,23805.0,Free
10238,The Zueira's Voice,TOOLS,Everyone,Tools,1000000.0,0.0,4.7,136540.0,Free
10239,Third Eye,TOOLS,Everyone,Tools,1000000.0,0.0,4.4,19877.0,Free
10240,Tiny Flashlight + LED,TOOLS,Everyone,Tools,100000000.0,0.0,4.4,4254879.0,Free
10241,T-Mobile,TOOLS,Everyone,Tools,10000000.0,0.0,4.3,482630.0,Free
10242,T-Mobile Visual Voicemail,TOOLS,Everyone,Tools,50000000.0,0.0,3.6,41502.0,Free
10243,TN Patta Chitta EC Info,TOOLS,Everyone,Tools,100000.0,0.0,4.2,1611.0,Free
10244,"TN Patta, Chitta, EC",TOOLS,Everyone,Tools,100000.0,0.0,4.1,633.0,Free
10245,TNEB Reading,TOOLS,Everyone,Tools,10000.0,0.0,4.1,28.0,Free
10246,TorrDroid - Torrent Downloader,TOOLS,Everyone,Tools,1000000.0,0.0,4.7,59632.0,Free
10247,TOSHIBA Smart AC,TOOLS,Everyone,Tools,10000.0,0.0,2.6,60.0,Free
10248,TouchPal Keyboard for vivo,TOOLS,Everyone,Tools,1000000.0,0.0,4.3,357.0,Free
10249,Trane Interactive Smart AC,TOOLS,Everyone,Tools,10000.0,0.0,2.8,48.0,Free
10250,Translate: text & voice translator,TOOLS,Everyone,Tools,5000000.0,0.0,4.3,122010.0,Free
10251,Trazado de tuberia El Tubero,TOOLS,Everyone,Tools,10000.0,1.97,4.5,313.0,Paid
10252,Trinomial Factoring Wizard,TOOLS,Everyone,Tools,1000.0,0.99,4.0,22.0,Paid
10253,TuenMun BM,TOOLS,Everyone,Tools,1000.0,0.0,,6.0,Free
10254,Tuner - gStrings Free,TOOLS,Everyone,Tools,10000000.0,0.0,4.5,214265.0,Free
10255,TunnelBear VPN,TOOLS,Everyone,Tools,5000000.0,0.0,4.4,139480.0,Free
10256,Turbo Download Manager (and Browser),TOOLS,Everyone,Tools,5000000.0,0.0,4.0,32879.0,Free
10257,Turbo Downloader,TOOLS,Everyone,Tools,5000000.0,0.0,3.9,23348.0,Free
10258,Turnotronik CL,TOOLS,Everyone,Tools,10.0,0.0,,1.0,Free
10259,U get - Wireless Speed Test,TOOLS,Everyone,Tools,5000.0,0.0,4.2,26.0,Free
10260,U Guard,TOOLS,Everyone,Tools,10000.0,0.0,3.0,245.0,Free
10261,UFO-CQ,TOOLS,Everyone,Tools,10.0,0.99,,1.0,Paid
10262,UniFi,TOOLS,Everyone,Tools,500000.0,0.0,4.7,11018.0,Free
10263,Unit Converter,TOOLS,Everyone,Tools,1000000.0,0.0,4.5,85387.0,Free
10264,Unit Converter Pro,TOOLS,Everyone,Tools,1000000.0,0.0,4.5,12718.0,Free
10265,Universal AC Remote Control,TOOLS,Everyone,Tools,1000000.0,0.0,3.8,40934.0,Free
10266,Unseen - No Last Seen,TOOLS,Everyone,Tools,5000000.0,0.0,4.4,103909.0,Free
10267,Upgrade for Android DU Master,TOOLS,Everyone,Tools,1000000.0,0.0,3.6,12993.0,Free
10268,USB BT Wi-Fi Color Terminal Modem,TOOLS,Everyone,Tools,5.0,8.99,,0.0,Paid
10269,U-Scan,TOOLS,Everyone,Tools,50000.0,0.0,3.4,784.0,Free
10270,Vehicle Case Checker BD,TOOLS,Everyone,Tools,10000.0,0.0,3.7,29.0,Free
10271,Verdant EI,TOOLS,Everyone,Tools,50.0,0.0,,0.0,Free
10272,Victoria EC,TOOLS,Everyone,Tools,500.0,0.0,5.0,5.0,Free
10273,VictronConnect,TOOLS,Everyone,Tools,50000.0,0.0,3.8,400.0,Free
10274,Video Download For FB,TOOLS,Everyone,Tools,100000.0,0.0,4.3,444.0,Free
10275,Video Downloader for Facebook,TOOLS,Teen,Tools,50000000.0,0.0,4.6,894435.0,Free
10276,Video Downloader for FB,TOOLS,Everyone,Tools,5000.0,0.0,4.3,53.0,Free
10277,Video Downloader For FB: Save FB Videos 2018,TOOLS,Everyone,Tools,50000.0,0.0,4.3,434.0,Free
10278,Vip视频免费看-BT磁力搜索,TOOLS,Everyone,Tools,1000.0,0.0,,20.0,Free
10279,Virtual DJ Mixer,TOOLS,Everyone,Tools,100000.0,0.0,4.2,2013.0,Free
10280,Virtual DJ Sound Mixer,TOOLS,Everyone,Tools,500000.0,0.0,4.2,4010.0,Free
10281,Virtual Eye AI,TOOLS,Everyone,Tools,500.0,0.0,4.4,26.0,Free
10282,VITEK EH DVR Viewer (Pro),TOOLS,Everyone,Tools,10000.0,0.0,3.5,78.0,Free
10283,VIVA BH,TOOLS,Everyone,Tools,100000.0,0.0,4.0,2055.0,Free
10284,VOLT DROP CALCULATOR BS 7671,TOOLS,Everyone,Tools,10000.0,0.0,3.9,71.0,Free
10285,Volume Control Ex,TOOLS,Everyone,Tools,100.0,1.49,4.2,5.0,Paid
10286,Volume Slider Like Android P Volume Control,TOOLS,Everyone,Tools,10000.0,0.99,4.1,1129.0,Paid
10287,Vote 4 DC,TOOLS,Everyone,Tools,1000.0,0.0,4.1,46.0,Free
10288,"VPN - Fast, Secure & Unlimited WiFi with VyprVPN",TOOLS,Everyone,Tools,1000000.0,0.0,4.2,40676.0,Free
10289,VPN Free - Betternet Hotspot VPN & Private Browser,TOOLS,Everyone,Tools,10000000.0,0.0,4.5,801054.0,Free
10290,VPN Free - Betternet Hotspot VPN & Private Browser,TOOLS,Everyone,Tools,10000000.0,0.0,4.5,799206.0,Free
10291,Vpn Hosts (ad blocker & no root & support ipv6 ),TOOLS,Everyone,Tools,10000.0,2.99,4.4,319.0,Paid
10292,Walk Freely (Ec Shlire),TOOLS,Everyone,Tools,1000.0,0.0,4.7,62.0,Free
10293,Watch AW-7,TOOLS,Everyone,Tools,50000.0,0.0,4.2,249.0,Free
10294,Webmail web mobile app,TOOLS,Everyone,Tools,100000.0,0.0,2.3,395.0,Free
10295,weight conversion calculator,TOOLS,Everyone,Tools,100000.0,0.0,4.0,807.0,Free
10296,What is my IP address,TOOLS,Everyone,Tools,500000.0,0.0,4.5,4228.0,Free
10297,WhatsVPN - Unlimited Free VPN,TOOLS,Everyone,Tools,500000.0,0.0,4.7,24985.0,Free
10298,Where Am I?,TOOLS,Everyone,Tools,100000.0,0.0,4.2,1313.0,Free
10299,Wifi Analyzer,TOOLS,Everyone,Tools,10000000.0,0.0,4.4,335115.0,Free
10300,WiFi Automatic,TOOLS,Everyone,Tools,1000000.0,0.0,4.1,10595.0,Free
10301,Wifi Inspector,TOOLS,Everyone,Tools,5000000.0,0.0,4.3,63712.0,Free
10302,Wi-Fi Master,TOOLS,Everyone,Tools,500000.0,0.0,4.5,3673.0,Free
10303,WiFi Monitor Pro - analyzer of Wi-Fi networks,TOOLS,Everyone,Tools,1000.0,2.99,4.6,85.0,Paid
10304,WiFi Overview 360,TOOLS,Everyone,Tools,1000000.0,0.0,4.1,15693.0,Free
10305,Wi-Fi Rabbit Unlock Key,TOOLS,Everyone,Tools,5000.0,1.0,4.5,142.0,Paid
10306,Wi-Fi settings shortcut,TOOLS,Everyone,Tools,50000.0,0.0,4.1,479.0,Free
10307,Wi-Fi Visualizer,TOOLS,Everyone,Tools,50000.0,0.0,3.9,132.0,Free
10308,WIFI WPS WPA TESTER,TOOLS,Everyone,Tools,10000000.0,0.0,4.3,352097.0,Free
10309,WISE- MOBILE PORTAL,TOOLS,Everyone,Tools,500.0,0.0,,3.0,Free
10310,WoW AH Tracker,TOOLS,Everyone,Tools,10000.0,0.0,2.9,33.0,Free
10311,WPSApp,TOOLS,Everyone,Tools,10000000.0,0.0,4.4,95080.0,Free
10312,X Home Bar - Free,TOOLS,Everyone,Tools,100000.0,0.0,4.6,4210.0,Free
10313,X Home Bar - Home Bar Gesture Pro,TOOLS,Everyone,Tools,10000.0,1.99,4.0,88.0,Paid
10314,XML Editor CR,TOOLS,Everyone,Tools,5000.0,0.0,3.3,47.0,Free
10315,X-Plane to GPS,TOOLS,Everyone,Tools,5000.0,0.99,4.2,161.0,Paid
10316,X-plore File Manager,TOOLS,Everyone,Tools,10000000.0,0.0,4.6,168487.0,Free
10317,X-VPN - Free Unlimited VPN Proxy,TOOLS,Everyone,Tools,5000000.0,0.0,4.5,40617.0,Free
10318,"Zapya - File Transfer, Sharing",TOOLS,Teen,Tools,10000000.0,0.0,4.6,387958.0,Free
10319,ZArchiver,TOOLS,Everyone,Tools,10000000.0,0.0,4.5,337242.0,Free
10320,ZArchiver Donate,TOOLS,Everyone,Tools,10000.0,2.5,4.8,1721.0,Paid
10321,ZenUI Help,TOOLS,Everyone,Tools,10000000.0,0.0,4.6,136874.0,Free
10322,"ZenUI Keyboard – Emoji, Theme",TOOLS,Everyone,Tools,10000000.0,0.0,4.5,537554.0,Free
10323,ZERO Lock Screen,TOOLS,Everyone,Tools,1000000.0,0.0,3.5,75336.0,Free
10324,"Zetup, print in one click",TOOLS,Everyone,Tools,1000.0,0.0,,40.0,Free
10325,24/7 BZ Reis,TRAVEL_AND_LOCAL,Everyone,Travel & Local,100000.0,0.0,3.1,421.0,Free
10326,2GIS: directory & navigator,TRAVEL_AND_LOCAL,Everyone,Travel & Local,50000000.0,0.0,4.5,768833.0,Free
10327,Agoda – Hotel Booking Deals,TRAVEL_AND_LOCAL,Everyone,Travel & Local,10000000.0,0.0,4.6,263525.0,Free
10328,Air Transat CinePlus B,TRAVEL_AND_LOCAL,Everyone,Travel & Local,50000.0,0.0,2.2,83.0,Free
10329,AirAsia,TRAVEL_AND_LOCAL,Everyone,Travel & Local,10000000.0,0.0,3.9,98585.0,Free
10330,Airbnb,TRAVEL_AND_LOCAL,Everyone,Travel & Local,10000000.0,0.0,4.4,359403.0,Free
10331,Airbnb,TRAVEL_AND_LOCAL,Everyone,Travel & Local,10000000.0,0.0,4.4,359560.0,Free
10332,Airport + Flight Tracker Radar,TRAVEL_AND_LOCAL,Everyone,Travel & Local,1000000.0,0.0,4.2,6762.0,Free
10333,Alabama Road Trips,TRAVEL_AND_LOCAL,Everyone,Travel & Local,10000.0,0.0,4.4,71.0,Free
10334,Allegiant,TRAVEL_AND_LOCAL,Everyone,Travel & Local,1000000.0,0.0,3.1,5572.0,Free
10335,American Airlines,TRAVEL_AND_LOCAL,Everyone,Travel & Local,5000000.0,0.0,3.7,16980.0,Free
10336,American Airlines,TRAVEL_AND_LOCAL,Everyone,Travel & Local,5000000.0,0.0,3.7,16980.0,Free
10337,American Airlines,TRAVEL_AND_LOCAL,Everyone,Travel & Local,5000000.0,0.0,3.7,16973.0,Free
10338,Amtrak,TRAVEL_AND_LOCAL,Everyone,Travel & Local,1000000.0,0.0,3.7,16815.0,Free
10339,Arizona Trail,TRAVEL_AND_LOCAL,Everyone,Travel & Local,5000.0,0.0,4.7,65.0,Free
10340,Ascape VR: 360° Virtual Travel,TRAVEL_AND_LOCAL,Everyone,Travel & Local;Action & Adventure,100000.0,0.0,4.1,890.0,Free
10341,"AT&T Navigator: Maps, Traffic",TRAVEL_AND_LOCAL,Everyone,Travel & Local,10000000.0,0.0,3.6,32862.0,Free
10342,Audiowalk EB,TRAVEL_AND_LOCAL,Everyone,Travel & Local,10.0,0.0,,0.0,Free
10343,Avios for Android,TRAVEL_AND_LOCAL,Everyone,Travel & Local,100000.0,0.0,2.5,862.0,Free
10344,BA Status,TRAVEL_AND_LOCAL,Everyone,Travel & Local,100.0,0.0,,0.0,Free
10345,BC Highways - Road Conditions,TRAVEL_AND_LOCAL,Everyone,Travel & Local,10000.0,0.0,4.4,382.0,Free
10346,Belo Horizonte Map offline,TRAVEL_AND_LOCAL,Everyone,Travel & Local,1000.0,0.0,,11.0,Free
10347,Best Western e-Concierge Hotel,TRAVEL_AND_LOCAL,Everyone,Travel & Local,10000.0,0.0,4.0,41.0,Free
10348,Best Western To Go,TRAVEL_AND_LOCAL,Teen,Travel & Local,100000.0,0.0,3.0,2719.0,Free
10349,BG Guide,TRAVEL_AND_LOCAL,Everyone,Travel & Local,100.0,0.0,5.0,3.0,Free
10350,BG Metro - Red voznje,TRAVEL_AND_LOCAL,Everyone,Travel & Local,1000.0,0.0,4.8,89.0,Free
10351,BH Mission Playbook,TRAVEL_AND_LOCAL,Everyone,Travel & Local,100.0,0.0,,0.0,Free
10352,BH Rocking,TRAVEL_AND_LOCAL,Everyone,Travel & Local,100.0,0.0,,13.0,Free
10353,Bird - Enjoy The Ride,TRAVEL_AND_LOCAL,Everyone,Travel & Local,500000.0,0.0,4.3,2649.0,Free
10354,BL info,TRAVEL_AND_LOCAL,Everyone,Travel & Local,5000.0,0.0,4.1,98.0,Free
10355,Booking.com Travel Deals,TRAVEL_AND_LOCAL,Everyone,Travel & Local,100000000.0,0.0,4.7,1830388.0,Free
10356,Booking.com Travel Deals,TRAVEL_AND_LOCAL,Everyone,Travel & Local,100000000.0,0.0,4.7,1830387.0,Free
10357,Booking.com Travel Deals,TRAVEL_AND_LOCAL,Everyone,Travel & Local,100000000.0,0.0,4.7,1830388.0,Free
10358,BPme - Mobile Fuel Payment & BP Driver Rewards app,TRAVEL_AND_LOCAL,Everyone,Travel & Local,10000.0,0.0,3.0,69.0,Free
10359,British Airways,TRAVEL_AND_LOCAL,Everyone,Travel & Local,1000000.0,0.0,4.2,25740.0,Free
10360,British Airways,TRAVEL_AND_LOCAL,Everyone,Travel & Local,1000000.0,0.0,4.2,25726.0,Free
10361,British Columbia Tourist Places (Guide),TRAVEL_AND_LOCAL,Everyone,Travel & Local,100.0,0.0,4.0,1.0,Free
10362,BU Dental GoGoldman,TRAVEL_AND_LOCAL,Everyone,Travel & Local,100.0,0.0,,0.0,Free
10363,BU Questrom Launch,TRAVEL_AND_LOCAL,Everyone,Travel & Local,100.0,0.0,,3.0,Free
10364,BU School of Public Health,TRAVEL_AND_LOCAL,Everyone,Travel & Local,10.0,0.0,,0.0,Free
10365,BV Aventure,TRAVEL_AND_LOCAL,Everyone,Travel & Local,100.0,0.0,,0.0,Free
10366,BV Rando,TRAVEL_AND_LOCAL,Everyone,Travel & Local,100.0,0.0,,0.0,Free
10367,BW Map mobile,TRAVEL_AND_LOCAL,Everyone,Travel & Local,10000.0,0.0,3.6,57.0,Free
10368,BZ Straußenführer,TRAVEL_AND_LOCAL,Everyone,Travel & Local,10000.0,0.0,4.3,291.0,Free
10369,BZ Vesper-App,TRAVEL_AND_LOCAL,Everyone,Travel & Local,1000.0,0.0,4.1,60.0,Free
10370,California Cameras - Traffic,TRAVEL_AND_LOCAL,Everyone,Travel & Local,10000.0,0.0,4.0,305.0,Free
10371,Campervan.Guide Pro,TRAVEL_AND_LOCAL,Everyone,Travel & Local,10000.0,5.99,4.2,238.0,Paid
10372,Camping and Co - Camping in Europe,TRAVEL_AND_LOCAL,Everyone,Travel & Local,1000.0,0.0,3.7,19.0,Free
10373,Can I pack that? - DG App,TRAVEL_AND_LOCAL,Everyone,Travel & Local,10000.0,0.0,3.9,58.0,Free
10374,Casino AZ/Talking Stick Resort,TRAVEL_AND_LOCAL,Everyone,Travel & Local,10000.0,0.0,4.3,201.0,Free
10375,Cathay Pacific,TRAVEL_AND_LOCAL,Everyone,Travel & Local,1000000.0,0.0,3.3,4069.0,Free
10376,CE AH VLJ,TRAVEL_AND_LOCAL,Everyone,Travel & Local,1000.0,0.0,,1.0,Free
10377,Cheap Flights & Hotels momondo,TRAVEL_AND_LOCAL,Everyone,Travel & Local,5000000.0,0.0,4.2,42546.0,Free
10378,Cheap hotel deals and discounts — Hotellook,TRAVEL_AND_LOCAL,Everyone,Travel & Local,1000000.0,0.0,4.5,7153.0,Free
10379,Cheapflights – Flight Search,TRAVEL_AND_LOCAL,Everyone,Travel & Local,5000000.0,0.0,4.4,47780.0,Free
10380,Cheapflights – Flight Search,TRAVEL_AND_LOCAL,Everyone,Travel & Local,5000000.0,0.0,4.4,47777.0,Free
10381,"CheapTickets – Hotels, Flights & Travel Deals",TRAVEL_AND_LOCAL,Everyone,Travel & Local,1000000.0,0.0,4.4,6925.0,Free
10382,Choice Hotels,TRAVEL_AND_LOCAL,Everyone,Travel & Local,1000000.0,0.0,4.4,17915.0,Free
10383,CityMaps2Go Plan Trips Travel Guide Offline Maps,TRAVEL_AND_LOCAL,Everyone,Travel & Local,1000000.0,0.0,4.3,64713.0,Free
10384,CJ's Coffee Cafe,TRAVEL_AND_LOCAL,Everyone,Travel & Local,500.0,0.0,5.0,6.0,Free
10385,Connect.ae - Local Search UAE,TRAVEL_AND_LOCAL,Everyone,Travel & Local,10000.0,0.0,3.9,194.0,Free
10386,Couchsurfing Travel App,TRAVEL_AND_LOCAL,Teen,Travel & Local,1000000.0,0.0,4.4,61776.0,Free
10387,CQ Hotels,TRAVEL_AND_LOCAL,Everyone,Travel & Local,10000.0,0.0,4.3,15.0,Free
10388,CWT To Go,TRAVEL_AND_LOCAL,Everyone,Travel & Local,100000.0,0.0,4.4,20313.0,Free
10389,D.C. Driving/Walking Tours,TRAVEL_AND_LOCAL,Everyone,Travel & Local,50.0,4.99,,0.0,Paid
10390,DB BAHN,TRAVEL_AND_LOCAL,Everyone,Travel & Local,500.0,0.0,,4.0,Free
10391,DB FahrtProfi,TRAVEL_AND_LOCAL,Everyone,Travel & Local,1000.0,0.0,,1.0,Free
10392,DC Metro Transit,TRAVEL_AND_LOCAL,Everyone,Travel & Local,5000.0,2.99,4.5,339.0,Paid
10393,DC Metro Transit - Free,TRAVEL_AND_LOCAL,Everyone,Travel & Local,500000.0,0.0,4.4,6895.0,Free
10394,DC Trails-Hop On Hop Off Tours,TRAVEL_AND_LOCAL,Everyone,Travel & Local,5000.0,0.0,3.1,16.0,Free
10395,Despegar.com Hotels and Flights,TRAVEL_AND_LOCAL,Everyone,Travel & Local,10000000.0,0.0,4.4,150932.0,Free
10396,DG Cars,TRAVEL_AND_LOCAL,Everyone,Travel & Local,10000.0,0.0,2.6,122.0,Free
10397,Digital Tourist BH Itinerary,TRAVEL_AND_LOCAL,Everyone,Travel & Local,500.0,0.0,4.6,19.0,Free
10398,DK Eyewitness Audio Walks,TRAVEL_AND_LOCAL,Everyone,Travel & Local,1000.0,0.0,2.3,9.0,Free
10399,DM Transfers Dalaman Transfers,TRAVEL_AND_LOCAL,Everyone,Travel & Local,10000.0,0.0,,51.0,Free
10400,DreamStream By EL AL,TRAVEL_AND_LOCAL,Everyone,Travel & Local,100000.0,0.0,3.4,595.0,Free
10401,DreamTrips,TRAVEL_AND_LOCAL,Teen,Travel & Local,500000.0,0.0,4.7,9971.0,Free
10402,DW Maps,TRAVEL_AND_LOCAL,Everyone,Travel & Local,10000.0,0.0,3.7,35.0,Free
10403,DZ Fly Algérie Horaire Vols,TRAVEL_AND_LOCAL,Everyone,Travel & Local,10000.0,0.0,3.6,114.0,Free
10404,EA Plus,TRAVEL_AND_LOCAL,Everyone,Travel & Local,1000.0,0.0,2.5,12.0,Free
10405,easyJet: Travel App,TRAVEL_AND_LOCAL,Everyone,Travel & Local,10000000.0,0.0,4.4,134895.0,Free
10406,EB Events,TRAVEL_AND_LOCAL,Everyone,Travel & Local,10000.0,0.0,3.3,97.0,Free
10407,eCooltra: scooter sharing. Share electric scooters,TRAVEL_AND_LOCAL,Everyone,Travel & Local,100000.0,0.0,4.2,2822.0,Free
10408,EF Go Ahead Tour Companion,TRAVEL_AND_LOCAL,Everyone,Travel & Local,1000.0,0.0,2.3,23.0,Free
10409,EF Summits,TRAVEL_AND_LOCAL,Everyone,Travel & Local,100.0,0.0,,0.0,Free
10410,EG | Explore Folegandros,TRAVEL_AND_LOCAL,Everyone,Travel & Local,0.0,3.99,,0.0,Paid
10411,EG SIM CARD (EGSIMCARD),TRAVEL_AND_LOCAL,Everyone,Travel & Local,10000.0,0.0,4.4,105.0,Free
10412,Ek-yatri: Travel where you Belong,TRAVEL_AND_LOCAL,Everyone,Travel & Local,1.0,0.0,,0.0,Free
10413,EL AL Flights,TRAVEL_AND_LOCAL,Everyone,Travel & Local,100000.0,0.0,3.1,1563.0,Free
10414,El Dorado App,TRAVEL_AND_LOCAL,Everyone,Travel & Local,10000.0,0.0,4.4,221.0,Free
10415,EO Hotels,TRAVEL_AND_LOCAL,Everyone,Travel & Local,100.0,0.0,,4.0,Free
10416,Es-Bg Offline Voice Translator,TRAVEL_AND_LOCAL,Everyone,Travel & Local,10.0,1.49,,1.0,Paid
10417,Etihad Airways,TRAVEL_AND_LOCAL,Everyone,Travel & Local,500000.0,0.0,4.1,3674.0,Free
10418,"Expedia Hotels, Flights & Car Rental Travel Deals",TRAVEL_AND_LOCAL,Everyone,Travel & Local,10000000.0,0.0,4.1,136626.0,Free
10419,"Expedia Hotels, Flights & Car Rental Travel Deals",TRAVEL_AND_LOCAL,Everyone,Travel & Local,10000000.0,0.0,4.1,136633.0,Free
10420,"Expedia Hotels, Flights & Car Rental Travel Deals",TRAVEL_AND_LOCAL,Everyone,Travel & Local,10000000.0,0.0,4.1,136626.0,Free
10421,"Expedia Hotels, Flights & Car Rental Travel Deals",TRAVEL_AND_LOCAL,Everyone,Travel & Local,10000000.0,0.0,4.1,136626.0,Free
10422,Experience BA,TRAVEL_AND_LOCAL,Everyone,Travel & Local,100.0,0.0,,6.0,Free
10423,Explore British Columbia - BC Travel Guide,TRAVEL_AND_LOCAL,Everyone,Travel & Local,500.0,0.0,4.4,7.0,Free
10424,Explore Sedona & Northern AZ,TRAVEL_AND_LOCAL,Everyone,Travel & Local,10000.0,0.0,3.8,43.0,Free
10425,EZ TAG Express,TRAVEL_AND_LOCAL,Everyone,Travel & Local,10000.0,0.0,3.2,86.0,Free
10426,Fill 'er Up,TRAVEL_AND_LOCAL,Everyone,Travel & Local,5000.0,0.0,3.2,58.0,Free
10427,Find Dining Restaurant Finder,TRAVEL_AND_LOCAL,Everyone,Travel & Local,100000.0,0.0,4.1,427.0,Free
10428,FL State Parks Guide,TRAVEL_AND_LOCAL,Everyone,Travel & Local,100000.0,0.0,3.7,871.0,Free
10429,Flexiroam X,TRAVEL_AND_LOCAL,Everyone,Travel & Local,100000.0,0.0,4.0,875.0,Free
10430,Flight & Hotel Booking App - ixigo,TRAVEL_AND_LOCAL,Everyone,Travel & Local,5000000.0,0.0,4.4,45562.0,Free
10431,Flightradar24 Flight Tracker,TRAVEL_AND_LOCAL,Everyone,Travel & Local,10000000.0,0.0,4.3,171889.0,Free
10432,Flights,TRAVEL_AND_LOCAL,Everyone,Travel & Local,1000000.0,0.0,4.4,18039.0,Free
10433,Florida Beach Wallpapers HD,TRAVEL_AND_LOCAL,Everyone,Travel & Local,100.0,0.0,5.0,3.0,Free
10434,Florida Keys,TRAVEL_AND_LOCAL,Everyone,Travel & Local,10000.0,0.0,4.2,92.0,Free
10435,Florida map,TRAVEL_AND_LOCAL,Everyone,Travel & Local,5000.0,0.0,,11.0,Free
10436,Florida Map offline,TRAVEL_AND_LOCAL,Everyone,Travel & Local,1000.0,0.0,4.6,8.0,Free
10437,Florida Offline Road Map,TRAVEL_AND_LOCAL,Everyone,Travel & Local,10000.0,0.0,3.8,144.0,Free
10438,Florida Travel Guide,TRAVEL_AND_LOCAL,Everyone,Travel & Local,1000.0,0.0,3.8,11.0,Free
10439,Florida Travel Guide - TOURIAS,TRAVEL_AND_LOCAL,Everyone,Travel & Local,10000.0,0.0,3.8,80.0,Free
10440,Fly Delta,TRAVEL_AND_LOCAL,Everyone,Travel & Local,5000000.0,0.0,3.7,27560.0,Free
10441,Fly Delta,TRAVEL_AND_LOCAL,Everyone,Travel & Local,5000000.0,0.0,3.7,27560.0,Free
10442,Foursquare Swarm: Check In,TRAVEL_AND_LOCAL,Teen,Travel & Local,10000000.0,0.0,3.9,421800.0,Free
10443,Free Radar Detector,TRAVEL_AND_LOCAL,Everyone,Travel & Local,1000000.0,0.0,4.3,15680.0,Free
10444,Gaode Map,TRAVEL_AND_LOCAL,Everyone,Travel & Local,1000000.0,0.0,3.9,13275.0,Free
10445,GasBuddy: Find Cheap Gas,TRAVEL_AND_LOCAL,Mature 17+,Travel & Local,10000000.0,0.0,4.6,751551.0,Free
10446,Geo Tracker - GPS tracker,TRAVEL_AND_LOCAL,Everyone,Travel & Local,1000000.0,0.0,4.5,42849.0,Free
10447,Goibibo - Flight Hotel Bus Car IRCTC Booking App,TRAVEL_AND_LOCAL,Everyone,Travel & Local,10000000.0,0.0,4.3,459851.0,Free
10448,Google Earth,TRAVEL_AND_LOCAL,Everyone,Travel & Local,100000000.0,0.0,4.3,2338655.0,Free
10449,Google Earth,TRAVEL_AND_LOCAL,Everyone,Travel & Local,100000000.0,0.0,4.3,2339098.0,Free
10450,Google Street View,TRAVEL_AND_LOCAL,Everyone,Travel & Local,1000000000.0,0.0,4.2,2129689.0,Free
10451,Google Street View,TRAVEL_AND_LOCAL,Everyone,Travel & Local,1000000000.0,0.0,4.2,2129707.0,Free
10452,Google Trips - Travel Planner,TRAVEL_AND_LOCAL,Everyone,Travel & Local,5000000.0,0.0,4.1,26871.0,Free
10453,Gormey: Find Best Restaurants,TRAVEL_AND_LOCAL,Everyone,Travel & Local,1000.0,0.0,4.3,34.0,Free
10454,GPS Map Free,TRAVEL_AND_LOCAL,Everyone,Travel & Local,5000000.0,0.0,4.0,33782.0,Free
10455,GPS Status & Toolbox,TRAVEL_AND_LOCAL,Everyone,Travel & Local,10000000.0,0.0,4.5,149723.0,Free
10456,Greater London A-Z 2016,TRAVEL_AND_LOCAL,Everyone,Travel & Local,1000.0,8.49,3.7,40.0,Paid
10457,Hipmunk Hotels & Flights,TRAVEL_AND_LOCAL,Everyone,Travel & Local,1000000.0,0.0,4.3,16734.0,Free
10458,HomeAway Vacation Rentals,TRAVEL_AND_LOCAL,Everyone,Travel & Local,5000000.0,0.0,4.3,30403.0,Free
10459,Hopper - Watch & Book Flights,TRAVEL_AND_LOCAL,Everyone,Travel & Local,5000000.0,0.0,4.4,52029.0,Free
10460,Hopper - Watch & Book Flights,TRAVEL_AND_LOCAL,Everyone,Travel & Local,5000000.0,0.0,4.4,52028.0,Free
10461,Hostelworld: Hostels & Cheap Hotels Travel App,TRAVEL_AND_LOCAL,Everyone,Travel & Local,1000000.0,0.0,4.4,17878.0,Free
10462,Hostelworld: Hostels & Cheap Hotels Travel App,TRAVEL_AND_LOCAL,Everyone,Travel & Local,1000000.0,0.0,4.4,17878.0,Free
10463,HOTEL DEALS,TRAVEL_AND_LOCAL,Everyone,Travel & Local,100000.0,0.0,4.2,1609.0,Free
10464,Hotels Combined - Cheap deals,TRAVEL_AND_LOCAL,Everyone,Travel & Local,5000000.0,0.0,4.1,17202.0,Free
10465,Hotels.com: Book Hotel Rooms & Find Vacation Deals,TRAVEL_AND_LOCAL,Everyone,Travel & Local,10000000.0,0.0,4.5,260121.0,Free
10466,Hotels.com: Book Hotel Rooms & Find Vacation Deals,TRAVEL_AND_LOCAL,Everyone,Travel & Local,10000000.0,0.0,4.5,260133.0,Free
10467,HotelTonight: Book amazing deals at great hotels,TRAVEL_AND_LOCAL,Everyone,Travel & Local,5000000.0,0.0,4.4,57573.0,Free
10468,HotelTonight: Book amazing deals at great hotels,TRAVEL_AND_LOCAL,Everyone,Travel & Local,5000000.0,0.0,4.4,57573.0,Free
10469,HotelTonight: Book amazing deals at great hotels,TRAVEL_AND_LOCAL,Everyone,Travel & Local,5000000.0,0.0,4.4,57556.0,Free
10470,Hotwire Hotel & Car Rental App,TRAVEL_AND_LOCAL,Everyone,Travel & Local,1000000.0,0.0,4.3,10323.0,Free
10471,"HSL - Tickets, route planner and information",TRAVEL_AND_LOCAL,Everyone,Travel & Local,100000.0,0.0,3.3,256.0,Free
10472,IHG®: Hotel Deals & Rewards,TRAVEL_AND_LOCAL,Everyone,Travel & Local,1000000.0,0.0,4.3,18622.0,Free
10473,IndiGo,TRAVEL_AND_LOCAL,Everyone,Travel & Local,5000000.0,0.0,4.0,48082.0,Free
10474,IRIS : Customer Service - DZ Algeria,TRAVEL_AND_LOCAL,Everyone,Travel & Local,1000.0,0.0,4.7,57.0,Free
10475,JAL (Domestic and international flights),TRAVEL_AND_LOCAL,Everyone,Travel & Local,1000000.0,0.0,3.4,2277.0,Free
10476,JetBlue,TRAVEL_AND_LOCAL,Everyone,Travel & Local,1000000.0,0.0,4.4,24281.0,Free
10477,junainfo.dy.fi,TRAVEL_AND_LOCAL,Everyone,Travel & Local,100.0,0.0,,8.0,Free
10478,KakaoMap - Map / Navigation,TRAVEL_AND_LOCAL,Everyone,Travel & Local,10000000.0,0.0,4.1,76779.0,Free
10479,"KAYAK Flights, Hotels & Cars",TRAVEL_AND_LOCAL,Everyone,Travel & Local,10000000.0,0.0,4.5,216388.0,Free
10480,"KAYAK Flights, Hotels & Cars",TRAVEL_AND_LOCAL,Everyone,Travel & Local,10000000.0,0.0,4.5,216388.0,Free
10481,"KAYAK Flights, Hotels & Cars",TRAVEL_AND_LOCAL,Everyone,Travel & Local,10000000.0,0.0,4.5,216388.0,Free
10482,Kiosque CD,TRAVEL_AND_LOCAL,Everyone,Travel & Local,5.0,0.0,,0.0,Free
10483,KLM - Royal Dutch Airlines,TRAVEL_AND_LOCAL,Everyone,Travel & Local,1000000.0,0.0,3.7,7705.0,Free
10484,LateRooms: Find Hotel Deals,TRAVEL_AND_LOCAL,Everyone,Travel & Local,1000000.0,0.0,4.1,2419.0,Free
10485,Live Camera Viewer ★ World Webcam & IP Cam Streams,TRAVEL_AND_LOCAL,Everyone,Travel & Local,10000000.0,0.0,4.0,64164.0,Free
10486,Lufthansa,TRAVEL_AND_LOCAL,Everyone,Travel & Local,1000000.0,0.0,3.6,14544.0,Free
10487,MAIN,TRAVEL_AND_LOCAL,Everyone,Travel & Local,1000000.0,0.0,3.6,7081.0,Free
10488,MakeMyTrip-Flight Hotel Bus Cab IRCTC Rail Booking,TRAVEL_AND_LOCAL,Everyone,Travel & Local,10000000.0,0.0,4.3,599872.0,Free
10489,Map of Cyprus offline,TRAVEL_AND_LOCAL,Everyone,Travel & Local,10000.0,0.0,4.6,470.0,Free
10490,Maps - Navigate & Explore,TRAVEL_AND_LOCAL,Everyone,Travel & Local,1000000000.0,0.0,4.3,9235155.0,Free
10491,Maps - Navigate & Explore,TRAVEL_AND_LOCAL,Everyone,Travel & Local,1000000000.0,0.0,4.3,9235373.0,Free
10492,Maps - Navigate & Explore,TRAVEL_AND_LOCAL,Everyone,Travel & Local,1000000000.0,0.0,4.3,9231613.0,Free
10493,Maps & GPS Navigation OsmAnd+,TRAVEL_AND_LOCAL,Everyone,Travel & Local,100000.0,8.99,4.3,15209.0,Paid
10494,MAPS.ME – Offline Map and Travel Navigation,TRAVEL_AND_LOCAL,Everyone,Travel & Local,50000000.0,0.0,4.5,932870.0,Free
10495,Monastery of El Escorial,TRAVEL_AND_LOCAL,Everyone,Travel & Local,1000.0,1.99,,12.0,Paid
10496,myLPG.eu,TRAVEL_AND_LOCAL,Everyone,Travel & Local,50000.0,0.0,4.2,556.0,Free
10497,Navigation Plus,TRAVEL_AND_LOCAL,Everyone,Travel & Local,1000000.0,0.0,4.1,928.0,Free
10498,Navigator PRO - GPS Navigation with Offline Maps,TRAVEL_AND_LOCAL,Everyone,Travel & Local,50000.0,2.49,3.6,892.0,Paid
10499,Navmii GPS USA (Navfree),TRAVEL_AND_LOCAL,Everyone,Travel & Local,500000.0,0.0,4.0,5960.0,Free
10500,NTES,TRAVEL_AND_LOCAL,Everyone,Travel & Local,10000000.0,0.0,4.3,165299.0,Free
10501,Octo U: Your driving companion,TRAVEL_AND_LOCAL,Everyone,Travel & Local,50000.0,0.0,3.0,331.0,Free
10502,Official AL Fishing & Hunting,TRAVEL_AND_LOCAL,Everyone,Travel & Local,50000.0,0.0,4.2,1291.0,Free
10503,Offline Maps & Navigation,TRAVEL_AND_LOCAL,Everyone,Travel & Local,5000000.0,0.0,4.7,192641.0,Free
10504,Offline Maps & Navigation,TRAVEL_AND_LOCAL,Everyone,Travel & Local,5000000.0,0.0,4.7,193364.0,Free
10505,"Orbitz - Hotels, Flights & Package Deals",TRAVEL_AND_LOCAL,Everyone,Travel & Local,1000000.0,0.0,4.4,33256.0,Free
10506,"Orbitz - Hotels, Flights & Package Deals",TRAVEL_AND_LOCAL,Everyone,Travel & Local,1000000.0,0.0,4.4,33256.0,Free
10507,ORLANDO FLORIDA MAP,TRAVEL_AND_LOCAL,Everyone,Travel & Local,1000.0,0.0,,3.0,Free
10508,PagesJaunes - local search,TRAVEL_AND_LOCAL,Everyone,Travel & Local,10000000.0,0.0,3.8,43935.0,Free
10509,Passenger rights,TRAVEL_AND_LOCAL,Everyone,Travel & Local,50000.0,0.0,3.9,442.0,Free
10510,Phoenix and Arizona Cameras,TRAVEL_AND_LOCAL,Everyone,Travel & Local,10000.0,0.0,4.1,134.0,Free
10511,Portal AR - Step Into Scotland,TRAVEL_AND_LOCAL,Everyone,Travel & Local,5000.0,0.0,3.7,25.0,Free
10512,Poynt,TRAVEL_AND_LOCAL,Everyone,Travel & Local,5000000.0,0.0,4.0,26665.0,Free
10513,"Priceline Hotel Deals, Rental Cars & Flights",TRAVEL_AND_LOCAL,Everyone,Travel & Local,5000000.0,0.0,4.4,48930.0,Free
10514,"Priceline Hotel Deals, Rental Cars & Flights",TRAVEL_AND_LOCAL,Everyone,Travel & Local,5000000.0,0.0,4.4,48930.0,Free
10515,"Priceline Hotel Deals, Rental Cars & Flights",TRAVEL_AND_LOCAL,Everyone,Travel & Local,5000000.0,0.0,4.4,48930.0,Free
10516,Qatar Airways,TRAVEL_AND_LOCAL,Everyone,Travel & Local,1000000.0,0.0,4.3,11182.0,Free
10517,Restaurant Finder,TRAVEL_AND_LOCAL,Everyone,Travel & Local,1000000.0,0.0,4.1,12564.0,Free
10518,Restaurantführer Südbaden,TRAVEL_AND_LOCAL,Everyone,Travel & Local,1000.0,0.0,4.1,46.0,Free
10519,Santa Fe Map and Walks,TRAVEL_AND_LOCAL,Everyone,Travel & Local,1000.0,0.0,,2.0,Free
10520,Santa Fe VIP Tours,TRAVEL_AND_LOCAL,Everyone,Travel & Local,100.0,0.0,,1.0,Free
10521,Scout GPS Navigation & Meet Up,TRAVEL_AND_LOCAL,Everyone,Travel & Local,5000000.0,0.0,4.2,120373.0,Free
10522,search.ch,TRAVEL_AND_LOCAL,Everyone,Travel & Local,500000.0,0.0,4.4,11514.0,Free
10523,SHUTTLLS CQ - Connect Ride Go,TRAVEL_AND_LOCAL,Everyone,Travel & Local,5.0,0.0,,0.0,Free
10524,Siyaha Dz,TRAVEL_AND_LOCAL,Everyone,Travel & Local,10000.0,0.0,4.5,289.0,Free
10525,Skiplagged — Exclusive Flights & Hotels,TRAVEL_AND_LOCAL,Everyone,Travel & Local,1000000.0,0.0,4.6,10035.0,Free
10526,Skyscanner,TRAVEL_AND_LOCAL,Everyone,Travel & Local,10000000.0,0.0,4.5,481545.0,Free
10527,Skyscanner,TRAVEL_AND_LOCAL,Everyone,Travel & Local,10000000.0,0.0,4.5,481546.0,Free
10528,Skyscanner,TRAVEL_AND_LOCAL,Everyone,Travel & Local,10000000.0,0.0,4.5,481546.0,Free
10529,Skyscanner,TRAVEL_AND_LOCAL,Everyone,Travel & Local,10000000.0,0.0,4.5,481546.0,Free
10530,Skyscanner,TRAVEL_AND_LOCAL,Everyone,Travel & Local,10000000.0,0.0,4.5,481546.0,Free
10531,SNCF,TRAVEL_AND_LOCAL,Everyone,Travel & Local,5000000.0,0.0,3.4,15750.0,Free
10532,Southwest Airlines,TRAVEL_AND_LOCAL,Everyone,Travel & Local,5000000.0,0.0,3.9,24781.0,Free
10533,Southwest Airlines,TRAVEL_AND_LOCAL,Everyone,Travel & Local,5000000.0,0.0,3.9,24781.0,Free
10534,SPG: Starwood Hotels & Resorts,TRAVEL_AND_LOCAL,Everyone,Travel & Local,1000000.0,0.0,4.2,8258.0,Free
10535,Street Panorama View,TRAVEL_AND_LOCAL,Everyone,Travel & Local,1000000.0,0.0,4.2,40225.0,Free
10536,Sygic Truck GPS Navigation,TRAVEL_AND_LOCAL,Everyone,Travel & Local,1000000.0,0.0,4.2,18294.0,Free
10537,taxi.eu,TRAVEL_AND_LOCAL,Everyone,Travel & Local,100000.0,0.0,4.1,1865.0,Free
10538,The Emirates App,TRAVEL_AND_LOCAL,Everyone,Travel & Local,1000000.0,0.0,4.4,22748.0,Free
10539,The Emirates App,TRAVEL_AND_LOCAL,Everyone,Travel & Local,1000000.0,0.0,4.4,22776.0,Free
10540,The Florida Trail Guide,TRAVEL_AND_LOCAL,Everyone,Travel & Local,5000.0,0.0,4.3,100.0,Free
10541,Toppen af Danmark,TRAVEL_AND_LOCAL,Everyone,Travel & Local,5000.0,0.0,,8.0,Free
10542,To-U - free EV public charging,TRAVEL_AND_LOCAL,Everyone,Travel & Local,1000.0,0.0,4.4,75.0,Free
10543,Toyota Cruisers & Trucks Mag,TRAVEL_AND_LOCAL,Everyone,Travel & Local,500.0,0.0,4.5,10.0,Free
10544,TravelPirates,TRAVEL_AND_LOCAL,Everyone,Travel & Local,1000000.0,0.0,4.8,43054.0,Free
10545,Trip by Skyscanner - City & Travel Guide,TRAVEL_AND_LOCAL,Everyone,Travel & Local,500000.0,0.0,4.1,5150.0,Free
10546,trip.bg,TRAVEL_AND_LOCAL,Everyone,Travel & Local,1000.0,0.0,4.5,103.0,Free
10547,TripAdvisor Hotels Flights Restaurants Attractions,TRAVEL_AND_LOCAL,Everyone,Travel & Local,100000000.0,0.0,4.4,1162837.0,Free
10548,TripAdvisor Hotels Flights Restaurants Attractions,TRAVEL_AND_LOCAL,Everyone,Travel & Local,100000000.0,0.0,4.4,1162838.0,Free
10549,TripAdvisor Hotels Flights Restaurants Attractions,TRAVEL_AND_LOCAL,Everyone,Travel & Local,100000000.0,0.0,4.4,1162837.0,Free
10550,TripAdvisor Hotels Flights Restaurants Attractions,TRAVEL_AND_LOCAL,Everyone,Travel & Local,100000000.0,0.0,4.4,1162837.0,Free
10551,TripAdvisor Hotels Flights Restaurants Attractions,TRAVEL_AND_LOCAL,Everyone,Travel & Local,100000000.0,0.0,4.4,1162331.0,Free
10552,TripIt: Travel Organizer,TRAVEL_AND_LOCAL,Everyone,Travel & Local,1000000.0,0.0,4.4,49190.0,Free
10553,trivago: Hotels & Travel,TRAVEL_AND_LOCAL,Everyone,Travel & Local,50000000.0,0.0,4.2,219848.0,Free
10554,trivago: Hotels & Travel,TRAVEL_AND_LOCAL,Everyone,Travel & Local,50000000.0,0.0,4.2,219848.0,Free
10555,trivago: Hotels & Travel,TRAVEL_AND_LOCAL,Everyone,Travel & Local,50000000.0,0.0,4.2,219848.0,Free
10556,Turo - Better Than Car Rental,TRAVEL_AND_LOCAL,Everyone,Travel & Local,1000000.0,0.0,4.4,14114.0,Free
10557,U-Haul,TRAVEL_AND_LOCAL,Everyone,Travel & Local,100000.0,0.0,3.2,852.0,Free
10558,"Ultimate Public Campgrounds (Over 37,100 in US&CA)",TRAVEL_AND_LOCAL,Everyone,Travel & Local,5000.0,3.99,4.7,213.0,Paid
10559,United Airlines,TRAVEL_AND_LOCAL,Everyone,Travel & Local,5000000.0,0.0,3.5,30447.0,Free
10560,United Airlines,TRAVEL_AND_LOCAL,Everyone,Travel & Local,5000000.0,0.0,3.5,30447.0,Free
10561,Urbanspoon Restaurant Reviews,TRAVEL_AND_LOCAL,Everyone,Travel & Local,5000000.0,0.0,4.2,35560.0,Free
10562,US 115th CD,TRAVEL_AND_LOCAL,Everyone,Travel & Local,5.0,0.0,,0.0,Free
10563,US DV Lottery 2019,TRAVEL_AND_LOCAL,Everyone,Travel & Local,1000.0,0.0,4.6,14.0,Free
10564,US DV Lottery 2020 Apply,TRAVEL_AND_LOCAL,Everyone,Travel & Local,10000.0,0.0,4.6,41.0,Free
10565,"Victoria, BC | Tour City",TRAVEL_AND_LOCAL,Everyone,Travel & Local,1000.0,0.0,4.3,20.0,Free
10566,VZ Navigator,TRAVEL_AND_LOCAL,Everyone,Travel & Local,50000000.0,0.0,4.0,16101.0,Free
10567,VZ Navigator for Galaxy S4,TRAVEL_AND_LOCAL,Everyone,Travel & Local,5000000.0,0.0,3.0,2750.0,Free
10568,VZ Navigator for Tablets,TRAVEL_AND_LOCAL,Everyone,Travel & Local,500000.0,0.0,3.6,285.0,Free
10569,Where Am I At?,TRAVEL_AND_LOCAL,Everyone,Travel & Local,10000.0,0.0,3.8,39.0,Free
10570,Where Am I? GPS Loc,TRAVEL_AND_LOCAL,Everyone,Travel & Local,10000.0,0.0,4.6,68.0,Free
10571,Where is my Train : Indian Railway & PNR Status,TRAVEL_AND_LOCAL,Everyone,Travel & Local,10000000.0,0.0,4.7,620534.0,Free
10572,Where to travel - ticket. hotel. train ticket. car ticket. travel. tickets,TRAVEL_AND_LOCAL,Everyone,Travel & Local,1000000.0,0.0,4.2,5112.0,Free
10573,Wherever BQ,TRAVEL_AND_LOCAL,Teen,Travel & Local,50.0,0.0,,7.0,Free
10574,Wisepilot for XPERIA™,TRAVEL_AND_LOCAL,Everyone,Travel & Local,5000000.0,0.0,3.7,21443.0,Free
10575,World Travel Guide by Triposo,TRAVEL_AND_LOCAL,Everyone,Travel & Local,500000.0,0.0,4.4,6012.0,Free
10576,XE Currency,TRAVEL_AND_LOCAL,Everyone,Travel & Local,10000000.0,0.0,4.4,77585.0,Free
10577,XE Currency Pro,TRAVEL_AND_LOCAL,Everyone,Travel & Local,10000.0,1.99,4.4,1090.0,Paid
10578,"Yatra - Flights, Hotels, Bus, Trains & Cabs",TRAVEL_AND_LOCAL,Everyone,Travel & Local,10000000.0,0.0,4.5,251037.0,Free
10579,"Yelp: Food, Shopping, Services Nearby",TRAVEL_AND_LOCAL,Teen,Travel & Local,10000000.0,0.0,4.3,397422.0,Free
10580,"Yoriza Pension - travel, lodging, pension, camping, caravan, pool villas accommodation discount",TRAVEL_AND_LOCAL,Everyone,Travel & Local,1000000.0,0.0,4.8,17882.0,Free
10581,YouCamp EU,TRAVEL_AND_LOCAL,Everyone,Travel & Local,1000.0,2.56,3.4,39.0,Paid
10582,Zagat,TRAVEL_AND_LOCAL,Everyone,Travel & Local,100000.0,0.0,3.1,2528.0,Free
10583,4K VIDEO PLAYER ULTRA HD,VIDEO_PLAYERS,Everyone,Video Players & Editors,5000.0,0.0,3.7,20.0,Free
10584,AB Repeat Player,VIDEO_PLAYERS,Everyone,Video Players & Editors,100000.0,0.0,4.3,1628.0,Free
10585,A-B repeater,VIDEO_PLAYERS,Everyone,Video Players & Editors,5000.0,0.0,4.4,32.0,Free
10586,ActionDirector Video Editor - Edit Videos Fast,VIDEO_PLAYERS,Everyone,Video Players & Editors,5000000.0,0.0,4.5,74531.0,Free
10587,ACTIVEON CX & CX GOLD,VIDEO_PLAYERS,Everyone,Video Players & Editors,50000.0,0.0,3.3,439.0,Free
10588,Adobe Premiere Clip,VIDEO_PLAYERS,Everyone,Video Players & Editors,5000000.0,0.0,3.9,39495.0,Free
10589,AfreecaTV,VIDEO_PLAYERS,Everyone,Video Players & Editors,10000000.0,0.0,3.3,381023.0,Free
10590,AJ Player,VIDEO_PLAYERS,Everyone,Video Players & Editors,100.0,0.0,4.8,18.0,Free
10591,AK Lodi Films,VIDEO_PLAYERS,Everyone,Video Players & Editors,100.0,0.0,4.9,23.0,Free
10592,All Video Downloader,VIDEO_PLAYERS,Everyone,Video Players & Editors,10000000.0,0.0,3.8,165723.0,Free
10593,All Video Downloader 2018,VIDEO_PLAYERS,Everyone,Video Players & Editors,1000000.0,0.0,4.3,7557.0,Free
10594,amazer - Global Kpop Video Community,VIDEO_PLAYERS,Everyone 10+,Video Players & Editors,100000.0,0.0,4.3,1215.0,Free
10595,AndStream - Streaming Download,VIDEO_PLAYERS,Everyone,Video Players & Editors,1000000.0,0.0,4.3,38607.0,Free
10596,Art of F J Taylor,VIDEO_PLAYERS,Everyone,Video Players & Editors,10.0,0.0,,2.0,Free
10597,AV-IPTV,VIDEO_PLAYERS,Everyone,Video Players & Editors,1000.0,0.0,4.4,43.0,Free
10598,AW Screen Recorder No Root,VIDEO_PLAYERS,Everyone,Video Players & Editors,100000.0,0.0,4.3,1659.0,Free
10599,AX Player -Nougat Video Player,VIDEO_PLAYERS,Everyone,Video Players & Editors,1000000.0,0.0,4.1,15765.0,Free
10600,AX Video Player,VIDEO_PLAYERS,Everyone,Video Players & Editors,50000.0,0.0,4.4,569.0,Free
10601,Ay,VIDEO_PLAYERS,Teen,Video Players & Editors,5000.0,0.0,3.8,11.0,Free
10602,Ay Sabz Gunbad Waly,VIDEO_PLAYERS,Everyone,Video Players & Editors,1000.0,0.0,,4.0,Free
10603,A-Z Screen Recorder -,VIDEO_PLAYERS,Everyone,Video Players & Editors,500.0,0.0,,17.0,Free
10604,AZ Screen Recorder - No Root,VIDEO_PLAYERS,Everyone,Video Players & Editors,10000000.0,0.0,4.6,751911.0,Free
10605,BC iptv player,VIDEO_PLAYERS,Everyone,Video Players & Editors,1000.0,0.0,4.4,8.0,Free
10606,Bc Vod,VIDEO_PLAYERS,Everyone,Video Players & Editors,100.0,0.0,,1.0,Free
10607,BG MUSIC PLAYER - MUSIC PLAYER,VIDEO_PLAYERS,Everyone,Video Players & Editors,100.0,0.0,,0.0,Free
10608,BG video - floating video - background video,VIDEO_PLAYERS,Everyone,Video Players & Editors,5000.0,0.0,4.1,64.0,Free
10609,BGCN TV,VIDEO_PLAYERS,Everyone,Video Players & Editors,100000.0,0.0,3.4,4334.0,Free
10610,bgtime.tv,VIDEO_PLAYERS,Everyone,Video Players & Editors,50000.0,0.0,3.4,694.0,Free
10611,BitTorrent®- Torrent Downloads,VIDEO_PLAYERS,Everyone,Video Players & Editors,10000000.0,0.0,4.5,641219.0,Free
10612,BK News Channel,VIDEO_PLAYERS,Everyone,Video Players & Editors,10000.0,0.0,4.6,277.0,Free
10613,BluTV,VIDEO_PLAYERS,Teen,Video Players & Editors,1000000.0,0.0,3.9,28835.0,Free
10614,BR Series,VIDEO_PLAYERS,Teen,Video Players & Editors,50000.0,0.0,3.9,1016.0,Free
10615,BR Video Player,VIDEO_PLAYERS,Everyone,Video Players & Editors,5000.0,0.0,4.0,46.0,Free
10616,BS player remote,VIDEO_PLAYERS,Everyone,Video Players & Editors,10000.0,0.0,3.5,54.0,Free
10617,BSPlayer,VIDEO_PLAYERS,Everyone,Video Players & Editors,50000.0,5.99,4.2,4585.0,Paid
10618,BSPlayer ARMv7 VFP CPU support,VIDEO_PLAYERS,Everyone,Video Players & Editors,1000000.0,0.0,4.3,9966.0,Free
10619,BSPlayer FREE,VIDEO_PLAYERS,Everyone,Video Players & Editors,10000000.0,0.0,4.3,138337.0,Free
10620,Bx-WiFi-GI,VIDEO_PLAYERS,Everyone,Video Players & Editors,100.0,0.0,,0.0,Free
10621,BZ Langenthaler Tagblatt,VIDEO_PLAYERS,Everyone,Video Players & Editors,1000.0,0.0,,22.0,Free
10622,Cartoon Network App,VIDEO_PLAYERS,Everyone 10+,Video Players & Editors;Music & Video,10000000.0,0.0,4.0,119202.0,Free
10623,Casper Ssinema,VIDEO_PLAYERS,Everyone,Video Players & Editors,10000.0,0.0,3.3,1261.0,Free
10624,CI Stream,VIDEO_PLAYERS,Everyone,Video Players & Editors,10.0,0.0,,0.0,Free
10625,CINE BR,VIDEO_PLAYERS,Everyone,Video Players & Editors,1000.0,0.0,,23.0,Free
10626,CJ Camcorder,VIDEO_PLAYERS,Everyone,Video Players & Editors,500.0,0.0,4.7,3.0,Free
10627,CJ VLC HD Remote (+ Stream),VIDEO_PLAYERS,Everyone,Video Players & Editors,500000.0,0.0,4.2,4074.0,Free
10628,Code,VIDEO_PLAYERS,Everyone,Video Players & Editors,10000000.0,0.0,4.4,239242.0,Free
10629,CX Monthly Tech News,VIDEO_PLAYERS,Everyone,Video Players & Editors,500.0,0.0,,2.0,Free
10630,DG Screen Recorder,VIDEO_PLAYERS,Everyone,Video Players & Editors,500.0,0.0,3.3,12.0,Free
10631,DG UPnP Player Free,VIDEO_PLAYERS,Everyone,Video Players & Editors,10000.0,0.0,3.2,39.0,Free
10632,DG Video Editor,VIDEO_PLAYERS,Everyone,Video Players & Editors,10000.0,0.0,4.0,486.0,Free
10633,Downvids Helper - One touch DW,VIDEO_PLAYERS,Everyone,Video Players & Editors,10000.0,0.0,3.5,197.0,Free
10634,DR TV,VIDEO_PLAYERS,Mature 17+,Video Players & Editors,500000.0,0.0,3.3,6716.0,Free
10635,Droid Zap by Motorola,VIDEO_PLAYERS,Everyone,Video Players & Editors,5000000.0,0.0,3.8,2093.0,Free
10636,DS photo,VIDEO_PLAYERS,Everyone,Video Players & Editors,1000000.0,0.0,3.8,7335.0,Free
10637,DS video,VIDEO_PLAYERS,Everyone,Video Players & Editors,1000000.0,0.0,3.8,12443.0,Free
10638,DU Privacy-hide apps、sms、file,VIDEO_PLAYERS,Everyone,Video Players & Editors,1000000.0,0.0,4.4,21762.0,Free
10639,"DU Recorder – Screen Recorder, Video Editor, Live",VIDEO_PLAYERS,Everyone,Video Players & Editors,50000000.0,0.0,4.8,2588730.0,Free
10640,Dubsmash,VIDEO_PLAYERS,Teen,Video Players & Editors,100000000.0,0.0,4.2,1971777.0,Free
10641,DV Lottery Photo,VIDEO_PLAYERS,Everyone,Video Players & Editors,5000.0,0.0,2.9,23.0,Free
10642,dv Prompter,VIDEO_PLAYERS,Everyone,Video Players & Editors,50000.0,0.0,3.7,321.0,Free
10643,DZ Popup Video Player,VIDEO_PLAYERS,Everyone,Video Players & Editors,5000.0,0.0,4.5,83.0,Free
10644,"뽕티비 - 개인방송, 인터넷방송, BJ방송",VIDEO_PLAYERS,Mature 17+,Video Players & Editors,100000.0,0.0,,414.0,Free
10645,EC MANAGER,VIDEO_PLAYERS,Everyone,Video Players & Editors,100.0,0.0,,2.0,Free
10646,EF Sidekick,VIDEO_PLAYERS,Everyone,Video Players & Editors,5000.0,0.0,3.1,36.0,Free
10647,ek tuhi,VIDEO_PLAYERS,Everyone,Video Players & Editors,10000.0,0.0,4.7,316.0,Free
10648,EML UPnP-AV Control Point,VIDEO_PLAYERS,Everyone,Video Players & Editors,10000.0,0.0,3.0,78.0,Free
10649,ES Audio Player ( Shortcut ),VIDEO_PLAYERS,Everyone,Video Players & Editors,100000.0,0.0,4.2,1236.0,Free
10650,ES-IPTV,VIDEO_PLAYERS,Everyone,Video Players & Editors,50000.0,0.0,4.0,944.0,Free
10651,EZ game screen recorder with audio 1080P,VIDEO_PLAYERS,Everyone,Video Players & Editors,1000.0,0.0,4.1,40.0,Free
10652,Ez Screen Recorder (no ad),VIDEO_PLAYERS,Everyone,Video Players & Editors,100000.0,0.0,4.7,8696.0,Free
10653,EZ TV Player,VIDEO_PLAYERS,Everyone,Video Players & Editors,10000.0,0.0,3.5,51.0,Free
10654,EZ Usenet for Easynews®,VIDEO_PLAYERS,Everyone,Video Players & Editors,10000.0,0.0,3.9,244.0,Free
10655,EZ Web Video Cast | Chromecast,VIDEO_PLAYERS,Everyone,Video Players & Editors,100000.0,0.0,4.1,1276.0,Free
10656,EZCast – Cast Media to TV,VIDEO_PLAYERS,Everyone,Video Players & Editors,1000000.0,0.0,3.6,32112.0,Free
10657,EZ-SEE,VIDEO_PLAYERS,Everyone,Video Players & Editors,10000.0,0.0,2.8,71.0,Free
10658,FilmoraGo - Free Video Editor,VIDEO_PLAYERS,Everyone,Video Players & Editors,10000000.0,0.0,4.4,238459.0,Free
10659,Flud (Ad free),VIDEO_PLAYERS,Everyone,Video Players & Editors,10000.0,1.49,4.8,5639.0,Paid
10660,Free TV series,VIDEO_PLAYERS,Teen,Video Players & Editors,100000.0,0.0,3.7,400.0,Free
10661,FrostWire: Torrent Downloader & Music Player,VIDEO_PLAYERS,Everyone,Video Players & Editors,10000000.0,0.0,4.1,253207.0,Free
10662,Funny videos for whatsapp,VIDEO_PLAYERS,Everyone,Video Players & Editors,1000000.0,0.0,4.4,3066.0,Free
10663,Furrion ES Control,VIDEO_PLAYERS,Everyone,Video Players & Editors,5000.0,0.0,1.8,26.0,Free
10664,G Guide Program Guide (SOFTBANK EMOBILE WILLCOM version),VIDEO_PLAYERS,Everyone,Video Players & Editors,1000000.0,0.0,3.1,2689.0,Free
10665,GoAction,VIDEO_PLAYERS,Everyone,Video Players & Editors,100000.0,0.0,3.6,1522.0,Free
10666,Google Play Movies & TV,VIDEO_PLAYERS,Teen,Video Players & Editors,1000000000.0,0.0,3.7,906384.0,Free
10667,GoPlus Cam,VIDEO_PLAYERS,Everyone,Video Players & Editors,500000.0,0.0,3.5,3484.0,Free
10668,HD Movie Video Player,VIDEO_PLAYERS,Everyone,Video Players & Editors,1000000.0,0.0,4.5,18699.0,Free
10669,HD Video Download for Facebook,VIDEO_PLAYERS,Everyone,Video Players & Editors,1000000.0,0.0,4.4,20755.0,Free
10670,HD Video Downloader : 2018 Best video mate,VIDEO_PLAYERS,Everyone,Video Players & Editors,50000000.0,0.0,3.7,430643.0,Free
10671,HD Video Player,VIDEO_PLAYERS,Everyone,Video Players & Editors,1000000.0,0.0,4.3,1551.0,Free
10672,HD Video Player - Video & MP3 Player | AV Player |,VIDEO_PLAYERS,Everyone,Video Players & Editors,5000.0,0.0,4.4,22.0,Free
10673,"HD Video Player (wmv,avi,mp4,flv,av,mpg,mkv)2017",VIDEO_PLAYERS,Everyone,Video Players & Editors,10000.0,0.0,3.3,171.0,Free
10674,HD VideoDownlaoder For Fb : XXVideo Downloader,VIDEO_PLAYERS,Everyone,Video Players & Editors,10000.0,0.0,4.2,61.0,Free
10675,HTC Gallery,VIDEO_PLAYERS,Everyone,Video Players & Editors,10000000.0,0.0,4.1,45744.0,Free
10676,HTC Service － DLNA,VIDEO_PLAYERS,Everyone,Video Players & Editors,10000000.0,0.0,3.9,3484.0,Free
10677,HTC Service—Video Player,VIDEO_PLAYERS,Everyone,Video Players & Editors,5000000.0,0.0,4.2,6449.0,Free
10678,iMediaShare – Photos & Music,VIDEO_PLAYERS,Everyone,Video Players & Editors,10000000.0,0.0,4.2,104551.0,Free
10679,Inst Download - Video & Photo,VIDEO_PLAYERS,Everyone,Video Players & Editors,10000000.0,0.0,4.6,148715.0,Free
10680,iPlayIT for YouTube VR Player,VIDEO_PLAYERS,Teen,Video Players & Editors,1000000.0,0.0,4.3,5879.0,Free
10681,Iqiyi (for tablet),VIDEO_PLAYERS,Teen,Video Players & Editors,1000000.0,0.0,3.6,12764.0,Free
10682,iSmart DV,VIDEO_PLAYERS,Everyone,Video Players & Editors,1000000.0,0.0,3.6,5692.0,Free
10683,KineMaster – Pro Video Editor,VIDEO_PLAYERS,Everyone,Video Players & Editors,50000000.0,0.0,4.5,1013867.0,Free
10684,LIKE – Magic Video Maker & Community,VIDEO_PLAYERS,Teen,Video Players & Editors,50000000.0,0.0,4.6,921868.0,Free
10685,List iptv FR,VIDEO_PLAYERS,Everyone,Video Players & Editors,100.0,0.0,,1.0,Free
10686,Magisto Video Editor & Maker,VIDEO_PLAYERS,Everyone,Video Players & Editors,10000000.0,0.0,4.3,960726.0,Free
10687,MelifeCam-M,VIDEO_PLAYERS,Everyone,Video Players & Editors,10000.0,0.0,3.5,81.0,Free
10688,MiniMovie - Free Video and Slideshow Editor,VIDEO_PLAYERS,Everyone,Video Players & Editors,50000000.0,0.0,4.5,504823.0,Free
10689,"Mobizen Screen Recorder for LG - Record, Capture",VIDEO_PLAYERS,Everyone,Video Players & Editors,1000000.0,0.0,4.5,58820.0,Free
10690,Mobizen Screen Recorder for SAMSUNG,VIDEO_PLAYERS,Everyone,Video Players & Editors,10000000.0,0.0,4.4,953894.0,Free
10691,Motorola FM Radio,VIDEO_PLAYERS,Everyone,Video Players & Editors,100000000.0,0.0,3.9,54807.0,Free
10692,Motorola FM Radio,VIDEO_PLAYERS,Everyone,Video Players & Editors,100000000.0,0.0,3.9,54815.0,Free
10693,Motorola Gallery,VIDEO_PLAYERS,Everyone,Video Players & Editors,100000000.0,0.0,3.9,121916.0,Free
10694,Movie Downloader Torrent : Az Torrent,VIDEO_PLAYERS,Everyone,Video Players & Editors,1000.0,0.0,4.7,70.0,Free
10695,M-Sight Pro,VIDEO_PLAYERS,Everyone,Video Players & Editors,5000.0,0.0,3.3,30.0,Free
10696,Multiple Videos at Same Time,VIDEO_PLAYERS,Everyone,Video Players & Editors,1000000.0,0.0,4.4,4706.0,Free
10697,Music - Mp3 Player,VIDEO_PLAYERS,Everyone,Video Players & Editors,10000000.0,0.0,4.4,259605.0,Free
10698,"Music for Youtube - Tube Music BG, Red+",VIDEO_PLAYERS,Teen,Video Players & Editors,1000.0,0.0,4.3,47.0,Free
10699,MX Player,VIDEO_PLAYERS,Everyone,Video Players & Editors,500000000.0,0.0,4.5,6474426.0,Free
10700,MX Player,VIDEO_PLAYERS,Everyone,Video Players & Editors,500000000.0,0.0,4.5,6474672.0,Free
10701,MX Player,VIDEO_PLAYERS,Everyone,Video Players & Editors,500000000.0,0.0,4.5,6469179.0,Free
10702,Naruto Shippuden - Watch Free!,VIDEO_PLAYERS,Teen,Video Players & Editors,10000000.0,0.0,3.9,141515.0,Free
10703,Nero AirBurn,VIDEO_PLAYERS,Everyone,Video Players & Editors,100000.0,0.0,4.2,1008.0,Free
10704,OBJECTIVE,VIDEO_PLAYERS,Teen,Video Players & Editors,1000000.0,0.0,3.8,19738.0,Free
10705,"Omlet Arcade - Stream, Meet, Play",VIDEO_PLAYERS,Teen,Video Players & Editors,10000000.0,0.0,4.4,169965.0,Free
10706,OnePlus Gallery,VIDEO_PLAYERS,Everyone,Video Players & Editors,1000000.0,0.0,3.8,5555.0,Free
10707,Online TV CZ/SK PRO,VIDEO_PLAYERS,Everyone,Video Players & Editors,1000.0,0.99,3.1,167.0,Paid
10708,Play Tube,VIDEO_PLAYERS,Everyone,Video Players & Editors,1000000.0,0.0,4.3,15874.0,Free
10709,"PowerDirector Video Editor App: 4K, Slow Mo & More",VIDEO_PLAYERS,Everyone,Video Players & Editors,10000000.0,0.0,4.5,714665.0,Free
10710,"PowerDirector Video Editor App: 4K, Slow Mo & More",VIDEO_PLAYERS,Everyone,Video Players & Editors,10000000.0,0.0,4.5,712737.0,Free
10711,Q-See Plus,VIDEO_PLAYERS,Everyone,Video Players & Editors,5000.0,0.0,2.2,32.0,Free
10712,"Quik – Free Video Editor for photos, clips, music",VIDEO_PLAYERS,Everyone,Video Players & Editors,10000000.0,0.0,4.7,696665.0,Free
10713,Ringdroid,VIDEO_PLAYERS,Everyone,Video Players & Editors,50000000.0,0.0,4.4,326232.0,Free
10714,Samsung Video Library,VIDEO_PLAYERS,Everyone,Video Players & Editors,50000000.0,0.0,4.4,25922.0,Free
10715,Sketch 'n' go,VIDEO_PLAYERS,Everyone,Video Players & Editors,100000.0,0.0,3.8,3965.0,Free
10716,SVT Play,VIDEO_PLAYERS,Teen,Video Players & Editors,1000000.0,0.0,3.7,11549.0,Free
10717,Tencent Video - Supporting the whole network,VIDEO_PLAYERS,Teen,Video Players & Editors,1000000.0,0.0,3.5,13205.0,Free
10718,tTorrent - ad free,VIDEO_PLAYERS,Everyone,Video Players & Editors,10000.0,1.99,4.3,2976.0,Paid
10719,Ustream,VIDEO_PLAYERS,Mature 17+,Video Players & Editors,10000000.0,0.0,4.0,93638.0,Free
10720,Video Downloader,VIDEO_PLAYERS,Everyone,Video Players & Editors,10000000.0,0.0,4.2,59089.0,Free
10721,Video Downloader,VIDEO_PLAYERS,Everyone,Video Players & Editors,10000000.0,0.0,4.2,58981.0,Free
10722,Video Downloader - for Instagram Repost App,VIDEO_PLAYERS,Everyone,Video Players & Editors,10000000.0,0.0,4.8,332623.0,Free
10723,Video Downloader for FB : Video Download with Link,VIDEO_PLAYERS,Everyone,Video Players & Editors,100000.0,0.0,4.5,1060.0,Free
10724,Video Editor,VIDEO_PLAYERS,Everyone,Video Players & Editors;Creativity,5000000.0,0.0,4.1,159622.0,Free
10725,Video Editor,VIDEO_PLAYERS,Everyone,Video Players & Editors,100000.0,0.0,3.8,1156.0,Free
10726,"Video Editor,Crop Video,Movie Video,Music,Effects",VIDEO_PLAYERS,Everyone,Video Players & Editors,1000000.0,0.0,4.7,53006.0,Free
10727,video player,VIDEO_PLAYERS,Everyone,Video Players & Editors,1000000.0,0.0,4.4,26421.0,Free
10728,Video Player All Format,VIDEO_PLAYERS,Everyone,Video Players & Editors,10000000.0,0.0,4.8,259003.0,Free
10729,Video Player All Format,VIDEO_PLAYERS,Everyone,Video Players & Editors,10000000.0,0.0,4.8,258277.0,Free
10730,Video Player All Format for Android,VIDEO_PLAYERS,Everyone,Video Players & Editors,500000.0,0.0,4.6,3930.0,Free
10731,video player for android,VIDEO_PLAYERS,Everyone,Video Players & Editors,10000000.0,0.0,4.5,351168.0,Free
10732,Video Status,VIDEO_PLAYERS,Everyone,Video Players & Editors,1000000.0,0.0,4.3,6685.0,Free
10733,Video Wallpaper Show,VIDEO_PLAYERS,Everyone,Video Players & Editors,500.0,0.0,,0.0,Free
10734,Video.Guru - Video Maker,VIDEO_PLAYERS,Everyone,Video Players & Editors,1000000.0,0.0,4.6,36969.0,Free
10735,Videos downloader for Facebook:fast fb video saver,VIDEO_PLAYERS,Everyone,Video Players & Editors,5000.0,0.0,4.3,20.0,Free
10736,"VideoShow-Video Editor, Video Maker, Beauty Camera",VIDEO_PLAYERS,Everyone,Video Players & Editors,100000000.0,0.0,4.6,4016834.0,Free
10737,VidPlay,VIDEO_PLAYERS,Everyone,Video Players & Editors,1000000.0,0.0,4.2,3546.0,Free
10738,Vigo Video,VIDEO_PLAYERS,Teen,Video Players & Editors,50000000.0,0.0,4.3,1615596.0,Free
10739,Vigo Video,VIDEO_PLAYERS,Teen,Video Players & Editors,50000000.0,0.0,4.3,1615418.0,Free
10740,VivaVideo - Video Editor & Photo Movie,VIDEO_PLAYERS,Teen,Video Players & Editors,100000000.0,0.0,4.6,9879473.0,Free
10741,VLC for Android,VIDEO_PLAYERS,Everyone,Video Players & Editors,100000000.0,0.0,4.4,1032076.0,Free
10742,VLC for Android,VIDEO_PLAYERS,Everyone,Video Players & Editors,100000000.0,0.0,4.4,1031045.0,Free
10743,VMate,VIDEO_PLAYERS,Teen,Video Players & Editors,50000000.0,0.0,4.2,192677.0,Free
10744,Vote for,VIDEO_PLAYERS,Teen,Video Players & Editors,50000000.0,0.0,4.2,193381.0,Free
10745,VPlayer,VIDEO_PLAYERS,Everyone,Video Players & Editors,1000000.0,0.0,3.6,5639.0,Free
10746,VUE: video editor & camcorder,VIDEO_PLAYERS,Everyone,Video Players & Editors,1000000.0,0.0,4.4,38630.0,Free
10747,Vuze Torrent Downloader,VIDEO_PLAYERS,Everyone,Video Players & Editors,1000000.0,0.0,4.1,24565.0,Free
10748,W Box VMS,VIDEO_PLAYERS,Everyone,Video Players & Editors,10000.0,0.0,1.9,105.0,Free
10749,W Box VMS HD,VIDEO_PLAYERS,Everyone,Video Players & Editors,5000.0,0.0,2.5,24.0,Free
10750,WiFi Baby Monitor - NannyCam,VIDEO_PLAYERS,Everyone,Video Players & Editors,5000000.0,0.0,4.1,29867.0,Free
10751,XX HD Video downloader-Free Video Downloader,VIDEO_PLAYERS,Everyone,Video Players & Editors,1000000.0,0.0,4.1,7624.0,Free
10752,"YouCut - Video Editor & Video Maker, No Watermark",VIDEO_PLAYERS,Everyone,Video Players & Editors,5000000.0,0.0,4.6,98819.0,Free
10753,YourTube Video Views BG,VIDEO_PLAYERS,Everyone,Video Players & Editors,500.0,0.0,,8.0,Free
10754,YouTube,VIDEO_PLAYERS,Teen,Video Players & Editors,1000000000.0,0.0,4.3,25655305.0,Free
10755,YouTube,VIDEO_PLAYERS,Teen,Video Players & Editors,1000000000.0,0.0,4.3,25623548.0,Free
10756,YouTube Studio,VIDEO_PLAYERS,Teen,Video Players & Editors,10000000.0,0.0,4.3,436921.0,Free
10757,YouTube Studio,VIDEO_PLAYERS,Teen,Video Players & Editors,10000000.0,0.0,4.3,436170.0,Free
10758,AccuWeather: Daily Forecast & Live Weather Reports,WEATHER,Everyone,Weather,50000000.0,0.0,4.4,2053404.0,Free
10759,AccuWeather: Daily Forecast & Live Weather Reports,WEATHER,Everyone,Weather,50000000.0,0.0,4.4,2052407.0,Free
10760,AEMET's time,WEATHER,Everyone,Weather,1000000.0,0.0,3.8,15966.0,Free
10761,Ag Weather Tools,WEATHER,Everyone,Weather,500.0,0.0,,0.0,Free
10762,Amber Weather,WEATHER,Everyone 10+,Weather,10000000.0,0.0,4.4,260137.0,Free
10763,APE Weather ( Live Forecast),WEATHER,Everyone,Weather,5000000.0,0.0,4.3,20008.0,Free
10764,Au Weather Free,WEATHER,Everyone,Weather,100000.0,0.0,4.0,1185.0,Free
10765,ByssWeather for Wear OS,WEATHER,Everyone,Weather,1000000.0,0.0,4.2,19666.0,Free
10766,"Clearwater, FL - weather and more",WEATHER,Everyone,Weather,10.0,0.0,,0.0,Free
10767,Climatempo Lite - 15 day weather forecast,WEATHER,Everyone,Weather,100000.0,0.0,4.0,634.0,Free
10768,DS Barometer - Altimeter and Weather Information,WEATHER,Everyone,Weather,100000.0,0.0,3.9,2962.0,Free
10769,DS Thermometer,WEATHER,Everyone,Weather,100000.0,0.0,3.7,631.0,Free
10770,EZ Clock & Weather Widget,WEATHER,Everyone,Weather,1000000.0,0.0,4.2,6849.0,Free
10771,Florida Storms,WEATHER,Everyone,Weather,10000.0,0.0,3.8,116.0,Free
10772,Florida Tides & Weather,WEATHER,Everyone,Weather,1000.0,6.99,3.8,30.0,Paid
10773,ForecaWeather,WEATHER,Everyone,Weather,1000000.0,0.0,4.2,18425.0,Free
10774,FR Tides,WEATHER,Everyone,Weather,100000.0,0.0,3.8,1195.0,Free
10775,Free live weather on screen,WEATHER,Everyone,Weather,1000000.0,0.0,4.4,15370.0,Free
10776,Fu*** Weather (Funny Weather),WEATHER,Mature 17+,Weather,1000000.0,0.0,4.7,20001.0,Free
10777,"GO Weather - Widget, Theme, Wallpaper, Efficient",WEATHER,Everyone,Weather,50000000.0,0.0,4.5,1422858.0,Free
10778,GO Weather EX Theme White,WEATHER,Everyone,Weather,500000.0,0.0,4.2,8723.0,Free
10779,HTC Weather,WEATHER,Everyone,Weather,10000000.0,0.0,3.9,22154.0,Free
10780,HumorCast - Authentic Weather,WEATHER,Teen,Weather,100000.0,0.0,4.4,6495.0,Free
10781,Info BMKG,WEATHER,Everyone,Weather,1000000.0,0.0,4.3,21404.0,Free
10782,Klara weather,WEATHER,Everyone,Weather,500000.0,0.0,4.6,36900.0,Free
10783,Klart.se - Sweden's best weather,WEATHER,Everyone,Weather,1000000.0,0.0,3.6,7623.0,Free
10784,Live Weather & Daily Local Weather Forecast,WEATHER,Everyone,Weather,1000000.0,0.0,4.5,13426.0,Free
10785,Live Weather Pro,WEATHER,Everyone,Weather,10000.0,0.0,4.8,892.0,Free
10786,Local weather Forecast,WEATHER,Everyone,Weather,1000000.0,0.0,4.4,5482.0,Free
10787,Local Weather Forecast & Visual Widget,WEATHER,Everyone,Weather,500000.0,0.0,4.5,3478.0,Free
10788,Météo Algérie DZ,WEATHER,Everyone,Weather,100000.0,0.0,4.1,1238.0,Free
10789,Météociel,WEATHER,Everyone,Weather,500000.0,0.0,4.5,29344.0,Free
10790,METEO FRANCE,WEATHER,Everyone,Weather,5000000.0,0.0,3.9,100994.0,Free
10791,MIUI Style GO Weather EX,WEATHER,Everyone,Weather,500000.0,0.0,4.2,2115.0,Free
10792,Moonlight GO Weather EX,WEATHER,Everyone,Weather,1000000.0,0.0,4.2,11510.0,Free
10793,My Earthquake Alerts - US & Worldwide Earthquakes,WEATHER,Everyone,Weather,100000.0,0.0,4.4,3471.0,Free
10794,MyRadar NOAA Weather Radar,WEATHER,Everyone,Weather,10000000.0,0.0,4.5,178934.0,Free
10795,MyRadar NOAA Weather Radar Ad Free,WEATHER,Everyone,Weather,10000.0,2.99,4.5,3005.0,Paid
10796,New 2018 Weather App & Widget,WEATHER,Teen,Weather,500000.0,0.0,4.5,2332.0,Free
10797,RadarNow!,WEATHER,Everyone,Weather,5000000.0,0.0,4.5,54090.0,Free
10798,Rainfall radar - weather,WEATHER,Everyone,Weather,5000000.0,0.0,3.7,26941.0,Free
10799,Real time Weather Forecast,WEATHER,Everyone,Weather,1000000.0,0.0,4.4,4184.0,Free
10800,Skywatch BL,WEATHER,Everyone,Weather,1000.0,0.0,,15.0,Free
10801,SMHI Weather,WEATHER,Everyone,Weather,1000000.0,0.0,3.5,11297.0,Free
10802,"St. Petersburg, FL - weather and more",WEATHER,Everyone,Weather,10.0,0.0,,0.0,Free
10803,Storm Radar: Tornado Tracker & Hurricane Alerts,WEATHER,Everyone,Weather,1000000.0,0.0,4.6,89868.0,Free
10804,Storm Shield,WEATHER,Everyone,Weather,100000.0,0.0,3.5,2000.0,Free
10805,Sun & Moon AR Locator,WEATHER,Everyone,Weather,10000.0,0.0,3.3,115.0,Free
10806,The Weather Channel: Rain Forecast & Storm Alerts,WEATHER,Everyone,Weather,50000000.0,0.0,4.4,1558437.0,Free
10807,The Weather Network,WEATHER,Everyone,Weather,5000000.0,0.0,3.9,135337.0,Free
10808,W - Weather Forecast & Animated Radar Maps,WEATHER,Everyone,Weather,5000.0,0.0,4.2,29.0,Free
10809,W Pro - Weather Forecast & Animated Weather Maps,WEATHER,Everyone,Weather,500.0,1.99,3.8,11.0,Paid
10810,Weather,WEATHER,Everyone,Weather,10000000.0,0.0,4.2,18773.0,Free
10811,weather - weather forecast,WEATHER,Everyone,Weather,1000000.0,0.0,4.7,11118.0,Free
10812,Weather & Clock Widget for Android,WEATHER,Everyone,Weather,50000000.0,0.0,4.4,2371543.0,Free
10813,Weather & Radar Pro - Ad-Free,WEATHER,Everyone,Weather,100000.0,2.99,4.5,25243.0,Paid
10814,Weather 14 Days,WEATHER,Everyone,Weather,10000000.0,0.0,4.4,279917.0,Free
10815,Weather –Simple weather forecast,WEATHER,Everyone,Weather,10000000.0,0.0,4.4,40606.0,Free
10816,Weather by eltiempo.es,WEATHER,Everyone,Weather,5000000.0,0.0,4.2,67772.0,Free
10817,Weather by eltiempo.es,WEATHER,Everyone,Weather,5000000.0,0.0,4.2,67854.0,Free
10818,"Weather by WeatherBug: Forecast, Radar & Alerts",WEATHER,Everyone,Weather,10000000.0,0.0,4.5,981995.0,Free
10819,Weather BZ,WEATHER,Everyone,Weather,100000.0,0.0,4.4,8433.0,Free
10820,Weather Crave,WEATHER,Everyone,Weather,5000000.0,0.0,4.2,133338.0,Free
10821,Weather Data CH,WEATHER,Everyone,Weather,500.0,2.99,,15.0,Paid
10822,Weather forecast,WEATHER,Everyone,Weather,1000000.0,0.0,4.8,159455.0,Free
10823,Weather Forecast Pro,WEATHER,Everyone,Weather,100000.0,3.99,4.7,14051.0,Paid
10824,Weather From DMI/YR,WEATHER,Everyone,Weather,100000.0,0.0,4.3,2143.0,Free
10825,Weather Live,WEATHER,Everyone,Weather,500000.0,5.99,4.5,76593.0,Paid
10826,Weather Live Pro,WEATHER,Everyone,Weather,100000.0,4.49,4.8,17493.0,Paid
10827,Weather Radar Widget,WEATHER,Everyone,Weather,1000000.0,0.0,4.3,18194.0,Free
10828,"WeatherClear - Ad-free Weather, Minute forecast",WEATHER,Everyone,Weather,50000.0,0.0,4.5,3252.0,Free
10829,WebCams,WEATHER,Everyone,Weather,100000.0,0.0,4.6,3963.0,Free
10830,Wetter by t-online.de,WEATHER,Everyone,Weather,1000000.0,0.0,4.2,24349.0,Free
10831,wetter.com - Weather and Radar,WEATHER,Everyone,Weather,10000000.0,0.0,4.2,189313.0,Free
10832,wetter.com - Weather and Radar,WEATHER,Everyone,Weather,10000000.0,0.0,4.2,189310.0,Free
10833,Wind & Weather Meter for Ag,WEATHER,Everyone,Weather,1000.0,0.0,,3.0,Free
10834,Windguru Lite,WEATHER,Everyone,Weather,1000000.0,0.0,4.0,9307.0,Free
10835,World Webcams,WEATHER,Everyone,Weather,1000000.0,0.0,3.7,7896.0,Free
10836,WSVN • South Florida's Source for Weather,WEATHER,Everyone,Weather,1000.0,0.0,,7.0,Free
10837,Yahoo Weather,WEATHER,Everyone,Weather,10000000.0,0.0,4.4,1312037.0,Free
10838,Yahoo! Weather for SH Forecast for understanding the approach of rain clouds Free,WEATHER,Everyone,Weather,1000000.0,0.0,4.2,7457.0,Free
10839,Yandex.Weather,WEATHER,Everyone,Weather,10000000.0,0.0,4.5,309617.0,Free
10840,Zebra,EDUCATION,Everyone,Education,500.0,0,5,50.0,Free
